product_code,category,n_obs,positive_obs,total_units,mean_units,n_stores,n_weeks,unique_prices,mean_price,std_price,promo_rate,positive_rate,price_cv
FOODS_3_156,FOODS_3,2614,2614,43654.0,16.700077,10,277,9,3.8667867,0.15388401,0.001530221882172915,1.0,0.039796352
FOODS_3_697,FOODS_3,2704,2704,100313.0,37.098003,10,277,6,3.041435,0.16969627,0.04326923076923077,1.0,0.055794805
FOODS_3_473,FOODS_3,2615,2615,99791.0,38.160995,10,277,6,3.8685658,0.14603679,0.0,1.0,0.037749596
FOODS_3_668,FOODS_3,2770,2770,138544.0,50.015884,10,277,3,1.6045488,0.076324634,0.0,1.0,0.04756766
FOODS_3_795,FOODS_3,1395,1395,29500.0,21.146954,10,140,2,2.9748387,0.039023574,0.0,1.0,0.013117879
FOODS_3_586,FOODS_3,2770,2769,931155.0,336.15704,10,277,3,1.5944043,0.07215222,0.0,0.9996389891696751,0.0452534
FOODS_3_555,FOODS_3,2770,2769,497266.0,179.51842,10,277,3,1.5943682,0.072184436,0.0,0.9996389891696751,0.045274634
FOODS_3_080,FOODS_3,2770,2769,265533.0,95.86029,10,277,3,1.5943682,0.072184436,0.0,0.9996389891696751,0.045274634
FOODS_3_661,FOODS_3,1081,1080,28493.0,26.358002,10,109,1,3.28,0.0,0.0,0.9990749306197965,0.0
FOODS_1_200,FOODS_1,1007,1006,37042.0,36.784508,10,104,2,0.9722542,0.015814003,0.0,0.9990069513406157,0.016265295
FOODS_3_694,FOODS_3,2770,2767,395434.0,142.75595,10,277,3,1.6045127,0.07631259,0.0,0.9989169675090253,0.047561225
FOODS_3_252,FOODS_3,2770,2767,572962.0,206.84549,10,277,2,1.5192779,0.048845682,0.0,0.9989169675090253,0.03215059
FOODS_3_499,FOODS_3,1549,1547,125783.0,81.20271,10,156,2,2.5042608,0.015415811,0.0,0.9987088444157521,0.006155833
HOUSEHOLD_1_334,HOUSEHOLD_1,2075,2072,173817.0,83.76723,10,208,3,0.97638553,0.006988484,0.0,0.9985542168674699,0.0071575046
FOODS_3_458,FOODS_3,2754,2750,168203.0,61.07589,10,277,6,1.9022949,0.047406778,0.0,0.9985475671750181,0.024920836
HOUSEHOLD_1_473,HOUSEHOLD_1,1852,1849,58995.0,31.854752,10,196,4,2.0901403,0.15337363,0.0,0.9983801295896328,0.07337958
HOUSEHOLD_1_306,HOUSEHOLD_1,1151,1149,23450.0,20.373589,10,116,2,1.9691572,0.028591312,0.0008688097306689834,0.998262380538662,0.0145195685
FOODS_3_228,FOODS_3,2770,2765,142370.0,51.397114,10,277,3,1.5944043,0.07215222,0.0,0.9981949458483754,0.0452534
FOODS_3_714,FOODS_3,2770,2764,401584.0,144.97617,10,277,2,1.5230325,0.04952111,0.0,0.9978339350180505,0.032514807
FOODS_3_232,FOODS_3,2704,2698,33390.0,12.348372,10,277,8,3.0405104,0.17041536,0.04400887573964497,0.9977810650887574,0.056048274
HOUSEHOLD_1_019,HOUSEHOLD_1,2072,2067,125446.0,60.543438,10,208,3,0.9763755,0.00699314,0.0,0.9975868725868726,0.007162347
FOODS_3_226,FOODS_3,2770,2763,367868.0,132.80434,10,277,3,1.6045488,0.076324634,0.0,0.9974729241877256,0.04756766
HOUSEHOLD_1_197,HOUSEHOLD_1,2770,2759,27906.0,10.0743685,10,277,8,4.8640327,0.15800121,0.009386281588447653,0.996028880866426,0.032483585
HOBBIES_1_148,HOBBIES_1,1629,1622,15403.0,9.455494,10,164,1,4.88,0.0,0.0,0.9957028852056476,0.0
HOUSEHOLD_1_459,HOUSEHOLD_1,2076,2066,172832.0,83.25241,10,208,3,0.97638726,0.00698725,0.0,0.9951830443159922,0.007156228
HOUSEHOLD_1_122,HOUSEHOLD_1,2459,2447,34524.0,14.039854,10,247,2,2.2618868,0.017276356,0.005286701911346075,0.9951199674664498,0.0076380284
HOUSEHOLD_1_539,HOUSEHOLD_1,2444,2432,27534.0,11.265958,10,246,5,3.6590714,0.32194275,0.005319148936170213,0.9950900163666121,0.08798482
FOODS_1_085,FOODS_1,2770,2756,150937.0,54.48989,10,277,4,0.97641873,0.014911251,0.0,0.9949458483754513,0.015271369
FOODS_1_046,FOODS_1,2770,2756,127730.0,46.11191,10,277,4,0.97642595,0.014917826,0.0,0.9949458483754513,0.01527799
HOUSEHOLD_1_262,HOUSEHOLD_1,1601,1592,44742.0,27.946283,10,161,1,0.97,0.0,0.0,0.9943785134291068,0.0
HOUSEHOLD_1_536,HOUSEHOLD_1,1180,1173,18219.0,15.439831,10,118,3,2.958407,0.0343435,0.0,0.9940677966101695,0.011608781
FOODS_1_018,FOODS_1,2770,2753,136059.0,49.118774,10,277,4,0.9747942,0.017530173,0.0,0.9938628158844766,0.01798346
HOUSEHOLD_1_409,HOUSEHOLD_1,1853,1841,106643.0,57.551537,10,196,3,2.9610794,0.03169986,0.07015650296815974,0.9935240151106314,0.010705508
HOUSEHOLD_1_225,HOUSEHOLD_1,1847,1835,38280.0,20.7255,10,196,2,1.6753438,0.08507201,0.0,0.9935029778018408,0.05077884
HOUSEHOLD_1_247,HOUSEHOLD_1,2762,2743,62340.0,22.5706,10,277,1,0.97,0.0,0.0,0.9931209268645909,0.0
FOODS_3_756,FOODS_3,2754,2735,114233.0,41.47894,10,277,6,2.6172912,0.10975688,0.1318082788671024,0.9931009440813362,0.041935295
HOUSEHOLD_1_339,HOUSEHOLD_1,2010,1996,116846.0,58.13234,10,202,3,0.9762687,0.0070698448,0.0,0.9930348258706467,0.0072417
HOUSEHOLD_1_465,HOUSEHOLD_1,2070,2055,119443.0,57.70193,10,208,4,0.97613525,0.012596318,0.0004830917874396135,0.9927536231884058,0.012904275
FOODS_3_178,FOODS_3,2421,2403,40892.0,16.890541,10,277,9,1.9447708,0.22165796,0.0107393638992152,0.9925650557620818,0.11397639
HOUSEHOLD_1_072,HOUSEHOLD_1,2741,2720,70263.0,25.634075,10,277,3,8.004779,0.11165401,0.05873768697555637,0.9923385625684057,0.013948419
HOUSEHOLD_1_447,HOUSEHOLD_1,2070,2054,113388.0,54.77681,10,208,3,0.9763768,0.0069946614,0.0,0.9922705314009662,0.0071638958
HOUSEHOLD_1_079,HOUSEHOLD_1,1929,1914,19592.0,10.156558,10,193,3,4.8613687,0.10286207,0.04250907205806117,0.9922239502332815,0.021159075
HOUSEHOLD_1_109,HOUSEHOLD_1,2770,2747,30846.0,11.13574,10,277,6,3.7562492,0.30096844,0.00036101083032490973,0.9916967509025271,0.08012473
FOODS_3_377,FOODS_3,2770,2747,276702.0,99.89242,10,277,4,1.592527,0.072551645,0.0,0.9916967509025271,0.04555756
HOUSEHOLD_1_517,HOUSEHOLD_1,1737,1722,65744.0,37.849167,10,174,2,0.97159475,0.02775472,0.07484168105929764,0.9913644214162349,0.028566148
FOODS_3_407,FOODS_3,2770,2745,58079.0,20.967148,10,277,5,2.984722,0.0380712,0.018772563176895306,0.9909747292418772,0.0127553595
HOUSEHOLD_1_304,HOUSEHOLD_1,1852,1835,77273.0,41.724083,10,196,4,2.09,0.15335537,0.0,0.9908207343412527,0.073375784
HOUSEHOLD_1_516,HOUSEHOLD_1,2770,2744,59647.0,21.533213,10,277,4,1.9438448,0.05097091,0.003971119133574007,0.9906137184115523,0.026221696
HOUSEHOLD_1_478,HOUSEHOLD_1,2770,2744,34753.0,12.546209,10,277,4,2.653888,0.061849505,0.0,0.9906137184115523,0.023305243
HOUSEHOLD_1_294,HOUSEHOLD_1,2737,2710,72743.0,26.57764,10,277,4,1.9842675,0.07200388,0.00036536353671903543,0.9901351845085861,0.036287386
HOUSEHOLD_1_474,HOUSEHOLD_1,2770,2741,77799.0,28.08628,10,277,1,0.97,0.0,0.0,0.9895306859205776,0.0
FOODS_1_099,FOODS_1,1649,1631,65511.0,39.727715,10,165,2,0.97526985,0.012920246,0.0,0.989084293511219,0.013247868
FOODS_3_304,FOODS_3,2770,2739,52394.0,18.9148,10,277,7,4.330271,0.27478495,0.01660649819494585,0.9888086642599277,0.06345676
FOODS_3_561,FOODS_3,1467,1450,30215.0,20.596455,10,147,4,2.976612,0.075622305,0.0013633265167007499,0.9884117246080436,0.025405496
FOODS_3_099,FOODS_3,2760,2728,216219.0,78.34022,10,276,4,2.4961448,0.038491763,0.0,0.9884057971014493,0.015420485
HOUSEHOLD_2_389,HOUSEHOLD_2,946,935,13689.0,14.470402,10,95,1,1.97,0.0,0.0,0.9883720930232558,0.0
FOODS_1_161,FOODS_1,2769,2736,88618.0,32.003613,10,277,4,0.9748357,0.0174219,0.0,0.9880823401950163,0.017871626
HOBBIES_1_323,HOBBIES_1,2762,2729,35297.0,12.779508,10,277,7,5.07151,0.26447213,0.014120202751629254,0.9880521361332368,0.0521486
HOBBIES_1_014,HOBBIES_1,2402,2373,38060.0,15.845129,10,242,2,1.0049542,0.06221458,0.00041631973355537054,0.9879267277268943,0.061907873
FOODS_3_127,FOODS_3,2680,2646,44264.0,16.516418,10,277,4,3.5175374,0.17107321,0.0,0.9873134328358208,0.04863437
HOUSEHOLD_1_087,HOUSEHOLD_1,2770,2733,25387.0,9.164982,10,277,5,4.320083,0.19433008,0.003971119133574007,0.9866425992779784,0.04498295
FOODS_3_363,FOODS_3,2671,2635,80273.0,30.053537,10,277,6,2.4476264,0.17924117,0.001497566454511419,0.9865219019093973,0.07323061
HOUSEHOLD_2_490,HOUSEHOLD_2,889,877,9397.0,10.570304,10,89,1,3.48,0.0,0.0,0.9865016872890888,0.0
FOODS_3_144,FOODS_3,2754,2716,38870.0,14.114016,10,277,6,1.9015759,0.048260562,0.0,0.9862018881626725,0.025379246
HOUSEHOLD_1_071,HOUSEHOLD_1,1809,1784,36911.0,20.40409,10,196,5,2.0924654,0.15483682,0.000552791597567717,0.986180210060807,0.07399731
HOUSEHOLD_1_429,HOUSEHOLD_1,1150,1134,39049.0,33.95565,10,115,3,2.9578958,0.034597084,0.0,0.9860869565217392,0.011696519
FOODS_3_282,FOODS_3,1474,1453,190809.0,129.4498,10,149,3,2.5041654,0.020916263,0.0006784260515603799,0.985753052917232,0.008352588
FOODS_3_469,FOODS_3,2770,2730,67862.0,24.498917,10,277,5,6.159303,0.24709001,0.047292418772563176,0.9855595667870036,0.040116552
FOODS_1_218,FOODS_1,2770,2730,237476.0,85.73141,10,277,4,0.97639716,0.014949577,0.0,0.9855595667870036,0.015310959
HOUSEHOLD_1_038,HOUSEHOLD_1,2770,2730,21557.0,7.7823105,10,277,4,5.1689816,0.14163017,0.005415162454873646,0.9855595667870036,0.027400015
FOODS_3_702,FOODS_3,2770,2730,126903.0,45.81336,10,277,3,2.9943395,0.06247813,0.04693140794223827,0.9855595667870036,0.020865412
HOUSEHOLD_1_164,HOUSEHOLD_1,1157,1140,9758.0,8.433881,10,118,3,2.8815904,0.06541508,0.000864304235090752,0.9853068280034573,0.022701032
FOODS_3_035,FOODS_3,2614,2575,20432.0,7.8163733,10,277,8,3.8664918,0.14814109,0.0007651109410864575,0.9850803366488141,0.03831408
HOUSEHOLD_1_319,HOUSEHOLD_1,2747,2706,57315.0,20.86458,10,277,4,1.9439024,0.04783121,0.0036403349108117948,0.9850746268656716,0.024605768
HOBBIES_1_337,HOBBIES_1,2770,2728,41049.0,14.819134,10,277,1,3.67,0.0,0.0,0.9848375451263538,0.0
HOUSEHOLD_1_198,HOUSEHOLD_1,2761,2719,111018.0,40.209343,10,277,2,0.97734153,0.004418621,0.0,0.9847881202462876,0.004521061
HOUSEHOLD_1_149,HOUSEHOLD_1,2769,2726,45118.0,16.293968,10,277,2,0.97013724,0.0011636107,0.0,0.9844709281328999,0.001199429
HOUSEHOLD_1_215,HOUSEHOLD_1,2758,2715,20409.0,7.3999276,10,277,7,2.20095,0.087611124,0.009789702683103698,0.9844089920232052,0.03980605
HOUSEHOLD_1_110,HOUSEHOLD_1,1854,1825,150318.0,81.07767,10,196,3,3.6385975,0.19225948,0.0,0.9843581445523193,0.052838895
FOODS_3_820,FOODS_3,2545,2505,31054.0,12.201964,10,277,4,1.9702908,0.061080366,0.0,0.9842829076620825,0.031000687
FOODS_3_253,FOODS_3,1587,1562,13821.0,8.708884,10,168,1,1.98,0.0,0.0,0.984247006931317,0.0
FOODS_3_439,FOODS_3,1393,1371,22251.0,15.973438,10,140,3,2.974537,0.050603583,0.0007178750897343862,0.9842067480258435,0.017012255
FOODS_3_674,FOODS_3,2770,2726,37370.0,13.490974,10,277,4,2.9783177,0.034812402,0.0036101083032490976,0.984115523465704,0.011688612
HOUSEHOLD_2_342,HOUSEHOLD_2,1644,1617,20619.0,12.541971,10,183,1,0.97,0.0,0.0,0.9835766423357665,0.0
HOUSEHOLD_1_151,HOUSEHOLD_1,2592,2549,98210.0,37.88966,10,260,5,0.9251891,0.04144769,0.06018518518518518,0.9834104938271605,0.044799156
HOUSEHOLD_1_390,HOUSEHOLD_1,820,806,6543.0,7.979268,10,84,2,1.8676219,0.021592917,0.0,0.9829268292682927,0.011561718
HOUSEHOLD_1_075,HOUSEHOLD_1,2690,2644,39531.0,14.695539,10,272,3,2.72832,0.051391225,0.0011152416356877324,0.9828996282527881,0.018836217
FOODS_3_087,FOODS_3,1573,1546,39273.0,24.966942,10,158,2,2.504196,0.015306599,0.0,0.9828353464717101,0.006112381
HOUSEHOLD_1_055,HOUSEHOLD_1,2770,2722,40435.0,14.597473,10,277,8,3.9280398,0.07437295,0.005054151624548736,0.9826714801444043,0.018933859
FOODS_3_449,FOODS_3,2763,2715,77109.0,27.90771,10,277,1,1.9800001,0.0,0.0,0.9826275787187839,0.0
HOBBIES_1_416,HOBBIES_1,2565,2520,18901.0,7.368811,10,257,4,4.8309083,0.2191376,0.0304093567251462,0.9824561403508771,0.04536157
HOUSEHOLD_2_409,HOUSEHOLD_2,2578,2532,19641.0,7.6186967,10,267,5,3.9421995,0.040093157,0.030256012412723042,0.9821567106283942,0.010170251
FOODS_3_596,FOODS_3,2770,2720,32656.0,11.789169,10,277,7,2.878419,0.15908901,0.009386281588447653,0.9819494584837545,0.055269584
HOUSEHOLD_1_107,HOUSEHOLD_1,2139,2100,21956.0,10.264609,10,215,1,3.48,0.0,0.0,0.9817671809256662,0.0
HOUSEHOLD_1_277,HOUSEHOLD_1,2009,1972,108395.0,53.954704,10,202,3,0.9762718,0.007077261,0.0,0.9815828770532603,0.007249273
FOODS_3_604,FOODS_3,1409,1383,13905.0,9.868701,10,142,4,2.5038111,0.028683633,0.0014194464158978,0.9815471965933286,0.011455989
FOODS_3_230,FOODS_3,2491,2445,49416.0,19.837816,10,277,3,3.5496025,0.14139962,0.0,0.9815335206744279,0.03983534
HOBBIES_1_015,HOBBIES_1,2767,2714,85532.0,30.911457,10,277,5,0.7080376,0.018232103,0.04734369353089989,0.9808456812432237,0.02575019
FOODS_3_765,FOODS_3,2763,2710,21561.0,7.8034744,10,277,10,2.8775353,0.1642142,0.010857763300760043,0.9808179515019906,0.057067655
HOUSEHOLD_1_153,HOUSEHOLD_1,1698,1665,21077.0,12.412839,10,183,1,1.97,0.0,0.0,0.980565371024735,0.0
HOUSEHOLD_1_338,HOUSEHOLD_1,1539,1509,25652.0,16.667967,10,154,2,3.9548147,0.019322416,0.0,0.9805068226120858,0.0048857955
FOODS_3_450,FOODS_3,2705,2651,21283.0,7.868022,10,277,8,3.0420446,0.17179587,0.043992606284658044,0.9800369685767097,0.056473818
HOUSEHOLD_1_515,HOUSEHOLD_1,2050,2009,22389.0,10.921463,10,206,9,2.4647708,0.06661202,0.003902439024390244,0.98,0.027025646
HOBBIES_1_103,HOBBIES_1,2770,2714,71938.0,25.970398,10,277,6,0.7081372,0.01916446,0.047653429602888084,0.9797833935018051,0.0270632
FOODS_3_103,FOODS_3,2766,2710,21000.0,7.5921907,10,277,6,3.2549098,0.10608728,0.036153289949385395,0.9797541576283442,0.032593004
HOUSEHOLD_1_234,HOUSEHOLD_1,2770,2712,123164.0,44.46354,10,277,1,0.97,0.0,0.0,0.9790613718411553,0.0
HOUSEHOLD_1_243,HOUSEHOLD_1,2770,2712,44522.0,16.072924,10,277,1,1.9699999,0.0,0.0,0.9790613718411553,0.0
HOBBIES_1_228,HOBBIES_1,2475,2423,19613.0,7.9244447,10,248,1,6.87,0.0,0.0,0.978989898989899,0.0
FOODS_3_559,FOODS_3,2770,2711,21607.0,7.800361,10,277,8,2.877343,0.16318125,0.010469314079422382,0.9787003610108304,0.05671248
FOODS_3_034,FOODS_3,1432,1401,17808.0,12.435754,10,144,3,2.504253,0.020985499,0.0006983240223463687,0.9783519553072626,0.008379944
FOODS_3_203,FOODS_3,2770,2710,37359.0,13.487003,10,277,4,4.478989,0.1457737,0.04512635379061372,0.9783393501805054,0.032546114
FOODS_3_804,FOODS_3,2713,2654,204558.0,75.39919,10,277,1,1.88,0.0,0.0,0.9782528566162919,0.0
FOODS_3_562,FOODS_3,2406,2353,40837.0,16.972984,10,277,2,4.9743056,0.023177776,0.0,0.9779717373233583,0.0046595
HOUSEHOLD_1_369,HOUSEHOLD_1,2210,2160,23409.0,10.592308,10,221,5,3.6908867,0.11002339,0.0009049773755656109,0.9773755656108597,0.029809473
HOUSEHOLD_1_503,HOUSEHOLD_1,2770,2707,40573.0,14.647292,10,277,5,1.0007473,0.12602077,0.004693140794223827,0.9772563176895307,0.12592667
HOUSEHOLD_1_514,HOUSEHOLD_1,1853,1810,79575.0,42.943874,10,196,3,3.6384618,0.19199237,0.0,0.9767943874797625,0.052767456
FOODS_3_064,FOODS_3,2110,2061,78098.0,37.01327,10,260,7,1.0796635,0.09990573,0.01042654028436019,0.9767772511848342,0.09253413
HOBBIES_1_134,HOBBIES_1,2408,2352,56244.0,23.357143,10,241,6,3.6166859,0.34453768,0.015780730897009966,0.9767441860465116,0.09526337
FOODS_3_535,FOODS_3,2770,2705,21653.0,7.8169675,10,277,4,6.1562886,0.23954767,0.04693140794223827,0.9765342960288809,0.038911052
FOODS_3_113,FOODS_3,2768,2703,84448.0,30.50867,10,277,6,1.147211,0.14381208,0.04696531791907514,0.9765173410404624,0.125358
HOUSEHOLD_1_082,HOUSEHOLD_1,2170,2119,21534.0,9.923502,10,217,1,3.48,0.0,0.0,0.9764976958525345,0.0
FOODS_3_818,FOODS_3,2013,1965,36440.0,18.102335,10,212,1,2.98,0.0,0.0,0.9761549925484352,0.0
FOODS_2_112,FOODS_2,1461,1425,24422.0,16.715948,10,161,12,3.2026832,0.20523237,0.06023271731690623,0.9753593429158111,0.064081386
HOBBIES_1_423,HOBBIES_1,2227,2172,14039.0,6.3039966,10,224,4,7.6957617,0.18523775,0.0058374494836102376,0.9753030983385721,0.024070099
HOUSEHOLD_1_540,HOUSEHOLD_1,1846,1800,36523.0,19.78494,10,195,2,1.6741929,0.08391035,0.0,0.9750812567713976,0.050119884
HOUSEHOLD_2_118,HOUSEHOLD_2,1780,1735,9558.0,5.369663,10,182,3,3.4191236,0.064767644,0.0011235955056179776,0.9747191011235955,0.018942762
FOODS_1_184,FOODS_1,2305,2246,81202.0,35.228634,10,231,2,0.99985677,0.006873508,0.0004338394793926247,0.9744034707158351,0.0068744924
FOODS_3_400,FOODS_3,2770,2699,33361.0,12.043682,10,277,4,2.9608123,0.06766251,0.00036101083032490973,0.9743682310469314,0.022852683
HOUSEHOLD_1_083,HOUSEHOLD_1,2764,2693,129151.0,46.72612,10,277,3,0.9771708,0.010096804,0.000361794500723589,0.9743125904486252,0.0103326915
FOODS_3_291,FOODS_3,2632,2564,23707.0,9.007219,10,272,4,2.686782,0.1368898,0.00037993920972644377,0.9741641337386018,0.050949354
FOODS_2_050,FOODS_2,848,826,16778.0,19.785378,10,89,1,1.0,0.0,0.0,0.9740566037735849,0.0
HOUSEHOLD_1_282,HOUSEHOLD_1,2056,2002,14839.0,7.2174125,10,206,3,3.8833075,0.1401034,0.0,0.9737354085603113,0.036078367
FOODS_3_372,FOODS_3,1064,1036,27558.0,25.900375,10,108,1,3.28,0.0,0.0,0.9736842105263158,0.0
HOUSEHOLD_1_027,HOUSEHOLD_1,2767,2694,52712.0,19.050236,10,277,10,5.652873,0.31624654,0.0187929165160824,0.9736176364293458,0.05594439
FOODS_3_201,FOODS_3,2756,2683,45766.0,16.605951,10,276,4,2.4940348,0.05407103,0.0,0.9735123367198839,0.021680143
HOUSEHOLD_1_328,HOUSEHOLD_1,1131,1101,23253.0,20.55968,10,120,3,4.7197967,0.20491509,0.0,0.9734748010610079,0.043416083
HOUSEHOLD_1_349,HOUSEHOLD_1,1162,1131,16251.0,13.98537,10,117,3,2.9495354,0.034194913,0.10068846815834767,0.9733218588640276,0.011593322
FOODS_2_286,FOODS_2,1031,1003,15000.0,14.548982,10,109,2,1.5652765,0.06816526,0.0446168768186227,0.9728419010669254,0.043548383
FOODS_2_384,FOODS_2,2390,2325,36139.0,15.12092,10,277,6,2.1770294,0.20383196,0.0,0.9728033472803347,0.09362848
FOODS_3_169,FOODS_3,2144,2085,25949.0,12.103078,10,261,2,3.979776,0.010366421,0.0004664179104477612,0.972481343283582,0.0026047751
HOUSEHOLD_1_511,HOUSEHOLD_1,1962,1908,19413.0,9.894495,10,199,6,6.0048623,0.12980005,0.0015290519877675841,0.9724770642201835,0.021615826
FOODS_3_730,FOODS_3,2770,2693,27309.0,9.858845,10,277,3,4.813863,0.33176786,0.0,0.972202166064982,0.06891926
HOUSEHOLD_1_096,HOUSEHOLD_1,1850,1798,74736.0,40.39784,10,196,3,3.638827,0.1922618,0.0,0.9718918918918918,0.052836202
FOODS_2_222,FOODS_2,1991,1935,64752.0,32.52235,10,200,6,2.5121548,0.04797535,0.004018081366147665,0.9718734304369664,0.019097291
HOUSEHOLD_1_361,HOUSEHOLD_1,1940,1885,27610.0,14.231958,10,197,2,1.8549588,0.053667437,0.0,0.9716494845360825,0.028931877
FOODS_3_109,FOODS_3,2770,2691,140351.0,50.668232,10,277,2,0.9999566,0.0022800344,0.00036101083032490973,0.9714801444043322,0.0022801333
HOUSEHOLD_2_510,HOUSEHOLD_2,2578,2504,18998.0,7.3692784,10,267,3,3.9427464,0.027980493,0.0321955003878976,0.9712955779674166,0.0070967013
FOODS_3_814,FOODS_3,2428,2358,40472.0,16.668863,10,243,3,1.7858032,0.17071112,0.00041186161449752884,0.971169686985173,0.09559347
FOODS_2_322,FOODS_2,2390,2321,44928.0,18.798326,10,277,10,2.8720503,0.12926324,0.03765690376569038,0.9711297071129708,0.045007303
FOODS_3_502,FOODS_3,1484,1441,17593.0,11.855122,10,151,2,2.5044475,0.015723638,0.0,0.9710242587601078,0.006278286
HOUSEHOLD_1_141,HOUSEHOLD_1,2770,2689,27521.0,9.935379,10,277,5,1.7920613,0.042586695,0.047292418772563176,0.9707581227436823,0.023764083
HOUSEHOLD_1_381,HOUSEHOLD_1,2770,2688,18072.0,6.5241876,10,277,9,4.8321877,0.25134295,0.0010830324909747292,0.9703971119133574,0.05201432
FOODS_1_208,FOODS_1,2191,2126,25970.0,11.853035,10,220,2,1.8514743,0.08809281,0.0,0.970333181195801,0.047579817
FOODS_3_526,FOODS_3,2770,2687,87395.0,31.55054,10,277,2,1.979769,0.008596996,0.0007220216606498195,0.9700361010830325,0.0043424238
FOODS_3_258,FOODS_3,2336,2266,60343.0,25.831764,10,235,7,1.6091267,0.15586385,0.036815068493150686,0.9700342465753424,0.09686238
HOUSEHOLD_1_188,HOUSEHOLD_1,2458,2384,21707.0,8.831163,10,246,2,3.9939137,0.071384236,0.010577705451586655,0.9698942229454841,0.017873256
HOBBIES_1_387,HOBBIES_1,1520,1474,41233.0,27.126974,10,152,9,1.0163224,0.051212706,0.007236842105263158,0.9697368421052631,0.050390217
HOUSEHOLD_1_434,HOUSEHOLD_1,2770,2686,42696.0,15.413718,10,277,8,3.9269927,0.09764039,0.009386281588447653,0.9696750902527076,0.024863908
FOODS_3_793,FOODS_3,2770,2686,30141.0,10.8812275,10,277,5,2.9785018,0.030686632,0.0036101083032490976,0.9696750902527076,0.010302708
FOODS_3_462,FOODS_3,2770,2686,194325.0,70.15343,10,277,1,1.0,0.0,0.0,0.9696750902527076,0.0
HOUSEHOLD_1_121,HOUSEHOLD_1,1701,1649,13382.0,7.867137,10,171,5,2.4763963,0.06455645,0.003527336860670194,0.969429747207525,0.026068706
HOUSEHOLD_1_220,HOUSEHOLD_1,1666,1615,18373.0,11.028212,10,167,2,1.8875631,0.06890697,0.07803121248499399,0.9693877551020408,0.036505785
FOODS_3_121,FOODS_3,1796,1741,41864.0,23.309576,10,180,3,2.978352,0.035211433,0.0033407572383073497,0.9693763919821826,0.011822455
HOUSEHOLD_1_342,HOUSEHOLD_1,1171,1135,8875.0,7.5789924,10,118,4,17.914953,0.7211596,0.0034158838599487617,0.9692570452604612,0.040254615
FOODS_3_053,FOODS_3,1517,1470,16007.0,10.551747,10,210,2,3.979143,0.03337725,0.0006591957811470006,0.9690177982860909,0.00838805
HOBBIES_1_254,HOBBIES_1,2770,2684,88533.0,31.961372,10,277,6,0.70883393,0.020412277,0.047292418772563176,0.9689530685920578,0.028796982
HOUSEHOLD_1_238,HOUSEHOLD_1,1706,1653,12176.0,7.137163,10,171,5,2.4740798,0.08771323,0.004689331770222743,0.9689331770222743,0.03545287
HOUSEHOLD_1_226,HOUSEHOLD_1,1150,1114,12969.0,11.277391,10,115,3,2.9594436,0.033382576,0.0,0.9686956521739131,0.011280018
FOODS_3_361,FOODS_3,1596,1546,12802.0,8.021303,10,168,3,1.9792608,0.021177378,0.0012531328320802004,0.968671679197995,0.01069964
FOODS_2_293,FOODS_2,2448,2371,54142.0,22.11683,10,277,8,3.906989,0.2078147,0.0,0.9685457516339869,0.053190496
HOUSEHOLD_1_418,HOUSEHOLD_1,2079,2013,119245.0,57.356903,10,208,4,0.9763925,0.007004194,0.0,0.9682539682539683,0.0071735433
FOODS_3_327,FOODS_3,2504,2424,75477.0,30.142572,10,255,4,3.1718092,0.1111558,0.057108626198083066,0.9680511182108626,0.03504492
FOODS_3_480,FOODS_3,2741,2653,22400.0,8.1722,10,277,8,2.667439,0.30761668,0.0018241517694272164,0.967894928858081,0.11532286
HOUSEHOLD_1_425,HOUSEHOLD_1,2770,2681,40293.0,14.546209,10,277,5,1.9662166,0.058689646,0.004332129963898917,0.967870036101083,0.029849024
FOODS_3_639,FOODS_3,1182,1144,15579.0,13.180203,10,119,3,1.9758205,0.064150505,0.004230118443316413,0.9678510998307953,0.03246778
HOBBIES_1_074,HOBBIES_1,2674,2588,26861.0,10.045251,10,277,2,3.6673748,0.055369966,0.002243829468960359,0.9678384442782348,0.015097984
FOODS_3_734,FOODS_3,2760,2671,99613.0,36.091667,10,277,8,1.6303152,0.19961871,0.011231884057971014,0.9677536231884057,0.12244179
FOODS_3_807,FOODS_3,2770,2680,59532.0,21.491697,10,277,2,1.9798846,0.0060800924,0.00036101083032490973,0.9675090252707581,0.0030709326
FOODS_1_139,FOODS_1,1872,1811,32143.0,17.170406,10,203,1,0.98,0.0,0.0,0.9674145299145299,0.0
HOUSEHOLD_1_169,HOUSEHOLD_1,1777,1719,41391.0,23.292627,10,196,3,2.9601014,0.031217596,0.05852560495216657,0.9673607203151379,0.010546124
HOBBIES_1_327,HOBBIES_1,2017,1951,10727.0,5.3182945,10,203,3,7.8482156,0.11081188,0.04015865146256817,0.9672781358453149,0.014119373
FOODS_3_376,FOODS_3,2767,2676,231082.0,83.51355,10,277,1,1.0,0.0,0.0,0.9671123960968558,0.0
FOODS_3_652,FOODS_3,2606,2520,63367.0,24.31581,10,262,2,3.9794476,0.016279757,0.0011511895625479663,0.9669992325402916,0.004090959
FOODS_3_278,FOODS_3,692,669,8188.0,11.83237,10,71,2,0.9989162,0.028510721,0.001445086705202312,0.9667630057803468,0.028541654
HOUSEHOLD_2_110,HOUSEHOLD_2,1080,1044,17558.0,16.257408,10,108,1,3.17,0.0,0.0,0.9666666666666667,0.0
FOODS_3_532,FOODS_3,1357,1311,23286.0,17.159912,10,140,2,2.9751363,0.037901238,0.0,0.9661016949152542,0.012739329
FOODS_2_047,FOODS_2,2388,2307,22674.0,9.494975,10,277,15,2.7451422,0.27444658,0.010887772194304857,0.9660804020100503,0.099975355
FOODS_3_477,FOODS_3,2770,2676,81974.0,29.593502,10,277,4,1.5918411,0.073186755,0.0,0.9660649819494584,0.04597617
FOODS_3_333,FOODS_3,1108,1070,20988.0,18.942238,10,115,1,1.9800001,0.0,0.0,0.9657039711191335,0.0
FOODS_1_182,FOODS_1,1978,1910,17979.0,9.089484,10,198,3,2.0123558,0.09572401,0.0,0.9656218402426694,0.047568135
FOODS_3_565,FOODS_3,2754,2659,25635.0,9.308279,10,277,5,2.6185331,0.10737649,0.1270878721859114,0.9655047204066812,0.041006353
HOUSEHOLD_1_112,HOUSEHOLD_1,2694,2600,26822.0,9.956199,10,271,1,2.97,0.0,0.0,0.9651076466221232,0.0
FOODS_1_155,FOODS_1,1811,1747,18098.0,9.993374,10,203,1,0.98,0.0,0.0,0.9646604086140254,0.0
FOODS_3_739,FOODS_3,1704,1643,146093.0,85.73533,10,172,3,1.489642,0.022336775,0.0017605633802816902,0.9642018779342723,0.0149947265
HOBBIES_1_179,HOBBIES_1,2474,2385,18340.0,7.4130964,10,248,2,6.8691792,0.040812775,0.0004042037186742118,0.9640258690379951,0.005941434
FOODS_3_534,FOODS_3,2769,2669,40263.0,14.540628,10,277,11,4.7872047,0.2225046,0.0010834236186348862,0.9638858793788371,0.046479024
HOUSEHOLD_1_093,HOUSEHOLD_1,1503,1448,12220.0,8.130405,10,151,4,3.9514768,0.07574627,0.0006653359946773121,0.9634065202927479,0.019169103
HOUSEHOLD_1_442,HOUSEHOLD_1,1141,1099,6138.0,5.379492,10,116,1,8.97,0.0,0.0,0.9631901840490797,0.0
FOODS_1_145,FOODS_1,1816,1749,20544.0,11.312776,10,203,1,0.98,0.0,0.0,0.9631057268722467,0.0
FOODS_3_617,FOODS_3,2534,2440,34856.0,13.755327,10,277,4,2.5418785,0.25066623,0.0,0.9629044988161011,0.09861456
HOUSEHOLD_1_318,HOUSEHOLD_1,2234,2151,35603.0,15.936885,10,224,9,2.9211729,0.12174565,0.0026857654431512983,0.9628469113697403,0.041676976
FOODS_3_172,FOODS_3,699,673,9117.0,13.042918,10,85,1,1.78,0.0,0.0,0.9628040057224606,0.0
HOUSEHOLD_1_347,HOUSEHOLD_1,2769,2665,27815.0,10.045143,10,277,2,7.9683642,0.086086825,0.00036114120621162876,0.9624413145539906,0.010803576
FOODS_2_061,FOODS_2,2766,2662,38094.0,13.772234,10,277,13,1.9541721,0.099887185,0.057483731019522775,0.9624005784526392,0.051114835
FOODS_3_610,FOODS_3,2766,2662,28054.0,10.142444,10,277,6,1.9571366,0.14880176,0.023138105567606652,0.9624005784526392,0.07603034
HOUSEHOLD_1_241,HOUSEHOLD_1,2186,2103,11746.0,5.3732843,10,219,2,7.9395657,0.020318829,0.0004574565416285453,0.9620311070448307,0.0025591864
HOBBIES_1_381,HOBBIES_1,2712,2609,56056.0,20.669617,10,277,5,0.7087611,0.019774064,0.043510324483775814,0.9620206489675516,0.027899478
HOUSEHOLD_1_538,HOUSEHOLD_1,2094,2014,19945.0,9.524833,10,215,1,3.48,0.0,0.0,0.9617956064947469,0.0
HOUSEHOLD_1_179,HOUSEHOLD_1,2770,2663,113086.0,40.82527,10,277,5,0.9574729,0.016566094,0.002888086642599278,0.9613718411552347,0.017301893
FOODS_3_503,FOODS_3,2738,2632,93600.0,34.185535,10,274,2,2.4416656,0.10393007,0.0,0.9612856099342586,0.042565234
FOODS_3_340,FOODS_3,1188,1142,6498.0,5.469697,10,119,2,3.0629966,0.14611083,0.0,0.9612794612794613,0.047701925
FOODS_3_616,FOODS_3,2672,2568,22645.0,8.474925,10,277,3,2.808739,0.38432857,0.014595808383233533,0.9610778443113772,0.13683315
HOUSEHOLD_1_438,HOUSEHOLD_1,2770,2662,22579.0,8.151263,10,277,7,7.3337326,0.2429082,0.0036101083032490976,0.9610108303249097,0.03312204
HOUSEHOLD_1_275,HOUSEHOLD_1,2681,2576,29723.0,11.0865345,10,271,1,2.97,0.0,0.0,0.9608355091383812,0.0
HOUSEHOLD_1_218,HOUSEHOLD_1,1940,1864,22784.0,11.744329,10,202,4,1.9370774,0.052748732,0.006185567010309278,0.9608247422680413,0.027231092
HOUSEHOLD_1_393,HOUSEHOLD_1,2135,2051,34692.0,16.24918,10,277,5,1.9772413,0.047503024,0.003747072599531616,0.9606557377049181,0.0240249
FOODS_3_553,FOODS_3,1385,1330,7032.0,5.077256,10,140,3,2.5041661,0.027686065,0.0007220216606498195,0.9602888086642599,0.011056001
FOODS_3_809,FOODS_3,2387,2292,68023.0,28.497276,10,241,1,1.0,0.0,0.0,0.9602010892333473,0.0
FOODS_3_395,FOODS_3,2672,2565,15573.0,5.8282185,10,277,5,3.9575262,0.087816715,0.0007485029940119761,0.9599550898203593,0.0221898
FOODS_2_276,FOODS_2,2770,2659,160263.0,57.856678,10,277,12,3.1594586,0.1896898,0.03898916967509025,0.959927797833935,0.060038704
FOODS_3_631,FOODS_3,2437,2339,16888.0,6.929832,10,277,10,3.5676281,0.23220289,0.0,0.9597866228970046,0.06508607
HOUSEHOLD_1_461,HOUSEHOLD_1,2532,2430,30178.0,11.918641,10,277,1,0.97,0.0,0.0,0.9597156398104265,0.0
FOODS_1_134,FOODS_1,1340,1286,10663.0,7.957463,10,135,1,1.98,0.0,0.0,0.9597014925373134,0.0
FOODS_3_225,FOODS_3,2460,2360,22656.0,9.209756,10,277,4,1.9801016,0.023473091,0.006097560975609756,0.959349593495935,0.011854488
FOODS_3_032,FOODS_3,1746,1675,19742.0,11.306988,10,175,4,2.9780872,0.041884072,0.002290950744558992,0.9593356242840779,0.014064086
FOODS_3_010,FOODS_3,1596,1531,9395.0,5.8865914,10,160,6,2.798534,0.049460832,0.0018796992481203006,0.9592731829573935,0.017673837
FOODS_2_197,FOODS_2,2770,2657,163860.0,59.155235,10,277,12,3.1588483,0.18909109,0.03898916967509025,0.9592057761732852,0.05986077
FOODS_3_393,FOODS_3,1714,1644,47271.0,27.579346,10,173,2,3.5033605,0.013800398,0.0,0.9591598599766628,0.003939189
HOUSEHOLD_1_285,HOUSEHOLD_1,2228,2137,33249.0,14.923249,10,224,2,2.746194,0.01902097,0.0,0.9591561938958707,0.006926303
HOUSEHOLD_1_158,HOUSEHOLD_1,2260,2167,10772.0,4.7663717,10,226,3,3.5383406,0.3600061,0.0004424778761061947,0.9588495575221239,0.10174433
FOODS_2_106,FOODS_2,1917,1838,15038.0,7.8445487,10,210,6,5.268597,0.26330432,0.0,0.9587897756911842,0.049976174
HOBBIES_1_233,HOBBIES_1,2770,2655,63107.0,22.78231,10,277,5,0.70878696,0.02007862,0.04693140794223827,0.9584837545126353,0.028328145
FOODS_3_067,FOODS_3,2766,2650,32104.0,11.606652,10,277,3,3.946052,0.0729693,0.007953723788864787,0.958062183658713,0.018491723
FOODS_2_152,FOODS_2,2765,2649,81726.0,29.557323,10,277,16,2.3121448,0.16551264,0.03146473779385172,0.9580470162748643,0.07158403
FOODS_2_349,FOODS_2,2095,2007,41119.0,19.627207,10,212,4,6.033227,0.20407799,0.06539379474940334,0.9579952267303102,0.033825677
FOODS_3_741,FOODS_3,2703,2588,115008.0,42.54828,10,277,7,1.3242619,0.121175945,0.048094709581945984,0.9574546799852016,0.091504514
FOODS_2_309,FOODS_2,2037,1950,26642.0,13.079038,10,227,6,2.5873442,0.119676486,0.0009818360333824251,0.9572901325478645,0.046254568
FOODS_3_190,FOODS_3,1192,1141,16982.0,14.246644,10,122,1,1.0,0.0,0.0,0.9572147651006712,0.0
HOUSEHOLD_1_239,HOUSEHOLD_1,1166,1116,5897.0,5.0574613,10,118,5,3.9628215,0.10487195,0.003430531732418525,0.9571183533447685,0.026463961
FOODS_3_346,FOODS_3,2770,2651,67524.0,24.376896,10,277,1,1.98,0.0,0.0,0.9570397111913357,0.0
FOODS_3_129,FOODS_3,1534,1468,12361.0,8.058019,10,154,4,2.5433965,0.10084966,0.001955671447196871,0.9569752281616688,0.03965157
FOODS_2_054,FOODS_2,2390,2287,56529.0,23.652302,10,277,5,2.7063012,0.23536946,0.004602510460251046,0.9569037656903766,0.0869709
HOUSEHOLD_1_118,HOUSEHOLD_1,2546,2436,121156.0,47.586803,10,277,1,0.97,0.0,0.0,0.9567949725058916,0.0
HOUSEHOLD_1_373,HOUSEHOLD_1,2717,2599,90978.0,33.484726,10,277,3,3.4041002,0.05322144,0.0,0.9565697460434303,0.01563451
FOODS_2_099,FOODS_2,1865,1784,23028.0,12.347453,10,219,3,1.9594959,0.043893937,0.0,0.95656836461126,0.022400627
FOODS_3_170,FOODS_3,1397,1336,9341.0,6.686471,10,144,2,1.9789406,0.039597113,0.0007158196134574087,0.9563350035790981,0.020009248
HOUSEHOLD_1_521,HOUSEHOLD_1,2770,2649,154682.0,55.841877,10,277,4,0.95748377,0.016505502,0.002527075812274368,0.956317689530686,0.017238414
FOODS_3_390,FOODS_3,1098,1050,9246.0,8.420765,10,121,2,1.7705282,0.029295808,0.0,0.9562841530054644,0.016546367
HOBBIES_1_043,HOBBIES_1,2713,2594,50784.0,18.718761,10,277,4,0.7084187,0.01841745,0.04312569111684482,0.9561371175820126,0.025997972
HOUSEHOLD_2_160,HOUSEHOLD_2,2639,2523,19379.0,7.343312,10,267,4,3.943278,0.040748984,0.03296703296703297,0.9560439560439561,0.010333784
HOBBIES_1_200,HOBBIES_1,2001,1913,8510.0,4.2528734,10,202,3,7.8514194,0.10604293,0.0,0.9560219890054973,0.013506211
FOODS_3_579,FOODS_3,1682,1608,10424.0,6.197384,10,170,3,1.943264,0.053381674,0.0005945303210463733,0.9560047562425684,0.027470108
HOUSEHOLD_1_249,HOUSEHOLD_1,1702,1627,13338.0,7.836663,10,172,1,7.97,0.0,0.0,0.9559341950646298,0.0
HOUSEHOLD_1_303,HOUSEHOLD_1,2718,2597,150516.0,55.377483,10,277,4,0.9577373,0.01678838,0.0033112582781456954,0.9554819720382635,0.017529212
HOUSEHOLD_1_202,HOUSEHOLD_1,1613,1541,28974.0,17.962803,10,163,2,1.9793862,0.024650062,0.0006199628022318661,0.9553626782393057,0.012453387
FOODS_3_552,FOODS_3,1135,1084,12116.0,10.67489,10,117,3,1.9764229,0.058763545,0.004405286343612335,0.9550660792951542,0.029732272
FOODS_3_513,FOODS_3,2732,2609,24880.0,9.106881,10,277,4,4.436318,0.17654498,0.042825768667642754,0.9549780380673499,0.039795384
FOODS_1_042,FOODS_1,1818,1736,47146.0,25.932894,10,203,2,0.9750055,0.013226162,0.0,0.9548954895489549,0.013565217
FOODS_2_078,FOODS_2,1616,1543,12563.0,7.7741337,10,167,3,9.918478,0.085535534,0.0006188118811881188,0.9548267326732673,0.008623857
HOUSEHOLD_1_221,HOUSEHOLD_1,1170,1117,5116.0,4.3726497,10,118,3,12.107607,0.25505188,0.0008547008547008547,0.9547008547008548,0.021065425
FOODS_1_021,FOODS_1,1697,1620,27965.0,16.47908,10,171,2,0.97538006,0.0127886515,0.0,0.9546258102533883,0.013111454
FOODS_3_131,FOODS_3,2486,2373,56291.0,22.643202,10,250,2,0.999815,0.006522362,0.0008045052292839903,0.9545454545454546,0.006523569
HOUSEHOLD_1_217,HOUSEHOLD_1,1670,1594,17970.0,10.760479,10,167,2,1.8875928,0.0689123,0.07784431137724551,0.9544910179640719,0.03650803
HOUSEHOLD_1_007,HOUSEHOLD_1,2499,2385,36519.0,14.613445,10,253,2,1.4992317,0.028006354,0.0,0.9543817527010804,0.018680472
HOUSEHOLD_2_499,HOUSEHOLD_2,940,897,8367.0,8.901064,10,94,1,1.97,0.0,0.0,0.9542553191489361,0.0
HOBBIES_1_345,HOBBIES_1,2767,2640,27680.0,10.003614,10,277,12,7.626375,0.27235177,0.06035417419588002,0.9541019154318757,0.035711825
FOODS_2_109,FOODS_2,2193,2091,16906.0,7.7090745,10,250,17,2.93938,0.16237426,0.0674874601003192,0.9534883720930233,0.05524099
FOODS_3_683,FOODS_3,1461,1393,21942.0,15.01848,10,147,2,2.5045176,0.015837014,0.0,0.9534565366187543,0.006323379
HOUSEHOLD_1_498,HOUSEHOLD_1,2768,2639,40844.0,14.75578,10,277,9,3.155531,0.16144338,0.02926300578034682,0.9533959537572254,0.051162034
FOODS_3_588,FOODS_3,1393,1328,11144.0,8.0,10,144,4,3.866317,0.15157132,0.09332376166547021,0.9533381191672649,0.039203025
FOODS_2_307,FOODS_2,1821,1735,26139.0,14.354201,10,199,6,2.5125864,0.051626902,0.003844041735310269,0.9527732015376167,0.020547314
HOUSEHOLD_1_165,HOUSEHOLD_1,2201,2097,13634.0,6.194457,10,221,6,17.945955,0.50089455,0.0027260336210813267,0.9527487505679236,0.027911277
HOUSEHOLD_1_354,HOUSEHOLD_1,2770,2639,29501.0,10.650181,10,277,2,1.9295523,0.023560353,0.00036101083032490973,0.9527075812274368,0.0122102685
FOODS_1_149,FOODS_1,1795,1710,13170.0,7.3370476,10,202,1,0.97999996,0.0,0.0,0.9526462395543176,0.0
FOODS_2_082,FOODS_2,2380,2267,33004.0,13.867227,10,277,4,5.936231,0.108483985,0.043697478991596636,0.9525210084033613,0.018274892
FOODS_3_288,FOODS_3,1705,1624,161726.0,94.85396,10,172,5,1.48922,0.0264471,0.002932551319648094,0.9524926686217009,0.017759029
HOUSEHOLD_1_114,HOUSEHOLD_1,2761,2629,73336.0,26.56139,10,277,3,0.969895,0.004173309,0.0007243752263672582,0.952191235059761,0.0043028463
FOODS_1_202,FOODS_1,1693,1612,19435.0,11.479622,10,170,2,0.9753928,0.012773349,0.0,0.9521559362079149,0.013095595
FOODS_3_537,FOODS_3,2276,2167,15702.0,6.8989453,10,263,2,3.9782512,0.058977515,0.0008787346221441124,0.9521089630931459,0.014824985
HOUSEHOLD_1_372,HOUSEHOLD_1,2770,2637,29082.0,10.498917,10,277,5,1.9669242,0.05249222,0.0036101083032490976,0.951985559566787,0.026687466
FOODS_3_598,FOODS_3,2142,2039,39765.0,18.564426,10,216,4,1.9032025,0.045213863,0.0032679738562091504,0.9519140989729225,0.023756728
FOODS_3_356,FOODS_3,2756,2623,22903.0,8.310232,10,277,3,2.9930043,0.05946745,0.04245283018867924,0.9517416545718432,0.019868815
FOODS_3_354,FOODS_3,1448,1378,8088.0,5.585635,10,152,7,2.9678524,0.13128944,0.008977900552486187,0.9516574585635359,0.044237185
HOUSEHOLD_1_387,HOUSEHOLD_1,2770,2636,50102.0,18.087364,10,277,8,2.9589205,0.083974645,0.009025270758122744,0.9516245487364621,0.028380163
FOODS_2_185,FOODS_2,681,648,4540.0,6.6666665,10,73,4,1.9555948,0.0995784,0.06020558002936858,0.9515418502202643,0.050919753
HOBBIES_1_286,HOBBIES_1,2764,2630,42926.0,15.530391,10,277,5,0.70821273,0.018261103,0.04703328509406657,0.951519536903039,0.02578477
HOBBIES_1_089,HOBBIES_1,2678,2548,19977.0,7.4596715,10,277,8,8.0423565,0.23901215,0.006348020911127707,0.9514563106796117,0.029719168
HOUSEHOLD_1_411,HOUSEHOLD_1,2691,2560,33217.0,12.343739,10,270,5,3.1552768,0.16512567,0.028242289111854328,0.9513192121887774,0.05233318
HOUSEHOLD_2_421,HOUSEHOLD_2,2770,2635,24596.0,8.879422,10,277,5,4.8250723,0.1838573,0.005415162454873646,0.9512635379061372,0.03810457
HOBBIES_1_329,HOBBIES_1,2588,2461,15798.0,6.1043277,10,277,3,3.9692388,0.028924815,0.0003863987635239567,0.9509273570324575,0.0072872452
FOODS_1_082,FOODS_1,1670,1588,69182.0,41.426346,10,167,2,0.9753294,0.0128495265,0.0,0.9508982035928144,0.013174551
HOUSEHOLD_2_199,HOUSEHOLD_2,2642,2512,16503.0,6.246404,10,267,4,3.943399,0.042550612,0.033308099924299776,0.9507948523845572,0.010790339
FOODS_3_811,FOODS_3,2214,2105,182499.0,82.42954,10,225,2,1.8703794,0.029494017,0.0,0.9507678410117435,0.015769003
FOODS_2_074,FOODS_2,1967,1870,28184.0,14.328419,10,199,8,2.5113728,0.06362518,0.004067107269954245,0.9506863243518048,0.02533482
HOUSEHOLD_1_510,HOUSEHOLD_1,2250,2139,23389.0,10.395111,10,225,6,4.8775735,0.17271683,0.006666666666666667,0.9506666666666667,0.0354104
FOODS_2_342,FOODS_2,2388,2270,36201.0,15.159548,10,277,4,5.937894,0.11117932,0.048994974874371856,0.9505862646566164,0.018723696
FOODS_3_776,FOODS_3,1212,1152,16020.0,13.217822,10,123,2,2.9775248,0.049710758,0.0024752475247524753,0.9504950495049505,0.01669533
HOBBIES_1_247,HOBBIES_1,1151,1094,5054.0,4.3909645,10,117,1,16.88,0.0,0.0,0.950477845351868,0.0
HOUSEHOLD_1_351,HOUSEHOLD_1,2078,1975,110738.0,53.290665,10,208,4,0.9754668,0.022022197,0.0019249278152069298,0.9504331087584216,0.02257606
HOUSEHOLD_1_003,HOUSEHOLD_1,1687,1603,11032.0,6.539419,10,173,1,8.97,0.0,0.0,0.950207468879668,0.0
HOUSEHOLD_1_061,HOUSEHOLD_1,2123,2017,20548.0,9.678757,10,213,3,1.8748045,0.024022777,0.0004710315591144607,0.9500706547338672,0.012813483
FOODS_3_181,FOODS_3,1861,1768,16588.0,8.913487,10,239,1,2.9800003,0.0,0.0,0.9500268672756582,0.0
HOUSEHOLD_2_213,HOUSEHOLD_2,1357,1289,18405.0,13.563006,10,137,2,0.96675754,0.010921191,0.0,0.9498894620486367,0.011296722
HOBBIES_1_151,HOBBIES_1,2770,2630,12890.0,4.6534295,10,277,8,5.14326,0.43899727,0.0,0.9494584837545126,0.085353896
HOUSEHOLD_2_049,HOUSEHOLD_2,1795,1704,8464.0,4.71532,10,181,1,3.4199998,0.0,0.0,0.9493036211699164,0.0
HOUSEHOLD_1_439,HOUSEHOLD_1,2769,2628,97769.0,35.308414,10,277,3,0.95783675,0.015412716,0.0,0.9490790899241603,0.016091172
HOBBIES_1_330,HOBBIES_1,2768,2627,26589.0,9.605852,10,277,9,7.6291766,0.2608422,0.05997109826589595,0.9490606936416185,0.034190085
HOUSEHOLD_1_030,HOUSEHOLD_1,2001,1899,16840.0,8.415792,10,201,6,4.926172,0.14070798,0.02048975512243878,0.9490254872563718,0.028563352
FOODS_3_413,FOODS_3,2489,2361,84343.0,33.8863,10,250,3,0.99932504,0.02138367,0.0016070711128967456,0.9485737243873041,0.021398112
HOUSEHOLD_1_457,HOUSEHOLD_1,1548,1468,15993.0,10.331395,10,190,2,10.057532,0.19007258,0.0,0.9483204134366925,0.01889853
FOODS_1_097,FOODS_1,1818,1724,26133.0,14.374587,10,203,1,0.98,0.0,0.0,0.9482948294829483,0.0
HOBBIES_1_258,HOBBIES_1,2766,2622,13508.0,4.8835864,10,277,10,11.475126,0.47652203,0.01012292118582791,0.9479392624728851,0.04152652
HOUSEHOLD_1_450,HOUSEHOLD_1,1566,1484,9046.0,5.7765007,10,200,2,3.439125,0.024307663,0.0,0.9476372924648787,0.007067979
FOODS_3_239,FOODS_3,2764,2619,15450.0,5.589725,10,277,8,1.8860275,0.14066334,0.002532561505065123,0.9475397973950795,0.07458181
FOODS_3_638,FOODS_3,1711,1621,28741.0,16.79778,10,172,5,1.4886383,0.03220662,0.004091174751607247,0.9473991817650497,0.021634955
FOODS_3_242,FOODS_3,2679,2538,18413.0,6.873087,10,277,8,9.624054,0.5766672,0.009705113848450915,0.9473684210526315,0.059919365
FOODS_3_688,FOODS_3,2216,2099,88959.0,40.14395,10,225,2,1.8702979,0.029605413,0.0,0.947202166064982,0.01582925
FOODS_1_110,FOODS_1,2286,2165,77324.0,33.825024,10,230,3,1.842887,0.106101304,0.030183727034120734,0.947069116360455,0.057573415
HOUSEHOLD_1_171,HOUSEHOLD_1,2204,2087,17289.0,7.8443737,10,221,3,8.965114,0.17775556,0.0009074410163339383,0.9469147005444646,0.019827474
FOODS_3_138,FOODS_3,2178,2062,31796.0,14.598715,10,228,1,1.98,0.0,0.0,0.9467401285583104,0.0
FOODS_3_026,FOODS_3,2495,2361,26472.0,10.61002,10,277,2,1.9798719,0.0064064106,0.0004008016032064128,0.9462925851703406,0.0032357704
HOBBIES_1_153,HOBBIES_1,2288,2165,27644.0,12.082168,10,230,6,6.178693,0.20646417,0.00043706293706293706,0.9462412587412588,0.03341551
HOBBIES_1_242,HOBBIES_1,2770,2621,25259.0,9.1187725,10,277,4,2.6937547,0.23832655,0.018772563176895306,0.9462093862815885,0.08847374
HOUSEHOLD_2_312,HOUSEHOLD_2,892,844,6437.0,7.2163677,10,91,1,3.97,0.0,0.0,0.9461883408071748,0.0
FOODS_3_265,FOODS_3,2766,2617,32702.0,11.822849,10,277,3,3.9461966,0.072688974,0.008315256688358641,0.9461315979754158,0.018420009
FOODS_3_489,FOODS_3,1149,1087,18386.0,16.001741,10,115,2,1.9246475,0.089518584,0.033942558746736295,0.9460400348128808,0.04651168
FOODS_3_085,FOODS_3,1072,1014,5165.0,4.818097,10,115,1,2.98,0.0,0.0,0.9458955223880597,0.0
HOUSEHOLD_1_345,HOUSEHOLD_1,2770,2620,19595.0,7.074007,10,277,9,3.936314,0.2126462,0.01227436823104693,0.9458483754512635,0.054021657
HOBBIES_1_168,HOBBIES_1,1108,1048,5515.0,4.977437,10,112,1,4.83,0.0,0.0,0.9458483754512635,0.0
HOUSEHOLD_1_142,HOUSEHOLD_1,1973,1866,17414.0,8.826153,10,199,10,5.9860415,0.22718178,0.011657374556512924,0.9457678661936137,0.03795192
HOUSEHOLD_1_426,HOUSEHOLD_1,1971,1864,23230.0,11.785895,10,198,3,2.5171385,0.05242084,0.0,0.945712836123795,0.020825569
HOUSEHOLD_2_301,HOUSEHOLD_2,2770,2619,20540.0,7.4151626,10,277,3,1.9757978,0.050952237,0.005415162454873646,0.9454873646209386,0.025788184
FOODS_2_108,FOODS_2,1531,1447,9006.0,5.8824296,10,166,5,3.1029718,0.19786273,0.0006531678641410843,0.9451338994121489,0.063765556
FOODS_3_217,FOODS_3,2770,2618,36543.0,13.192419,10,277,5,2.9555883,0.07567416,0.0007220216606498195,0.9451263537906137,0.025603756
FOODS_3_687,FOODS_3,2668,2521,17042.0,6.387556,10,277,8,2.8880587,0.15371022,0.010869565217391304,0.9449025487256372,0.05322268
FOODS_3_367,FOODS_3,2485,2348,31289.0,12.591146,10,277,4,2.651316,0.08726843,0.0008048289738430583,0.9448692152917505,0.032915138
FOODS_3_060,FOODS_3,1467,1386,7679.0,5.2344923,10,149,11,2.9646628,0.15412498,0.010906612133605999,0.9447852760736196,0.051987354
FOODS_3_509,FOODS_3,1873,1769,19020.0,10.154832,10,190,2,1.9735397,0.037151743,0.0,0.9444741057127602,0.018824928
HOUSEHOLD_1_173,HOUSEHOLD_1,2320,2191,58361.0,25.155603,10,274,1,0.9700001,0.0,0.0,0.944396551724138,0.0
FOODS_3_760,FOODS_3,719,679,30615.0,42.57997,10,75,4,2.8743675,0.08015556,0.008344923504867872,0.9443671766342142,0.02788633
FOODS_1_024,FOODS_1,2770,2615,21505.0,7.763538,10,277,8,4.7040615,0.2482617,0.001444043321299639,0.944043321299639,0.05277603
HOUSEHOLD_2_366,HOUSEHOLD_2,2765,2610,25095.0,9.07595,10,277,7,3.8311574,0.35393113,0.005786618444846293,0.9439421338155516,0.0923823
FOODS_2_164,FOODS_2,2764,2609,63317.0,22.907742,10,277,8,2.7908032,0.36261496,0.014109985528219971,0.9439218523878437,0.12993212
FOODS_3_715,FOODS_3,2228,2103,14172.0,6.360862,10,264,1,3.9800003,0.0,0.0,0.9438958707360862,0.0
FOODS_2_014,FOODS_2,2388,2254,22437.0,9.395729,10,277,13,2.7438612,0.27451354,0.010887772194304857,0.9438860971524288,0.10004644
HOBBIES_1_057,HOBBIES_1,2024,1910,9254.0,4.5721345,10,204,2,4.8357315,0.12552123,0.0,0.9436758893280632,0.02595703
FOODS_1_190,FOODS_1,1696,1600,22216.0,13.099056,10,170,2,0.9753774,0.012791932,0.0,0.9433962264150944,0.013114854
HOUSEHOLD_2_044,HOUSEHOLD_2,900,849,15375.0,17.083334,10,90,1,3.48,0.0,0.0,0.9433333333333334,0.0
HOUSEHOLD_1_265,HOUSEHOLD_1,2768,2611,13484.0,4.8713875,10,277,6,4.4702497,0.11660835,0.009031791907514452,0.9432803468208093,0.026085423
FOODS_2_325,FOODS_2,2325,2193,82778.0,35.60344,10,250,4,1.1803398,0.06314762,0.0,0.9432258064516129,0.053499524
HOUSEHOLD_1_279,HOUSEHOLD_1,2711,2557,21485.0,7.92512,10,277,2,0.97005534,0.0028808883,0.0036886757654002213,0.9431943932128366,0.0029698184
HOUSEHOLD_2_348,HOUSEHOLD_2,2767,2609,22485.0,8.126129,10,277,7,6.471088,0.2519206,0.0068666425731839535,0.942898445970365,0.038930178
FOODS_3_801,FOODS_3,2341,2207,58790.0,25.1132,10,236,1,1.0,0.0,0.0,0.9427595044852627,0.0
FOODS_3_812,FOODS_3,2770,2611,26951.0,9.729603,10,277,8,2.8259206,0.08856775,0.0068592057761732855,0.9425992779783393,0.031341203
HOUSEHOLD_1_176,HOUSEHOLD_1,2732,2575,15481.0,5.6665444,10,277,5,3.8876393,0.106928214,0.0,0.9425329428989752,0.027504664
FOODS_2_210,FOODS_2,990,933,7486.0,7.561616,10,99,2,3.7139394,0.08453545,0.08686868686868687,0.9424242424242424,0.022761667
FOODS_3_277,FOODS_3,1179,1111,20711.0,17.566582,10,118,2,1.9257166,0.08897585,0.03307888040712468,0.9423240033927057,0.04620402
HOUSEHOLD_1_455,HOUSEHOLD_1,1160,1093,8396.0,7.2379313,10,116,1,2.97,0.0,0.0,0.9422413793103448,0.0
FOODS_1_092,FOODS_1,2007,1891,22497.0,11.209268,10,202,4,1.8552965,0.09159387,0.0014947683109118087,0.9422022919780767,0.04936886
FOODS_3_023,FOODS_3,2663,2508,25559.0,9.597822,10,277,3,3.9491699,0.07004043,0.011641006383777694,0.9417949680811115,0.017735481
FOODS_3_768,FOODS_3,1099,1035,16999.0,15.467698,10,110,2,1.9219472,0.09081817,0.034576888080072796,0.9417652411282984,0.047253206
HOUSEHOLD_1_196,HOUSEHOLD_1,2770,2608,41658.0,15.038989,10,277,7,1.9274333,0.06383227,0.005776173285198556,0.9415162454873646,0.033117756
HOUSEHOLD_1_028,HOUSEHOLD_1,2683,2526,22103.0,8.238166,10,270,13,2.8711107,0.18553135,0.01900857249347745,0.9414834140887067,0.06462006
FOODS_1_043,FOODS_1,2285,2151,131988.0,57.762802,10,230,3,1.8436413,0.10523287,0.028446389496717725,0.9413566739606127,0.057078823
FOODS_3_189,FOODS_3,1516,1427,9130.0,6.0224276,10,155,5,2.5020976,0.0387386,0.001978891820580475,0.9412928759894459,0.01548245
FOODS_3_101,FOODS_3,2486,2340,64152.0,25.80531,10,250,2,0.9997225,0.007986621,0.0012067578439259854,0.9412711182622687,0.0079888385
FOODS_3_520,FOODS_3,2519,2371,17880.0,7.098055,10,277,3,3.972918,0.064009696,0.0,0.9412465263993648,0.016111506
HOBBIES_1_030,HOBBIES_1,1956,1841,30437.0,15.560839,10,201,4,0.7161707,0.03392952,0.03374233128834356,0.9412065439672802,0.0473763
HOUSEHOLD_1_416,HOUSEHOLD_1,2703,2544,56284.0,20.82279,10,277,12,3.524776,0.23094702,0.006289308176100629,0.9411764705882353,0.06552105
HOUSEHOLD_2_212,HOUSEHOLD_2,2770,2607,19680.0,7.104693,10,277,4,2.6631155,0.08664448,0.005054151624548736,0.9411552346570398,0.032535005
FOODS_1_194,FOODS_1,2768,2605,31572.0,11.40607,10,277,6,4.706225,0.23838031,0.000722543352601156,0.9411127167630058,0.050652128
HOUSEHOLD_1_024,HOUSEHOLD_1,1234,1161,10226.0,8.286872,10,162,1,1.47,0.0,0.0,0.9408427876823339,0.0
FOODS_3_533,FOODS_3,2770,2606,27213.0,9.824187,10,277,7,4.971545,0.112681605,0.019855595667870037,0.9407942238267148,0.022665309
FOODS_1_162,FOODS_1,2006,1887,67636.0,33.71685,10,202,3,1.8568794,0.0904918,0.0019940179461615153,0.940677966101695,0.048733268
HOUSEHOLD_1_156,HOUSEHOLD_1,809,761,11412.0,14.106304,10,81,1,2.73,0.0,0.0,0.9406674907292955,0.0
HOUSEHOLD_1_441,HOUSEHOLD_1,1095,1030,41090.0,37.525116,10,277,4,2.8355708,0.07422368,0.011872146118721462,0.9406392694063926,0.026175922
FOODS_3_047,FOODS_3,690,649,8661.0,12.552174,10,71,1,1.0,0.0,0.0,0.9405797101449276,0.0
HOBBIES_1_374,HOBBIES_1,1755,1650,7513.0,4.2809114,10,176,1,17.48,0.0,0.0,0.9401709401709402,0.0
FOODS_3_678,FOODS_3,2403,2259,29800.0,12.401165,10,251,4,4.9317355,0.12431772,0.0004161464835622139,0.9400749063670412,0.025207702
FOODS_3_310,FOODS_3,2481,2332,30733.0,12.387343,10,250,3,0.9998589,0.005207417,0.0008061265618702137,0.9399435711406691,0.005208152
FOODS_2_187,FOODS_2,798,750,3169.0,3.971178,10,90,2,5.105564,0.16399083,0.13032581453634084,0.9398496240601504,0.03212002
HOBBIES_1_073,HOBBIES_1,2759,2593,11414.0,4.1370063,10,277,4,5.3477526,0.1575456,0.0,0.9398332729249728,0.02946015
FOODS_3_154,FOODS_3,2762,2594,102554.0,37.13034,10,277,1,2.98,0.0,0.0,0.939174511223751,0.0
FOODS_3_071,FOODS_3,1624,1525,28207.0,17.368843,10,165,2,1.3391132,0.01784998,0.0024630541871921183,0.9390394088669951,0.0133297015
FOODS_3_581,FOODS_3,2475,2324,13624.0,5.5046463,10,277,6,3.0954425,0.3312515,0.01090909090909091,0.938989898989899,0.107012644
FOODS_3_311,FOODS_3,2770,2601,29358.0,10.598556,10,277,3,2.9469748,0.077783614,0.050902527075812276,0.9389891696750903,0.026394395
HOUSEHOLD_1_322,HOUSEHOLD_1,1146,1076,9155.0,7.988656,10,117,4,2.8585339,0.08006077,0.0008726003490401396,0.9389179755671903,0.028007634
HOUSEHOLD_1_363,HOUSEHOLD_1,1631,1531,6691.0,4.1023912,10,164,4,2.9680686,0.049582407,0.0018393623543838135,0.9386879215205396,0.016705276
HOUSEHOLD_1_069,HOUSEHOLD_1,2770,2600,14243.0,5.141877,10,277,2,1.9698304,0.008930135,0.00036101083032490973,0.9386281588447654,0.0045334534
FOODS_3_546,FOODS_3,2766,2596,72645.0,26.263557,10,277,5,5.975665,0.09204945,0.0502530730296457,0.9385394070860448,0.015404051
HOUSEHOLD_1_458,HOUSEHOLD_1,2570,2412,19851.0,7.7241244,10,257,11,2.4650273,0.10252258,0.04396887159533074,0.9385214007782101,0.04159085
FOODS_2_059,FOODS_2,2323,2180,28957.0,12.465346,10,277,4,5.9370685,0.113073416,0.050365906155832973,0.938441670253982,0.019045329
HOUSEHOLD_1_385,HOUSEHOLD_1,1555,1459,32473.0,20.882957,10,157,1,1.97,0.0,0.0,0.9382636655948553,0.0
HOBBIES_1_105,HOBBIES_1,2765,2593,12571.0,4.546474,10,277,4,6.6742063,0.11530173,0.009403254972875226,0.9377938517179023,0.01727572
FOODS_3_166,FOODS_3,691,648,6864.0,9.93343,10,71,1,1.0,0.0,0.0,0.9377713458755427,0.0
HOUSEHOLD_1_486,HOUSEHOLD_1,1943,1822,9291.0,4.7817807,10,199,7,18.058048,0.6383638,0.007205352547606794,0.9377251672671127,0.03535065
HOUSEHOLD_1_251,HOUSEHOLD_1,2553,2394,33109.0,12.968664,10,277,2,1.9798785,0.006135308,0.0003916960438699569,0.9377203290246768,0.0030988306
HOUSEHOLD_1_535,HOUSEHOLD_1,2750,2578,81902.0,29.782545,10,275,3,6.963091,0.10596733,0.005454545454545455,0.9374545454545454,0.015218432
FOODS_3_313,FOODS_3,2694,2525,101437.0,37.65293,10,273,6,1.8808055,0.11515526,0.055308092056421676,0.937268002969562,0.061226565
FOODS_3_202,FOODS_3,2770,2596,300096.0,108.337906,10,277,20,4.2564225,0.2903401,0.09927797833935018,0.9371841155234657,0.06821223
HOUSEHOLD_1_365,HOUSEHOLD_1,2770,2596,13148.0,4.7465706,10,277,7,4.0161695,0.1144914,0.04693140794223827,0.9371841155234657,0.028507613
FOODS_2_257,FOODS_2,1638,1534,30383.0,18.54884,10,188,2,0.99938947,0.017466078,0.001221001221001221,0.9365079365079365,0.017476747
HOBBIES_1_332,HOBBIES_1,2015,1887,7909.0,3.925062,10,203,4,7.8354244,0.12868686,0.0004962779156327543,0.9364764267990074,0.016423726
HOUSEHOLD_2_325,HOUSEHOLD_2,2770,2594,10082.0,3.6397111,10,277,5,3.7552273,0.23377652,0.005054151624548736,0.9364620938628159,0.062253628
HOUSEHOLD_1_103,HOUSEHOLD_1,2250,2107,20554.0,9.135111,10,225,3,4.88132,0.1367354,0.0057777777777777775,0.9364444444444444,0.02801197
FOODS_3_650,FOODS_3,1463,1370,7400.0,5.0580997,10,148,7,2.9722147,0.10582561,0.006151742993848257,0.9364319890635681,0.03560497
FOODS_3_136,FOODS_3,2770,2593,102211.0,36.899277,10,277,17,4.2701807,0.27180356,0.09530685920577617,0.936101083032491,0.06365153
HOUSEHOLD_1_316,HOUSEHOLD_1,2770,2593,13583.0,4.90361,10,277,4,3.9669566,0.019337574,0.00036101083032490973,0.936101083032491,0.0048746625
HOUSEHOLD_1_467,HOUSEHOLD_1,1141,1068,6069.0,5.3190184,10,118,3,11.804531,0.23793042,0.0,0.9360210341805434,0.020155855
FOODS_3_237,FOODS_3,1682,1574,29788.0,17.70987,10,180,3,0.99941736,0.013514683,0.002972651605231867,0.9357907253269917,0.013522562
HOUSEHOLD_2_447,HOUSEHOLD_2,2770,2592,16757.0,6.0494585,10,277,3,1.975556,0.054508515,0.005776173285198556,0.935740072202166,0.02759148
HOUSEHOLD_2_159,HOUSEHOLD_2,2639,2468,15532.0,5.885563,10,267,4,3.9429672,0.04111351,0.03220917014020462,0.9352027283061766,0.010427048
HOUSEHOLD_2_011,HOUSEHOLD_2,2157,2017,7378.0,3.4204915,10,217,2,5.627487,0.017845271,0.0,0.9350950394065832,0.0031710905
FOODS_3_704,FOODS_3,2770,2590,73841.0,26.6574,10,277,22,4.248978,0.30066377,0.10505415162454873,0.9350180505415162,0.07076143
FOODS_3_476,FOODS_3,2754,2575,72844.0,26.450254,10,277,4,5.9736457,0.09928696,0.050835148874364564,0.9350036310820624,0.016620832
FOODS_3_041,FOODS_3,2244,2098,26380.0,11.755794,10,226,13,2.9640954,0.12002909,0.023172905525846704,0.9349376114081996,0.04049434
FOODS_3_259,FOODS_3,2332,2180,48628.0,20.852488,10,235,7,1.6093224,0.15578991,0.034734133790737566,0.934819897084048,0.09680466
FOODS_2_321,FOODS_2,2192,2049,14495.0,6.6126823,10,249,13,2.9389327,0.16892186,0.06432481751824817,0.9347627737226277,0.05747728
HOUSEHOLD_2_196,HOUSEHOLD_2,1378,1288,11035.0,8.007982,10,169,1,2.27,0.0,0.0,0.9346879535558781,0.0
HOUSEHOLD_1_389,HOUSEHOLD_1,2770,2589,98752.0,35.650543,10,277,5,0.95695305,0.016968576,0.003971119133574007,0.9346570397111913,0.017731879
FOODS_3_418,FOODS_3,2433,2274,28965.0,11.905055,10,262,3,3.978504,0.047666583,0.0016440608302507192,0.9346485819975339,0.011981032
HOBBIES_1_155,HOBBIES_1,1498,1400,12064.0,8.053405,10,151,1,18.98,0.0,0.0,0.9345794392523364,0.0
HOUSEHOLD_1_469,HOUSEHOLD_1,2742,2562,20355.0,7.4234138,10,277,16,17.973858,0.70019835,0.03646973012399708,0.9343544857768052,0.038956486
FOODS_2_396,FOODS_2,2191,2047,17930.0,8.183477,10,250,8,2.9455361,0.14049642,0.0629849383842994,0.9342765860337745,0.04769808
HOUSEHOLD_2_142,HOUSEHOLD_2,2770,2587,26592.0,9.6,10,277,2,1.9704332,0.011393992,0.004693140794223827,0.9339350180505415,0.005782481
HOBBIES_1_232,HOBBIES_1,711,664,8386.0,11.794656,10,72,2,0.47597748,0.008022464,0.0,0.9338959212376934,0.016854713
FOODS_3_194,FOODS_3,2752,2570,33376.0,12.127907,10,276,5,2.951352,0.082160875,0.0014534883720930232,0.9338662790697675,0.027838387
HOBBIES_1_270,HOBBIES_1,2010,1877,8044.0,4.00199,10,203,3,4.844985,0.114493474,0.0,0.9338308457711443,0.023631338
FOODS_2_131,FOODS_2,1991,1859,30242.0,15.189352,10,212,5,6.036635,0.21212731,0.06780512305374184,0.9337016574585635,0.035139993
HOUSEHOLD_2_442,HOUSEHOLD_2,2500,2334,16581.0,6.6324,10,277,1,1.48,0.0,0.0,0.9336,0.0
FOODS_3_115,FOODS_3,2770,2586,29676.0,10.713357,10,277,21,4.26244,0.285742,0.10180505415162455,0.9335740072202167,0.06703719
FOODS_3_672,FOODS_3,2760,2576,91735.0,33.23732,10,277,6,2.4059095,0.17807408,0.00036231884057971015,0.9333333333333333,0.07401528
HOUSEHOLD_1_227,HOUSEHOLD_1,808,754,8724.0,10.7970295,10,81,1,2.73,0.0,0.0,0.9331683168316832,0.0
HOUSEHOLD_2_248,HOUSEHOLD_2,820,765,5046.0,6.1536584,10,88,2,9.090366,0.14713342,0.0,0.9329268292682927,0.016185643
HOUSEHOLD_1_495,HOUSEHOLD_1,1458,1360,9396.0,6.4444447,10,150,4,3.5956311,0.35954183,0.09190672153635117,0.9327846364883402,0.099994086
FOODS_3_681,FOODS_3,2766,2580,255492.0,92.36877,10,277,7,1.1033803,0.13020709,0.18799710773680406,0.9327548806941431,0.118007444
FOODS_1_122,FOODS_1,770,718,5701.0,7.4038963,10,77,1,1.98,0.0,0.0,0.9324675324675324,0.0
HOUSEHOLD_2_427,HOUSEHOLD_2,2765,2578,20008.0,7.2361665,10,277,5,3.2649765,0.31763446,0.08607594936708861,0.932368896925859,0.097285375
HOUSEHOLD_1_102,HOUSEHOLD_1,1151,1073,8110.0,7.0460467,10,118,4,17.91555,0.707696,0.0034752389226759338,0.9322328410078193,0.039501775
HOUSEHOLD_1_058,HOUSEHOLD_1,1475,1375,11647.0,7.896271,10,148,1,6.48,0.0,0.0,0.9322033898305084,0.0
FOODS_3_792,FOODS_3,2770,2582,79484.0,28.694584,10,277,1,1.0,0.0,0.0,0.932129963898917,0.0
HOUSEHOLD_1_100,HOUSEHOLD_1,2768,2579,21114.0,7.62789,10,277,4,8.031416,0.1704575,0.008309248554913294,0.9317196531791907,0.021223841
FOODS_2_279,FOODS_2,1807,1683,13760.0,7.6148314,10,198,7,2.5129938,0.051902343,0.003320420586607637,0.9313779745434422,0.020653589
FOODS_3_046,FOODS_3,1863,1735,13976.0,7.5018787,10,189,3,1.9738057,0.041534208,0.0010735373054213634,0.9312936124530328,0.021042705
FOODS_2_379,FOODS_2,480,447,3002.0,6.2541666,10,90,1,6.98,0.0,0.0,0.93125,0.0
HOBBIES_1_204,HOBBIES_1,770,717,4534.0,5.888312,10,77,2,9.915844,0.11216424,0.0,0.9311688311688312,0.011311618
HOUSEHOLD_2_382,HOUSEHOLD_2,867,807,3955.0,4.561707,10,98,1,3.4799998,0.0,0.0,0.9307958477508651,0.0
FOODS_1_163,FOODS_1,1025,954,20148.0,19.656586,10,105,2,0.9724683,0.01564547,0.0,0.9307317073170732,0.016088411
FOODS_3_184,FOODS_3,2770,2578,38163.0,13.777256,10,277,3,3.065722,0.17970605,0.004693140794223827,0.9306859205776173,0.058617856
HOBBIES_1_055,HOBBIES_1,2712,2524,20631.0,7.6073008,10,277,8,8.4640665,0.6525477,0.052728613569321535,0.9306784660766961,0.07709624
FOODS_2_253,FOODS_2,605,563,3054.0,5.047934,10,85,4,7.8009095,0.27928835,0.0743801652892562,0.9305785123966942,0.035802025
FOODS_3_308,FOODS_3,2403,2236,21415.0,8.911777,10,251,3,4.933225,0.11646775,0.0,0.9305035372451103,0.023608847
HOUSEHOLD_1_537,HOUSEHOLD_1,2770,2577,21364.0,7.7126355,10,277,5,15.967004,0.24774368,0.00036101083032490973,0.9303249097472924,0.015515978
FOODS_1_006,FOODS_1,2770,2577,22613.0,8.163538,10,277,4,2.2174766,0.11782343,0.0,0.9303249097472924,0.053134013
FOODS_3_658,FOODS_3,1593,1482,7990.0,5.0156937,10,160,3,2.7989013,0.06995231,0.0006277463904582549,0.9303201506591338,0.024992775
HOBBIES_1_129,HOBBIES_1,2002,1862,9314.0,4.6523476,10,201,2,4.846833,0.11033033,0.0,0.9300699300699301,0.022763385
FOODS_3_290,FOODS_3,2759,2566,62534.0,22.665459,10,277,1,1.0,0.0,0.0,0.9300471185212034,0.0
FOODS_2_130,FOODS_2,1029,957,8085.0,7.857143,10,109,4,1.5621866,0.076529674,0.052478134110787174,0.9300291545189504,0.04898882
HOUSEHOLD_1_522,HOUSEHOLD_1,2770,2576,26197.0,9.4574,10,277,4,1.7828882,0.050782602,0.04693140794223827,0.9299638989169675,0.028483335
FOODS_3_459,FOODS_3,1956,1819,47924.0,24.501022,10,224,3,1.8686861,0.03427379,0.0005112474437627812,0.929959100204499,0.018341117
HOUSEHOLD_1_480,HOUSEHOLD_1,1438,1337,8832.0,6.141864,10,145,2,2.7431571,0.018799486,0.0,0.9297635605006954,0.0068532294
FOODS_3_058,FOODS_3,1406,1307,11096.0,7.891892,10,142,1,1.9800001,0.0,0.0,0.9295874822190612,0.0
FOODS_3_437,FOODS_3,1434,1333,12371.0,8.626918,10,144,1,1.0,0.0,0.0,0.9295676429567643,0.0
FOODS_3_108,FOODS_3,2496,2320,51691.0,20.709536,10,250,2,0.99990785,0.004603685,0.00040064102564102563,0.9294871794871795,0.004604109
HOUSEHOLD_1_350,HOUSEHOLD_1,2736,2543,23590.0,8.622076,10,277,3,2.848487,0.12462879,0.04788011695906433,0.9294590643274854,0.04375263
FOODS_3_065,FOODS_3,2575,2393,17493.0,6.793398,10,277,4,3.6274564,0.41579202,0.0,0.9293203883495146,0.11462358
HOUSEHOLD_1_370,HOUSEHOLD_1,2770,2573,28178.0,10.172564,10,277,6,6.9307904,0.24931863,0.05740072202166065,0.9288808664259928,0.03597261
HOBBIES_1_085,HOBBIES_1,1835,1704,8120.0,4.425068,10,203,2,14.723968,0.0469803,0.0,0.9286103542234332,0.0031907363
HOUSEHOLD_1_292,HOUSEHOLD_1,2108,1957,23639.0,11.213947,10,224,4,6.622581,0.2600766,0.055977229601518026,0.9283681214421252,0.039271187
FOODS_3_599,FOODS_3,962,893,9836.0,10.224532,10,98,2,1.7978795,0.27601385,0.0,0.9282744282744283,0.1535219
FOODS_1_058,FOODS_1,2285,2121,54974.0,24.058643,10,230,3,1.8452516,0.10346576,0.024945295404814005,0.9282275711159738,0.056071356
FOODS_3_429,FOODS_3,1153,1070,11463.0,9.941891,10,125,1,5.98,0.0,0.0,0.9280138768430182,0.0
FOODS_3_525,FOODS_3,1205,1118,14141.0,11.73527,10,125,4,1.996639,0.050305445,0.004149377593360996,0.9278008298755187,0.025195062
FOODS_3_467,FOODS_3,2770,2570,17598.0,6.353069,10,277,9,1.9588916,0.085503,0.04945848375451264,0.927797833935018,0.04364866
FOODS_3_385,FOODS_3,2756,2557,22749.0,8.2543545,10,277,7,2.976749,0.06190582,0.0043541364296081275,0.9277939042089985,0.020796454
HOUSEHOLD_1_490,HOUSEHOLD_1,2770,2568,14989.0,5.4111915,10,277,6,12.671195,0.5528994,0.005415162454873646,0.9270758122743682,0.043634355
FOODS_2_171,FOODS_2,2669,2474,32673.0,12.241664,10,277,13,2.863241,0.14148317,0.04496065942300487,0.926938928437617,0.049413644
FOODS_3_300,FOODS_3,2679,2483,54076.0,20.185144,10,277,6,3.9894252,0.1018993,0.029488615154908547,0.9268383725270624,0.025542352
HOBBIES_1_353,HOBBIES_1,1517,1406,26837.0,17.690838,10,152,5,1.0167964,0.05036432,0.003955174686882004,0.926829268292683,0.049532358
FOODS_3_094,FOODS_3,1746,1618,14992.0,8.586483,10,175,2,2.9782817,0.04142757,0.001718213058419244,0.9266895761741123,0.01390989
FOODS_3_321,FOODS_3,1695,1570,31700.0,18.702065,10,232,7,1.3994278,0.10356842,0.010619469026548672,0.9262536873156342,0.07400769
FOODS_1_027,FOODS_1,1840,1704,37157.0,20.194021,10,186,3,1.864,0.09206285,0.0005434782608695652,0.9260869565217391,0.049389943
HOBBIES_1_173,HOBBIES_1,2049,1897,7665.0,3.7408493,10,205,3,10.966833,0.101645514,0.0009760858955588092,0.9258174719375305,0.009268447
HOBBIES_1_147,HOBBIES_1,2615,2421,41021.0,15.686807,10,277,5,10.052126,0.31443325,0.0745697896749522,0.9258126195028681,0.03128027
HOUSEHOLD_1_194,HOUSEHOLD_1,2224,2059,17004.0,7.6456833,10,223,1,4.98,0.0,0.0,0.9258093525179856,0.0
FOODS_3_074,FOODS_3,1671,1547,12067.0,7.221424,10,168,2,4.2726393,0.24641071,0.0,0.9257929383602633,0.05767178
FOODS_1_051,FOODS_1,1859,1721,12985.0,6.984938,10,202,1,3.87,0.0,0.0,0.9257665411511565,0.0
FOODS_1_132,FOODS_1,1839,1702,13356.0,7.262643,10,186,3,1.8642415,0.09207949,0.000543773790103317,0.9255029907558455,0.04939247
HOBBIES_1_004,HOBBIES_1,2748,2543,39584.0,14.404658,10,277,4,4.5003495,0.20471948,0.0,0.9254002911208151,0.045489684
FOODS_3_280,FOODS_3,2422,2241,11873.0,4.902147,10,277,15,4.2741084,0.1463106,0.040049545829892653,0.9252683732452519,0.03423184
FOODS_1_120,FOODS_1,2284,2113,26960.0,11.803853,10,230,3,1.8454816,0.1032545,0.024956217162872153,0.9251313485113836,0.055949893
HOUSEHOLD_1_449,HOUSEHOLD_1,1348,1247,10480.0,7.774481,10,170,5,15.12454,0.30960092,0.000741839762611276,0.9250741839762612,0.020470105
HOUSEHOLD_1_129,HOUSEHOLD_1,2770,2562,26715.0,9.644404,10,277,7,3.8831372,0.11210202,0.007220216606498195,0.9249097472924188,0.02886893
FOODS_3_577,FOODS_3,2764,2556,34695.0,12.552461,10,277,3,3.065745,0.17973055,0.004703328509406657,0.9247467438494935,0.058625404
HOUSEHOLD_1_301,HOUSEHOLD_1,2015,1863,13462.0,6.6808934,10,202,3,4.8785114,0.13712095,0.0064516129032258064,0.9245657568238214,0.028107129
HOBBIES_1_343,HOBBIES_1,2770,2561,13441.0,4.8523464,10,277,8,5.1496754,0.29741013,0.0,0.9245487364620939,0.05775318
HOUSEHOLD_1_321,HOUSEHOLD_1,2769,2560,38406.0,13.869989,10,277,7,2.9628205,0.09484942,0.007945106536655833,0.9245214879017696,0.03201322
FOODS_3_368,FOODS_3,2767,2558,53227.0,19.236357,10,277,4,5.9774704,0.08174323,0.04987350921575714,0.9244669316949765,0.013675221
HOUSEHOLD_1_398,HOUSEHOLD_1,2192,2026,8903.0,4.061588,10,220,3,2.877938,0.031310096,0.0,0.9242700729927007,0.010879351
HOBBIES_1_373,HOBBIES_1,1504,1390,7233.0,4.8091755,10,151,1,14.72,0.0,0.0,0.9242021276595744,0.0
FOODS_3_789,FOODS_3,1687,1559,67522.0,40.024895,10,172,4,1.4892651,0.025492623,0.0023710729104919974,0.9241256668642561,0.017117586
HOBBIES_1_415,HOBBIES_1,2770,2559,14083.0,5.0841155,10,277,4,6.67452,0.11621264,0.009386281588447653,0.9238267148014441,0.017411387
FOODS_3_132,FOODS_3,2747,2537,43362.0,15.78522,10,277,7,2.6488132,0.08366326,0.04878048780487805,0.9235529668729523,0.031585187
FOODS_3_505,FOODS_3,2184,2017,35747.0,16.367674,10,220,6,3.4704762,0.11979424,0.005952380952380952,0.9235347985347986,0.0345181
FOODS_3_098,FOODS_3,2641,2439,22075.0,8.358576,10,277,17,4.2659717,0.28274944,0.10223400227186671,0.9235138205225294,0.0662802
HOUSEHOLD_1_460,HOUSEHOLD_1,2770,2558,21581.0,7.7909746,10,277,6,3.8974764,0.12987877,0.001444043321299639,0.9234657039711192,0.033323813
HOUSEHOLD_1_048,HOUSEHOLD_1,2770,2558,36972.0,13.347292,10,277,2,2.8396065,0.020710308,0.00036101083032490973,0.9234657039711192,0.0072933724
FOODS_2_151,FOODS_2,1527,1410,21625.0,14.161755,10,170,6,1.938186,0.14912736,0.06155861165684348,0.9233791748526523,0.07694172
FOODS_2_244,FOODS_2,2570,2373,96308.0,37.47393,10,277,9,5.7876306,0.15864414,0.004280155642023347,0.9233463035019456,0.027410896
HOUSEHOLD_1_162,HOUSEHOLD_1,2765,2553,22795.0,8.2441225,10,277,17,5.6324844,0.4003131,0.02423146473779385,0.9233273056057866,0.071072206
FOODS_3_708,FOODS_3,2491,2300,23119.0,9.281012,10,250,4,2.857463,0.10967637,0.05820955439582497,0.923323966278603,0.03838243
HOUSEHOLD_1_479,HOUSEHOLD_1,2491,2300,10630.0,4.2673626,10,250,3,7.4865594,0.14426716,0.017663588920112404,0.923323966278603,0.019270154
FOODS_3_097,FOODS_3,2568,2371,35126.0,13.678349,10,277,4,2.0121222,0.09852345,0.005451713395638629,0.9232866043613707,0.048964947
HOBBIES_1_097,HOBBIES_1,2754,2542,11637.0,4.22549,10,277,8,4.168609,0.13031119,0.042846768336964415,0.9230210602759622,0.031260114
FOODS_3_139,FOODS_3,2518,2324,30308.0,12.036537,10,277,5,4.9507823,0.11281525,0.0015885623510722795,0.9229547259729944,0.022787359
HOUSEHOLD_2_140,HOUSEHOLD_2,2770,2556,16075.0,5.803249,10,277,2,6.9741516,0.045379728,0.004693140794223827,0.9227436823104693,0.006506846
FOODS_2_232,FOODS_2,2381,2197,19591.0,8.228055,10,277,5,2.3519444,0.1878481,0.0,0.9227215455690886,0.07986928
FOODS_3_392,FOODS_3,2760,2546,18293.0,6.6278987,10,277,8,3.8665364,0.16168793,0.01956521739130435,0.922463768115942,0.04181725
FOODS_1_172,FOODS_1,2770,2555,33377.0,12.0494585,10,277,6,1.8747905,0.08887998,0.00036101083032490973,0.9223826714801444,0.04740795
HOBBIES_1_201,HOBBIES_1,2764,2549,23218.0,8.400145,10,277,9,5.5033107,0.3724441,0.014833574529667149,0.9222141823444283,0.06767637
FOODS_2_383,FOODS_2,1478,1363,18291.0,12.375507,10,170,6,1.9401488,0.15150468,0.061569688768606225,0.922192151556157,0.07808921
HOUSEHOLD_1_382,HOUSEHOLD_1,937,864,7247.0,7.734258,10,96,1,2.28,0.0,0.0,0.9220917822838848,0.0
FOODS_2_002,FOODS_2,1590,1466,25762.0,16.202517,10,172,7,1.9358869,0.14658199,0.05786163522012579,0.9220125786163522,0.07571826
HOUSEHOLD_1_494,HOUSEHOLD_1,2521,2324,48699.0,19.317335,10,273,1,7.97,0.0,0.0,0.9218564061880207,0.0
FOODS_2_019,FOODS_2,2471,2277,99893.0,40.426144,10,277,12,3.171817,0.19408326,0.04411169566976932,0.9214892755969243,0.061189927
HOUSEHOLD_2_072,HOUSEHOLD_2,1029,948,4450.0,4.324587,10,104,1,2.58,0.0,0.0,0.9212827988338192,0.0
HOUSEHOLD_1_070,HOUSEHOLD_1,2534,2334,10342.0,4.0812945,10,255,7,3.6765666,0.3307472,0.0031570639305445935,0.9210734017363852,0.08996089
FOODS_3_269,FOODS_3,2770,2551,17875.0,6.4530687,10,277,13,2.9746535,0.12996668,0.09819494584837545,0.9209386281588448,0.043691367
HOUSEHOLD_2_201,HOUSEHOLD_2,2770,2551,12627.0,4.5584836,10,277,6,6.0485487,0.2574059,0.0010830324909747292,0.9209386281588448,0.04255664
HOUSEHOLD_2_061,HOUSEHOLD_2,1644,1514,8540.0,5.1946473,10,167,2,2.9688017,0.04858647,0.0,0.9209245742092458,0.016365683
HOUSEHOLD_2_440,HOUSEHOLD_2,2770,2550,28499.0,10.288447,10,277,2,0.9707365,0.0046431916,0.0,0.9205776173285198,0.004783164
FOODS_3_070,FOODS_3,1762,1622,96181.0,54.586266,10,179,7,0.20196936,0.016603509,0.009648127128263337,0.9205448354143019,0.08220806
FOODS_2_327,FOODS_2,2388,2198,21687.0,9.081658,10,277,9,1.9117966,0.118135564,0.017169179229480736,0.9204355108877722,0.06179296
FOODS_2_267,FOODS_2,2375,2186,23223.0,9.778106,10,277,15,1.8619832,0.1476091,0.04715789473684211,0.9204210526315789,0.079275206
HOUSEHOLD_1_040,HOUSEHOLD_1,2375,2186,66381.0,27.949894,10,252,5,4.5240126,0.28146097,0.002105263157894737,0.9204210526315789,0.062214896
FOODS_3_212,FOODS_3,2770,2548,19255.0,6.9512634,10,277,2,2.9486642,0.07271266,0.04693140794223827,0.91985559566787,0.024659526
HOUSEHOLD_1_050,HOUSEHOLD_1,1352,1243,23610.0,17.463018,10,149,3,3.6902144,0.20213632,0.0,0.9193786982248521,0.054776307
FOODS_1_210,FOODS_1,1685,1549,30195.0,17.919882,10,170,4,1.8665401,0.11538106,0.048071216617210685,0.9192878338278931,0.061815474
FOODS_3_698,FOODS_3,1189,1093,15304.0,12.871321,10,121,1,1.0,0.0,0.0,0.9192598822539949,0.0
FOODS_2_122,FOODS_2,1954,1796,11147.0,5.704708,10,215,4,4.8621798,0.11296524,0.0010235414534288639,0.9191402251791198,0.023233457
FOODS_2_247,FOODS_2,2766,2542,34779.0,12.573752,10,277,12,2.1380982,0.16712113,0.020607375271149676,0.9190166305133767,0.078163445
FOODS_3_584,FOODS_3,2651,2436,35031.0,13.214259,10,277,1,1.0,0.0,0.0,0.918898528857035,0.0
HOUSEHOLD_2_081,HOUSEHOLD_2,1097,1008,3790.0,3.454877,10,113,1,2.57,0.0,0.0,0.918869644484959,0.0
FOODS_3_545,FOODS_3,1193,1096,12454.0,10.439229,10,143,1,1.0,0.0,0.0,0.9186923721709975,0.0
FOODS_3_794,FOODS_3,2767,2542,23941.0,8.652331,10,277,8,2.7960608,0.115955696,0.05529454282616552,0.9186844958438742,0.041471094
HOUSEHOLD_1_327,HOUSEHOLD_1,2760,2535,130544.0,47.29855,10,277,4,0.95705795,0.016715776,0.002898550724637681,0.9184782608695652,0.017465793
FOODS_2_204,FOODS_2,2379,2185,66434.0,27.925179,10,277,6,0.9493989,0.08071028,0.059688944934846576,0.9184531315678857,0.08501198
HOUSEHOLD_1_155,HOUSEHOLD_1,2379,2185,8527.0,3.584279,10,239,2,3.4698572,0.006970783,0.0004203446826397646,0.9184531315678857,0.0020089538
HOUSEHOLD_1_396,HOUSEHOLD_1,1189,1092,8218.0,6.9116907,10,123,4,3.964735,0.091314025,0.00336417157275021,0.9184188393608074,0.023031559
HOBBIES_1_420,HOBBIES_1,2770,2544,13709.0,4.9490976,10,277,8,5.709238,0.070545115,0.004693140794223827,0.9184115523465703,0.01235631
HOBBIES_1_319,HOBBIES_1,2770,2544,47840.0,17.270758,10,277,5,1.0093573,0.06849214,0.010108303249097473,0.9184115523465703,0.067857176
HOUSEHOLD_2_217,HOUSEHOLD_2,2770,2543,14693.0,5.3043323,10,277,3,2.8669674,0.077274166,0.009747292418772563,0.9180505415162454,0.026953276
FOODS_1_130,FOODS_1,2769,2542,23326.0,8.42398,10,277,5,1.7491188,0.09775116,0.0314192849404117,0.9180209461899603,0.05588595
FOODS_3_423,FOODS_3,2244,2060,19007.0,8.470142,10,226,12,2.9654634,0.11143297,0.0213903743315508,0.9180035650623886,0.037576918
HOBBIES_1_277,HOBBIES_1,2770,2542,18523.0,6.6870036,10,277,8,1.7235235,0.07410282,0.01588447653429603,0.9176895306859206,0.042994957
HOUSEHOLD_2_437,HOUSEHOLD_2,2756,2529,16263.0,5.9009433,10,277,10,7.7278337,0.4323777,0.01269956458635704,0.9176342525399129,0.055950698
FOODS_3_621,FOODS_3,822,754,7861.0,9.56326,10,87,3,1.5016057,0.018893905,0.040145985401459854,0.9172749391727494,0.012582467
FOODS_1_004,FOODS_1,2200,2018,132075.0,60.034092,10,220,3,1.8461,0.10648664,0.029545454545454545,0.9172727272727272,0.057681948
FOODS_3_042,FOODS_3,2725,2499,94358.0,34.62679,10,277,3,1.6005504,0.079437174,0.0,0.9170642201834862,0.04963116
FOODS_3_273,FOODS_3,2564,2351,24429.0,9.527691,10,277,3,2.0129251,0.0980259,0.005070202808112325,0.9169266770670826,0.048698235
FOODS_3_695,FOODS_3,2675,2452,75980.0,28.403738,10,277,5,3.9909232,0.08999425,0.029158878504672896,0.9166355140186916,0.022549734
HOUSEHOLD_1_376,HOUSEHOLD_1,2770,2539,19000.0,6.8592057,10,277,9,5.0156717,0.26748538,0.01407942238267148,0.9166064981949459,0.053329922
HOUSEHOLD_1_088,HOUSEHOLD_1,2770,2539,13428.0,4.8476534,10,277,4,5.968859,0.07010078,0.011913357400722021,0.9166064981949459,0.011744418
HOBBIES_1_344,HOBBIES_1,707,648,2445.0,3.4582744,10,72,3,11.83669,0.16894883,0.0014144271570014145,0.9165487977369166,0.0142733175
FOODS_3_615,FOODS_3,2704,2478,22512.0,8.325444,10,277,18,4.247226,0.31270885,0.11501479289940829,0.9164201183431953,0.07362661
HOBBIES_1_056,HOBBIES_1,1565,1434,20600.0,13.162939,10,169,1,0.94,0.0,0.0,0.91629392971246,0.0
FOODS_2_038,FOODS_2,2337,2141,13018.0,5.5703893,10,271,14,6.0331707,0.3206077,0.0068463842533162175,0.9161317928968763,0.05314083
HOUSEHOLD_1_519,HOUSEHOLD_1,2767,2534,24342.0,8.797254,10,277,8,4.858529,0.15150382,0.04662088904951211,0.9157932779183231,0.031183062
FOODS_3_051,FOODS_3,1389,1272,14693.0,10.578114,10,143,1,1.98,0.0,0.0,0.9157667386609071,0.0
HOUSEHOLD_1_053,HOUSEHOLD_1,2765,2532,35163.0,12.717179,10,277,6,15.029598,0.21428883,0.004701627486437613,0.9157323688969259,0.014257789
HOUSEHOLD_1_080,HOUSEHOLD_1,1539,1409,8225.0,5.3443794,10,181,4,10.05319,0.23035286,0.001299545159194282,0.9155295646523717,0.02291341
HOUSEHOLD_2_203,HOUSEHOLD_2,1621,1484,10772.0,6.645281,10,165,1,2.97,0.0,0.0,0.9154842689697718,0.0
FOODS_3_100,FOODS_3,2022,1851,19408.0,9.598417,10,224,1,3.98,0.0,0.0,0.9154302670623146,0.0
FOODS_3_752,FOODS_3,2766,2532,204509.0,73.93673,10,277,8,0.20060375,0.015706297,0.009399855386840203,0.9154013015184381,0.078295134
FOODS_3_122,FOODS_3,1216,1113,5473.0,4.5008225,10,122,3,2.4967186,0.0833309,0.001644736842105263,0.915296052631579,0.03337617
FOODS_3_574,FOODS_3,2769,2534,87042.0,31.434452,10,277,4,5.9771104,0.0901125,0.04983748645720477,0.9151318165402672,0.015076265
FOODS_2_392,FOODS_2,2669,2442,12949.0,4.8516297,10,277,1,4.98,0.0,0.0,0.9149494192581491,0.0
FOODS_3_547,FOODS_3,2666,2439,181744.0,68.17104,10,277,9,0.20042387,0.017502839,0.014253563390847712,0.9148537134283571,0.08732911
HOUSEHOLD_2_451,HOUSEHOLD_2,1785,1633,6490.0,3.6358542,10,181,1,3.42,0.0,0.0,0.9148459383753501,0.0
FOODS_2_285,FOODS_2,2770,2534,53364.0,19.264982,10,277,10,3.5791047,0.5510847,0.0631768953068592,0.9148014440433213,0.15397277
HOBBIES_1_064,HOBBIES_1,2713,2481,20046.0,7.3888683,10,277,12,12.888271,0.2415859,0.019535569480280134,0.914485809067453,0.01874463
FOODS_3_495,FOODS_3,2421,2213,32458.0,13.406857,10,277,9,1.9447956,0.2215998,0.0107393638992152,0.9140850888062784,0.11394504
HOUSEHOLD_1_046,HOUSEHOLD_1,2770,2532,12991.0,4.689892,10,277,3,3.7482347,0.0631309,0.0,0.9140794223826715,0.016842835
HOUSEHOLD_2_335,HOUSEHOLD_2,903,825,4863.0,5.385382,10,98,2,6.209435,0.2889932,0.0,0.9136212624584718,0.046540983
HOUSEHOLD_1_445,HOUSEHOLD_1,2695,2462,36595.0,13.57885,10,271,6,1.9295362,0.055574622,0.005194805194805195,0.913543599257885,0.028802061
FOODS_3_306,FOODS_3,1845,1685,23709.0,12.850407,10,209,7,1.5578699,0.084037,0.05094850948509485,0.9132791327913279,0.053943526
HOUSEHOLD_1_380,HOUSEHOLD_1,1439,1314,5672.0,3.941626,10,144,1,4.57,0.0,0.0,0.9131341209173037,0.0
FOODS_2_120,FOODS_2,1564,1428,8489.0,5.427749,10,157,2,2.711458,0.024714291,0.0,0.9130434782608695,0.009114761
FOODS_1_178,FOODS_1,2770,2529,14016.0,5.059928,10,277,6,9.267466,0.46370667,0.0007220216606498195,0.9129963898916967,0.050035976
HOUSEHOLD_1_192,HOUSEHOLD_1,2770,2529,9096.0,3.2837546,10,277,3,3.6323395,0.10098763,0.009386281588447653,0.9129963898916967,0.027802365
HOUSEHOLD_1_014,HOUSEHOLD_1,2204,2012,10254.0,4.65245,10,221,3,17.957314,0.42211133,0.0009074410163339383,0.9128856624319419,0.023506375
HOUSEHOLD_1_291,HOUSEHOLD_1,2163,1974,18161.0,8.396209,10,221,3,3.6911325,0.09193151,0.0,0.912621359223301,0.024906043
FOODS_3_119,FOODS_3,685,625,3819.0,5.5751824,10,70,1,4.28,0.0,0.0,0.9124087591240876,0.0
FOODS_2_125,FOODS_2,1278,1166,10142.0,7.9358373,10,163,4,2.4699767,0.18341132,0.0,0.9123630672926447,0.07425629
HOBBIES_1_010,HOBBIES_1,2770,2527,11832.0,4.27148,10,277,3,2.9747653,0.036933266,0.047292418772563176,0.9122743682310469,0.012415523
HOUSEHOLD_1_424,HOUSEHOLD_1,2696,2459,12804.0,4.749258,10,270,11,2.956621,0.15906863,0.00741839762611276,0.9120919881305638,0.05380082
FOODS_2_326,FOODS_2,2434,2220,138243.0,56.79663,10,277,7,0.9505916,0.08051048,0.062448644207066556,0.9120788824979458,0.08469513
HOUSEHOLD_2_470,HOUSEHOLD_2,2751,2509,21220.0,7.7135587,10,277,2,0.96640134,0.017636467,0.039985459832788076,0.9120319883678663,0.018249629
FOODS_3_048,FOODS_3,2137,1949,24641.0,11.53065,10,219,6,1.5013196,0.045741282,0.052877866167524566,0.9120262049602246,0.030467384
FOODS_2_079,FOODS_2,2496,2276,12965.0,5.1943107,10,277,13,3.8206651,0.16617334,0.07251602564102565,0.9118589743589743,0.0434933
FOODS_3_195,FOODS_3,2722,2482,42812.0,15.728141,10,277,5,2.6502059,0.0720613,0.049595885378398236,0.9118295371050698,0.02719083
FOODS_3_475,FOODS_3,2770,2525,46112.0,16.64693,10,277,2,0.9998195,0.009500142,0.00036101083032490973,0.9115523465703971,0.009501857
FOODS_3_785,FOODS_3,2498,2277,126802.0,50.76141,10,277,10,3.0906806,0.27620986,0.10608486789431545,0.911529223378703,0.08936862
FOODS_3_498,FOODS_3,2745,2502,168224.0,61.28379,10,277,7,0.20081602,0.01589612,0.008743169398907104,0.9114754098360656,0.07915763
FOODS_3_770,FOODS_3,1840,1677,14471.0,7.864674,10,184,4,3.9756632,0.10776182,0.0016304347826086956,0.9114130434782609,0.02710537
FOODS_3_006,FOODS_3,1004,915,5111.0,5.0906377,10,119,1,7.88,0.0,0.0,0.9113545816733067,0.0
FOODS_3_746,FOODS_3,2770,2524,65094.0,23.49964,10,277,8,1.9658773,0.07119655,0.025992779783393503,0.9111913357400722,0.03621617
FOODS_3_324,FOODS_3,2498,2275,68650.0,27.481985,10,277,11,3.1047077,0.25447476,0.09487590072057646,0.910728582866293,0.08196416
FOODS_3_369,FOODS_3,2770,2522,27137.0,9.796751,10,277,3,3.9445488,0.07413566,0.007581227436823105,0.9104693140794223,0.018794458
HOBBIES_1_249,HOBBIES_1,2725,2481,11425.0,4.1926603,10,277,4,4.9167376,0.10948595,0.005137614678899082,0.9104587155963303,0.022268007
FOODS_1_177,FOODS_1,2769,2521,12500.0,4.514265,10,277,4,8.6133,0.28492773,0.00036114120621162876,0.9104369808595161,0.03307997
FOODS_3_488,FOODS_3,2434,2216,16701.0,6.8615446,10,245,9,4.263591,0.3660172,0.05834018077239113,0.9104354971240756,0.08584717
HOBBIES_1_367,HOBBIES_1,2768,2520,15325.0,5.5364885,10,277,5,8.36763,0.30320126,0.00939306358381503,0.9104046242774566,0.036235023
FOODS_3_158,FOODS_3,1666,1516,5959.0,3.5768306,10,168,4,6.077485,0.15384309,0.0006002400960384153,0.9099639855942377,0.02531361
HOBBIES_1_206,HOBBIES_1,877,798,4664.0,5.31813,10,88,3,2.9646978,0.1611455,0.29646522234891676,0.9099201824401368,0.05435478
HOBBIES_1_108,HOBBIES_1,2742,2495,19598.0,7.147338,10,277,6,12.767162,0.40684274,0.01787016776075857,0.9099197665937272,0.03186634
HOUSEHOLD_1_468,HOUSEHOLD_1,2770,2520,12131.0,4.379422,10,277,4,4.9810038,0.035144076,0.007581227436823105,0.9097472924187726,0.007055621
FOODS_3_710,FOODS_3,1490,1355,4978.0,3.3409395,10,151,11,2.9630537,0.15452869,0.012751677852348993,0.9093959731543624,0.052151836
FOODS_3_332,FOODS_3,2416,2197,40622.0,16.813742,10,264,1,1.98,0.0,0.0,0.9093543046357616,0.0
FOODS_3_076,FOODS_3,2302,2093,48102.0,20.895742,10,277,10,1.0944179,0.1275534,0.18114682884448305,0.9092093831450913,0.11654908
FOODS_3_079,FOODS_3,2694,2449,50101.0,18.597254,10,277,4,5.9798145,0.07647523,0.05085374907201188,0.9090571640683,0.012788897
FOODS_2_150,FOODS_2,2389,2170,28762.0,12.039347,10,277,12,2.7448387,0.27307194,0.009208874005860193,0.9083298451234826,0.099485606
FOODS_3_403,FOODS_3,1701,1545,58903.0,34.628452,10,172,6,1.4882363,0.036659867,0.00411522633744856,0.908289241622575,0.024633095
HOUSEHOLD_1_532,HOUSEHOLD_1,2333,2119,15959.0,6.8405485,10,253,2,2.4793656,0.0306411,0.0004286326618088298,0.9082726103729104,0.012358444
FOODS_2_016,FOODS_2,2180,1980,69154.0,31.72202,10,251,4,1.179812,0.06414554,0.0,0.908256880733945,0.054369293
FOODS_1_183,FOODS_1,2766,2512,34523.0,12.4812,10,277,4,2.9511244,0.07660989,0.0010845986984815619,0.9081706435285611,0.025959559
HOUSEHOLD_1_266,HOUSEHOLD_1,1044,948,7046.0,6.749042,10,105,2,1.0018008,0.05818454,0.009578544061302681,0.9080459770114943,0.058079954
HOBBIES_1_372,HOBBIES_1,2770,2515,14364.0,5.1855597,10,277,4,6.67452,0.11621264,0.009386281588447653,0.907942238267148,0.017411387
HOBBIES_1_237,HOBBIES_1,2770,2515,11807.0,4.262455,10,277,3,7.978653,0.041662276,0.0007220216606498195,0.907942238267148,0.005221718
FOODS_2_081,FOODS_2,2386,2166,24082.0,10.093042,10,277,6,2.4814165,0.15249974,0.055322715842414084,0.9077954735959766,0.06145673
FOODS_3_519,FOODS_3,1460,1325,24142.0,16.535616,10,167,4,0.99891096,0.025197893,0.002054794520547945,0.9075342465753424,0.025225366
HOBBIES_1_231,HOBBIES_1,2451,2224,11473.0,4.6809464,10,247,1,6.87,0.0,0.0,0.9073847409220727,0.0
HOBBIES_1_029,HOBBIES_1,2753,2498,18435.0,6.6963315,10,277,8,8.447163,0.6559708,0.05194333454413367,0.9073737740646567,0.077655755
FOODS_3_303,FOODS_3,2472,2243,11533.0,4.665453,10,277,2,2.979992,0.00028438223,0.0,0.9073624595469255,9.5430536e-05
FOODS_3_632,FOODS_3,2676,2428,24819.0,9.274664,10,277,5,3.9944022,0.09148445,0.034005979073243646,0.9073243647234679,0.022903165
HOUSEHOLD_1_248,HOUSEHOLD_1,2206,2001,11390.0,5.1631913,10,222,6,8.95878,0.24714647,0.0022665457842248413,0.9070716228467816,0.027587067
FOODS_3_754,FOODS_3,1667,1512,6037.0,3.6214757,10,168,3,6.0772643,0.1537859,0.0005998800239952009,0.9070185962807439,0.02530512
HOUSEHOLD_1_412,HOUSEHOLD_1,1968,1785,8846.0,4.494919,10,198,5,18.089064,0.33880848,0.0005081300813008131,0.9070121951219512,0.018730018
FOODS_1_014,FOODS_1,1792,1625,13836.0,7.720982,10,203,1,0.98,0.0,0.0,0.9068080357142857,0.0
HOUSEHOLD_2_453,HOUSEHOLD_2,2747,2491,14367.0,5.230069,10,277,3,6.48194,0.114893116,0.010556971241354204,0.9068074262832181,0.017725114
FOODS_3_382,FOODS_3,1180,1070,12089.0,10.244915,10,118,2,1.9259323,0.08886466,0.03305084745762712,0.9067796610169492,0.046141114
HOBBIES_1_424,HOBBIES_1,2713,2460,15500.0,5.7132325,10,277,11,1.7232842,0.07166796,0.017323995576852193,0.9067453004054552,0.04158801
HOUSEHOLD_1_476,HOUSEHOLD_1,717,650,3142.0,4.382148,10,73,1,4.84,0.0,0.0,0.9065550906555091,0.0
HOBBIES_1_209,HOBBIES_1,2770,2511,50700.0,18.30325,10,277,7,0.6988448,0.06781932,0.05667870036101083,0.9064981949458484,0.09704489
HOUSEHOLD_2_465,HOUSEHOLD_2,2715,2461,15373.0,5.6622467,10,277,6,7.2506294,0.061485037,0.005893186003683241,0.9064456721915285,0.008479958
FOODS_3_084,FOODS_3,1250,1133,11891.0,9.5128,10,127,3,1.9568801,0.04999466,0.1048,0.9064,0.025548147
HOUSEHOLD_1_524,HOUSEHOLD_1,1184,1073,9146.0,7.7246623,10,123,5,3.9628634,0.14751305,0.002533783783783784,0.90625,0.037223853
HOUSEHOLD_1_453,HOUSEHOLD_1,1813,1643,30771.0,16.972422,10,196,4,2.0911748,0.15395518,0.0,0.9062327633756205,0.07362138
FOODS_2_398,FOODS_2,1885,1708,45253.0,24.006897,10,277,8,2.3517718,0.117300406,0.022281167108753316,0.9061007957559681,0.04987746
FOODS_3_773,FOODS_3,1107,1003,4469.0,4.037037,10,112,3,4.976423,0.08676752,0.0018066847335140017,0.9060523938572719,0.01743572
FOODS_2_199,FOODS_2,2382,2158,41327.0,17.349707,10,277,6,0.94959694,0.08094834,0.05961376994122586,0.9059613769941226,0.085244946
FOODS_1_054,FOODS_1,2756,2496,22982.0,8.338897,10,277,4,1.8842889,0.08926747,0.000362844702467344,0.9056603773584906,0.04737462
HOUSEHOLD_2_075,HOUSEHOLD_2,2762,2501,15201.0,5.5036206,10,277,5,1.8485336,0.037996553,0.0018102824040550326,0.9055032585083272,0.02055497
FOODS_3_448,FOODS_3,2496,2260,23666.0,9.48157,10,277,13,3.0971315,0.27087998,0.10016025641025642,0.905448717948718,0.08746157
FOODS_2_217,FOODS_2,1967,1781,17070.0,8.67819,10,211,2,3.9950686,0.06076719,0.05287239450940519,0.9054397559735639,0.015210549
HOBBIES_1_338,HOBBIES_1,2713,2456,17955.0,6.618135,10,277,10,8.458198,0.6909747,0.05344636933284187,0.9052709178031699,0.081692904
HOUSEHOLD_2_512,HOUSEHOLD_2,2764,2502,11696.0,4.2315483,10,277,3,3.969964,0.027238682,0.005065123010130246,0.9052098408104197,0.0068611912
HOUSEHOLD_2_298,HOUSEHOLD_2,1673,1514,6094.0,3.6425583,10,185,2,3.420096,0.0019541217,0.0,0.904961147638972,0.0005713646
FOODS_3_580,FOODS_3,2660,2407,139975.0,52.62218,10,277,7,0.20028572,0.017021356,0.014285714285714285,0.9048872180451127,0.08498537
HOBBIES_1_394,HOBBIES_1,1566,1417,12793.0,8.169221,10,170,5,7.794796,0.14430642,0.014687100893997445,0.9048531289910601,0.018513175
HOUSEHOLD_1_051,HOUSEHOLD_1,2099,1899,73648.0,35.087185,10,210,4,2.9403765,0.039469846,0.005717008099094807,0.9047165316817533,0.013423398
HOBBIES_1_317,HOBBIES_1,2770,2506,10227.0,3.6920578,10,277,7,7.6559315,0.45835808,0.004693140794223827,0.9046931407942238,0.05986967
FOODS_3_628,FOODS_3,2770,2506,45326.0,16.363176,10,277,3,3.9831047,0.041692693,0.03935018050541516,0.9046931407942238,0.010467386
HOBBIES_1_079,HOBBIES_1,2767,2503,10791.0,3.8998916,10,277,5,8.09099,0.31189916,0.05204192265992049,0.9045898084568125,0.038548946
HOUSEHOLD_1_481,HOUSEHOLD_1,2250,2035,14045.0,6.2422223,10,225,3,4.8814664,0.1366534,0.010222222222222223,0.9044444444444445,0.027994333
HOBBIES_1_321,HOBBIES_1,2770,2505,12142.0,4.3833933,10,277,5,6.669003,0.18090163,0.010830324909747292,0.9043321299638989,0.027125739
HOUSEHOLD_1_185,HOUSEHOLD_1,1285,1162,12267.0,9.546304,10,141,6,2.854747,0.12593217,0.010116731517509728,0.9042801556420234,0.044113252
FOODS_2_306,FOODS_2,2319,2097,13573.0,5.852954,10,268,7,4.0699525,0.1748159,0.01250539025442001,0.9042690815006468,0.04295281
HOUSEHOLD_1_377,HOUSEHOLD_1,2764,2499,10031.0,3.6291606,10,277,4,8.745282,0.48501006,0.000361794500723589,0.9041244573082489,0.055459622
HOUSEHOLD_1_287,HOUSEHOLD_1,2770,2503,21133.0,7.629242,10,277,8,4.6176896,0.17549664,0.010469314079422382,0.9036101083032491,0.038005292
HOUSEHOLD_1_045,HOUSEHOLD_1,2768,2501,43174.0,15.597544,10,277,17,2.6631432,0.18062918,0.0657514450867052,0.9035404624277457,0.06782556
FOODS_3_389,FOODS_3,2602,2351,171654.0,65.970024,10,277,3,1.5935664,0.075816944,0.0,0.9035357417371253,0.047576897
HOBBIES_1_047,HOBBIES_1,2715,2453,14682.0,5.407735,10,277,13,1.7217128,0.08184032,0.019152854511970532,0.903499079189687,0.047534246
HOUSEHOLD_1_404,HOUSEHOLD_1,2665,2407,31616.0,11.863415,10,267,18,2.6776736,0.1443591,0.058161350844277676,0.9031894934333958,0.053912133
HOBBIES_1_379,HOBBIES_1,2768,2500,22115.0,7.989523,10,277,4,2.1799204,0.09553605,0.0328757225433526,0.903179190751445,0.043825477
FOODS_3_570,FOODS_3,2332,2106,80677.0,34.595627,10,236,7,1.6162864,0.15321107,0.03687821612349914,0.9030874785591767,0.09479203
FOODS_3_331,FOODS_3,2770,2501,26718.0,9.645488,10,277,5,1.511018,0.085600995,0.01444043321299639,0.9028880866425992,0.056651205
HOUSEHOLD_1_422,HOUSEHOLD_1,2460,2221,8199.0,3.3329268,10,277,4,3.6314468,0.092038624,0.02195121951219512,0.9028455284552845,0.025344891
FOODS_3_002,FOODS_3,1347,1216,36050.0,26.763178,10,135,4,2.5011954,0.05715373,0.002969561989606533,0.902746844840386,0.022850566
HOUSEHOLD_1_289,HOUSEHOLD_1,2687,2425,15316.0,5.700037,10,277,8,5.099192,0.19479367,0.000744324525493115,0.9024934871604019,0.03820089
FOODS_3_045,FOODS_3,2430,2193,10094.0,4.1539097,10,277,3,3.9787776,0.044991516,0.0008230452674897119,0.9024691358024691,0.011307874
FOODS_1_066,FOODS_1,2768,2498,16988.0,6.1372833,10,277,5,1.35862,0.016096566,0.00541907514450867,0.9024566473988439,0.011847732
FOODS_3_007,FOODS_3,2763,2493,187400.0,67.82483,10,277,7,0.20056821,0.01638167,0.011219688744118711,0.9022801302931596,0.081676304
HOUSEHOLD_2_410,HOUSEHOLD_2,2770,2499,12808.0,4.6238265,10,277,2,1.3852851,0.035227295,0.004693140794223827,0.9021660649819495,0.025429634
FOODS_3_192,FOODS_3,1317,1188,12340.0,9.36978,10,154,2,5.5630293,0.17462112,0.07896735003796507,0.9020501138952164,0.031389575
FOODS_1_144,FOODS_1,2766,2495,13354.0,4.8279104,10,277,3,6.9584885,0.088118985,0.0025307302964569776,0.9020245842371656,0.012663524
HOUSEHOLD_1_130,HOUSEHOLD_1,1703,1536,13317.0,7.81973,10,178,4,6.4930944,0.17738071,0.06165590135055784,0.901937756899589,0.027318362
FOODS_3_434,FOODS_3,2665,2403,29558.0,11.091182,10,273,7,2.8305855,0.11731274,0.06078799249530957,0.9016885553470919,0.04144469
HOUSEHOLD_1_025,HOUSEHOLD_1,2770,2497,16546.0,5.973285,10,277,3,2.979372,0.023594527,0.0007220216606498195,0.9014440433212997,0.007919295
HOUSEHOLD_2_102,HOUSEHOLD_2,1318,1188,9515.0,7.2192717,10,132,2,2.49088,0.009964965,0.0,0.9013657056145675,0.0040005804
FOODS_3_159,FOODS_3,1906,1718,9132.0,4.791186,10,219,8,2.9561594,0.20887737,0.013641133263378805,0.9013641133263379,0.070658356
HOUSEHOLD_1_128,HOUSEHOLD_1,2663,2399,28212.0,10.594067,10,267,15,2.6788135,0.1403519,0.05707848291400676,0.9008636875704094,0.05239331
FOODS_2_035,FOODS_2,1197,1078,11617.0,9.705096,10,147,7,5.1227736,0.22314943,0.14536340852130325,0.9005847953216374,0.043560278
FOODS_3_624,FOODS_3,1870,1684,12609.0,6.7427807,10,187,4,2.4765186,0.050388735,0.0058823529411764705,0.9005347593582887,0.0203466
HOUSEHOLD_1_212,HOUSEHOLD_1,2533,2281,17309.0,6.8333993,10,258,11,4.609392,0.15776964,0.04342676667982629,0.9005132254243979,0.034227863
FOODS_3_234,FOODS_3,2761,2486,254240.0,92.08258,10,277,7,0.20086926,0.014450237,0.007243752263672582,0.900398406374502,0.07193852
FOODS_1_121,FOODS_1,2748,2474,22164.0,8.065502,10,277,4,1.2620888,0.17160884,0.000363901018922853,0.9002911208151383,0.13597208
HOUSEHOLD_1_268,HOUSEHOLD_1,2768,2492,15768.0,5.696532,10,277,6,8.337106,0.15655066,0.001445086705202312,0.9002890173410405,0.01877758
FOODS_2_183,FOODS_2,2657,2392,54048.0,20.34174,10,277,7,8.752442,0.25716537,0.0,0.9002634550244637,0.029382126
HOUSEHOLD_1_456,HOUSEHOLD_1,1211,1090,14368.0,11.864574,10,122,2,6.96668,0.11551914,0.0,0.9000825763831544,0.016581664
HOUSEHOLD_1_026,HOUSEHOLD_1,1159,1043,9539.0,8.230371,10,118,2,2.882942,0.03358117,0.0,0.899913718723037,0.01164823
FOODS_3_330,FOODS_3,2677,2409,33951.0,12.682481,10,277,5,3.9935226,0.09041735,0.033993276055285765,0.8998879342547628,0.022641001
HOUSEHOLD_1_236,HOUSEHOLD_1,2753,2477,41470.0,15.063567,10,276,7,2.5201597,0.13595934,0.1325826371231384,0.8997457319288049,0.0539487
FOODS_2_364,FOODS_2,2388,2147,47689.0,19.970268,10,277,9,2.6591039,0.095248856,0.005862646566164154,0.8990787269681743,0.035819907
FOODS_3_544,FOODS_3,1733,1558,9507.0,5.4858627,10,175,6,2.9669013,0.08325529,0.015002885170225043,0.8990190421234853,0.028061362
FOODS_3_775,FOODS_3,2426,2181,11722.0,4.831822,10,277,13,3.5817764,0.21894445,0.014014839241549877,0.8990107172300082,0.061127335
HOUSEHOLD_1_448,HOUSEHOLD_1,1612,1449,56691.0,35.168114,10,178,3,0.9753474,0.0076185344,0.0,0.8988833746898263,0.0078110984
HOUSEHOLD_2_467,HOUSEHOLD_2,2047,1840,10029.0,4.899365,10,205,2,3.9668245,0.039728798,0.006350757205666829,0.898876404494382,0.010015265
FOODS_3_299,FOODS_3,1698,1526,34935.0,20.574205,10,170,4,1.4888811,0.03130319,0.002355712603062426,0.8987043580683156,0.02102464
FOODS_3_163,FOODS_3,2703,2429,23157.0,8.567147,10,277,6,2.0109766,0.09790255,0.005549389567147614,0.8986311505734369,0.048684083
FOODS_3_295,FOODS_3,2770,2489,204817.0,73.941154,10,277,9,0.81556684,0.04144187,0.1003610108303249,0.8985559566787004,0.050813578
FOODS_3_501,FOODS_3,2770,2489,202504.0,73.10614,10,277,8,0.8159242,0.0397086,0.09927797833935018,0.8985559566787004,0.048667017
FOODS_1_063,FOODS_1,2770,2489,18852.0,6.805776,10,277,8,2.1935055,0.19622941,0.006137184115523465,0.8985559566787004,0.08945928
HOBBIES_1_211,HOBBIES_1,1112,999,9321.0,8.3821945,10,115,3,4.8540287,0.13241638,0.11780575539568346,0.8983812949640287,0.027279686
FOODS_3_523,FOODS_3,1416,1272,24757.0,17.483757,10,143,1,1.9799999,0.0,0.0,0.8983050847457628,0.0
HOBBIES_1_371,HOBBIES_1,2761,2480,123957.0,44.89569,10,277,4,0.47566822,0.020037934,0.0720753350235422,0.8982252806954002,0.042125862
FOODS_3_761,FOODS_3,1622,1456,16055.0,9.898273,10,176,4,1.9937669,0.07520929,0.007398273736128237,0.8976572133168927,0.037722208
FOODS_3_733,FOODS_3,1221,1096,12220.0,10.00819,10,124,2,1.9568223,0.042214047,0.10647010647010648,0.8976248976248976,0.021572756
HOBBIES_1_016,HOBBIES_1,2733,2453,60698.0,22.209293,10,277,9,0.709539,0.023876052,0.05598243688254665,0.8975484815221368,0.033650093
FOODS_3_711,FOODS_3,2767,2483,193241.0,69.83773,10,277,8,0.20089628,0.022311937,0.011203469461510662,0.8973617636429346,0.111061975
FOODS_2_272,FOODS_2,1500,1346,20680.0,13.786667,10,172,6,1.9395801,0.15041423,0.062,0.8973333333333333,0.07754989
HOUSEHOLD_2_483,HOUSEHOLD_2,2769,2484,21036.0,7.5969663,10,277,5,4.8996243,0.25894186,0.04730949801372337,0.8970747562296858,0.05284933
HOUSEHOLD_1_159,HOUSEHOLD_1,573,514,2665.0,4.65096,10,59,1,7.9300003,0.0,0.0,0.8970331588132635,0.0
HOBBIES_1_156,HOBBIES_1,1134,1017,4738.0,4.1781306,10,115,3,1.8596208,0.057539556,0.1146384479717813,0.8968253968253969,0.030941553
HOUSEHOLD_1_034,HOUSEHOLD_1,2770,2484,9336.0,3.370397,10,277,6,3.946083,0.05366117,0.009747292418772563,0.8967509025270758,0.013598591
FOODS_3_634,FOODS_3,2770,2484,52343.0,18.896389,10,277,4,3.9828556,0.05684466,0.04007220216606498,0.8967509025270758,0.014272338
FOODS_3_817,FOODS_3,2766,2480,13123.0,4.744396,10,277,9,2.8201013,0.1045953,0.005422993492407809,0.8966015907447578,0.037089203
HOUSEHOLD_1_066,HOUSEHOLD_1,1734,1554,52238.0,30.125721,10,212,3,3.0299308,0.13156208,0.05997693194925029,0.8961937716262975,0.04342082
HOUSEHOLD_1_021,HOUSEHOLD_1,2665,2388,29187.0,10.95197,10,277,4,1.9435534,0.054316837,0.00450281425891182,0.8960600375234522,0.02794718
FOODS_3_406,FOODS_3,2770,2482,143212.0,51.701084,10,277,10,0.81477255,0.046046697,0.10541516245487365,0.896028880866426,0.05651479
FOODS_3_744,FOODS_3,2758,2471,120487.0,43.686367,10,277,3,2.0770268,0.14425978,0.004713560551124003,0.8959390862944162,0.069454946
HOUSEHOLD_1_167,HOUSEHOLD_1,2198,1969,11331.0,5.155141,10,221,2,2.8177433,0.11233932,0.059144676979071886,0.8958143767060964,0.03986854
HOUSEHOLD_1_187,HOUSEHOLD_1,835,748,2801.0,3.354491,10,95,2,6.498563,0.09459161,0.0,0.895808383233533,0.014555774
FOODS_3_684,FOODS_3,1948,1745,14618.0,7.504107,10,214,4,1.8909497,0.04977063,0.059548254620123205,0.8957905544147844,0.02632044
HOUSEHOLD_1_331,HOUSEHOLD_1,2770,2481,19449.0,7.0213,10,277,10,4.8538704,0.16901231,0.048014440433213,0.895667870036101,0.034820113
HOUSEHOLD_1_348,HOUSEHOLD_1,2022,1811,30189.0,14.930267,10,213,3,1.9448665,0.06897753,0.07072205736894165,0.8956478733926805,0.03546646
HOUSEHOLD_1_440,HOUSEHOLD_1,2758,2470,23193.0,8.409354,10,277,5,15.03256,0.18977942,0.0036258158085569255,0.8955765047135605,0.012624557
FOODS_2_058,FOODS_2,2509,2247,12137.0,4.837385,10,277,11,4.8687367,0.3051647,0.05460342766042248,0.8955759266640095,0.06267841
FOODS_3_301,FOODS_3,2765,2476,22799.0,8.245569,10,277,11,1.9619459,0.09219885,0.031103074141048823,0.8954792043399639,0.046993572
FOODS_3_460,FOODS_3,2770,2480,48715.0,17.586643,10,277,7,1.9648304,0.07885276,0.02635379061371841,0.8953068592057761,0.040132094
HOUSEHOLD_2_239,HOUSEHOLD_2,2770,2480,20250.0,7.310469,10,277,1,1.24,0.0,0.0,0.8953068592057761,0.0
HOUSEHOLD_1_528,HOUSEHOLD_1,2515,2250,22040.0,8.763419,10,277,8,2.9351969,0.07413246,0.006759443339960238,0.8946322067594433,0.025256384
HOUSEHOLD_1_011,HOUSEHOLD_1,2770,2478,19362.0,6.9898915,10,277,4,4.6253934,0.056306258,0.008303249097472924,0.8945848375451263,0.01217329
FOODS_3_682,FOODS_3,1714,1533,60353.0,35.211784,10,173,3,3.5028121,0.027923305,0.0005834305717619603,0.8943990665110851,0.007971682
FOODS_3_731,FOODS_3,1723,1541,14978.0,8.692977,10,180,3,2.9782705,0.041425288,0.0011607661056297156,0.8943702843876958,0.013909176
HOBBIES_1_276,HOBBIES_1,2770,2477,8674.0,3.131408,10,277,8,7.6792526,0.4371384,0.005776173285198556,0.8942238267148015,0.056924604
FOODS_3_208,FOODS_3,1795,1605,14976.0,8.343176,10,194,2,4.8403344,0.07977055,0.0,0.8941504178272981,0.01648038
HOUSEHOLD_1_125,HOUSEHOLD_1,2753,2459,9509.0,3.45405,10,277,3,5.7243404,0.04359246,0.00472212132219397,0.8932074100980748,0.007615281
FOODS_3_227,FOODS_3,2770,2474,77003.0,27.798918,10,277,6,2.5981011,0.110799365,0.06353790613718412,0.8931407942238268,0.042646285
HOBBIES_1_202,HOBBIES_1,2770,2473,18889.0,6.8191338,10,277,9,1.7168664,0.09578513,0.020938628158844765,0.8927797833935018,0.055790674
FOODS_3_485,FOODS_3,2770,2473,27459.0,9.912996,10,277,5,3.8194153,0.21070953,0.04693140794223827,0.8927797833935018,0.055168007
HOUSEHOLD_1_489,HOUSEHOLD_1,643,574,4942.0,7.6858478,10,73,1,9.97,0.0,0.0,0.8926905132192846,0.0
HOBBIES_1_150,HOBBIES_1,2762,2465,17469.0,6.3247647,10,277,13,1.7235626,0.07576901,0.02280955829109341,0.8924692251991311,0.043960694
HOUSEHOLD_1_383,HOUSEHOLD_1,1683,1502,14025.0,8.333333,10,170,6,3.4372966,0.14292344,0.026737967914438502,0.8924539512774807,0.04158019
FOODS_3_426,FOODS_3,1748,1560,8501.0,4.863272,10,175,9,2.9667792,0.09122384,0.016018306636155607,0.8924485125858124,0.030748444
HOBBIES_1_341,HOBBIES_1,2770,2472,93434.0,33.730686,10,277,5,0.47568232,0.020293621,0.07509025270758123,0.8924187725631769,0.042662133
HOUSEHOLD_2_299,HOUSEHOLD_2,2770,2472,22999.0,8.302888,10,277,2,1.2396643,0.0018016229,0.0,0.8924187725631769,0.0014533151
HOUSEHOLD_1_269,HOUSEHOLD_1,2720,2427,12099.0,4.4481616,10,273,6,2.968467,0.10672203,0.006617647058823529,0.8922794117647059,0.0359519
FOODS_3_716,FOODS_3,2436,2173,20490.0,8.41133,10,277,8,1.37922,0.11706844,0.0755336617405583,0.8920361247947455,0.08488018
HOUSEHOLD_1_232,HOUSEHOLD_1,2172,1936,10193.0,4.6929097,10,219,9,4.055571,0.18386403,0.004143646408839779,0.8913443830570903,0.04533616
FOODS_1_096,FOODS_1,2770,2469,95751.0,34.567146,10,277,49,6.686462,1.0123746,0.13610108303249097,0.8913357400722022,0.15140663
FOODS_3_411,FOODS_3,2612,2328,19753.0,7.562404,10,277,2,2.9799848,0.000391105,0.0,0.891271056661562,0.00013124396
HOBBIES_1_050,HOBBIES_1,2739,2441,8813.0,3.2175977,10,277,8,10.369908,0.7210151,0.020080321285140562,0.891201168309602,0.069529556
FOODS_3_578,FOODS_3,2498,2226,44088.0,17.649319,10,277,18,3.086053,0.2929283,0.10968775020016013,0.8911128903122498,0.094920054
HOUSEHOLD_1_076,HOUSEHOLD_1,1293,1152,4129.0,3.193349,10,140,3,4.967757,0.046378884,0.0,0.8909512761020881,0.009335981
FOODS_3_124,FOODS_3,2760,2458,69922.0,25.334059,10,277,9,5.324576,0.27308547,0.18804347826086956,0.8905797101449275,0.05128774
HOBBIES_1_364,HOBBIES_1,2768,2465,15872.0,5.734104,10,277,8,12.455549,0.47556838,0.000722543352601156,0.8905346820809249,0.038181245
HOUSEHOLD_1_364,HOUSEHOLD_1,2768,2465,11523.0,4.1629333,10,277,7,7.4756975,0.35539636,0.0018063583815028901,0.8905346820809249,0.04754023
HOUSEHOLD_1_330,HOUSEHOLD_1,1150,1024,8203.0,7.1330433,10,116,2,2.4187653,0.04187352,0.0008695652173913044,0.8904347826086957,0.01731194
HOUSEHOLD_1_491,HOUSEHOLD_1,1467,1306,7270.0,4.955692,10,150,4,6.434465,0.1704049,0.0013633265167007499,0.8902522154055896,0.02648315
HOUSEHOLD_1_105,HOUSEHOLD_1,2761,2457,11671.0,4.227092,10,277,5,4.040163,0.14507546,0.04780876494023904,0.8898949655921767,0.035908315
FOODS_1_207,FOODS_1,2766,2461,15781.0,5.705351,10,277,3,3.2856834,0.086409315,0.00036153289949385393,0.8897324656543746,0.026298735
HOUSEHOLD_2_096,HOUSEHOLD_2,2027,1803,7786.0,3.8411446,10,204,1,3.47,0.0,0.0,0.8894918598914652,0.0
HOUSEHOLD_1_047,HOUSEHOLD_1,2160,1921,10058.0,4.6564813,10,218,15,4.0257454,0.31626117,0.02175925925925926,0.8893518518518518,0.07855966
HOUSEHOLD_1_181,HOUSEHOLD_1,2770,2463,11461.0,4.137545,10,277,4,4.04239,0.13457471,0.04693140794223827,0.8891696750902527,0.033290878
FOODS_3_289,FOODS_3,2766,2459,17040.0,6.1605206,10,277,10,2.7956183,0.11732168,0.05567606652205351,0.8890093998553869,0.04196627
FOODS_1_181,FOODS_1,1980,1760,23546.0,11.891919,10,220,2,1.3192929,0.048852485,0.0,0.8888888888888888,0.037029292
FOODS_1_067,FOODS_1,2770,2462,53122.0,19.177618,10,277,4,1.9791626,0.024834998,0.0021660649819494585,0.8888086642599278,0.012548235
HOUSEHOLD_1_280,HOUSEHOLD_1,2113,1878,11465.0,5.425935,10,213,1,4.97,0.0,0.0,0.8887837198296261,0.0
FOODS_2_044,FOODS_2,2163,1922,16681.0,7.711974,10,277,15,2.5012805,0.17269152,0.09847434119278779,0.888580674988442,0.069041245
FOODS_1_112,FOODS_1,2770,2461,22690.0,8.191336,10,277,6,1.9776282,0.040663145,0.005776173285198556,0.8884476534296029,0.020561572
FOODS_3_104,FOODS_3,2052,1823,8873.0,4.3240743,10,241,4,3.0155847,0.13672708,0.05701754385964912,0.8884015594541911,0.045340154
FOODS_3_141,FOODS_3,2765,2456,12407.0,4.487161,10,277,9,2.793284,0.123179056,0.058589511754068714,0.8882459312839059,0.044098295
FOODS_2_138,FOODS_2,2389,2122,20040.0,8.388447,10,277,12,1.8607912,0.11119801,0.05692758476349937,0.8882377563834241,0.059758455
HOBBIES_1_235,HOBBIES_1,2607,2315,14347.0,5.5032606,10,263,7,12.809221,0.3933101,0.04257767548906789,0.887993862677407,0.03070523
HOUSEHOLD_1_106,HOUSEHOLD_1,1169,1038,31396.0,26.857143,10,118,2,9.0869465,0.20896055,0.0,0.8879384088964928,0.022995684
FOODS_3_725,FOODS_3,2648,2351,36383.0,13.739803,10,266,8,2.831624,0.11875478,0.0547583081570997,0.8878398791540786,0.041938752
HOUSEHOLD_2_322,HOUSEHOLD_2,1729,1535,6959.0,4.02487,10,174,1,2.22,0.0,0.0,0.8877964141122036,0.0
FOODS_1_106,FOODS_1,2770,2459,30662.0,11.069314,10,277,5,3.3170903,0.19748665,0.04693140794223827,0.887725631768953,0.05953611
FOODS_3_671,FOODS_3,2770,2459,20850.0,7.527076,10,277,3,2.0780144,0.1416498,0.0,0.887725631768953,0.068165936
FOODS_1_052,FOODS_1,1840,1633,13184.0,7.1652174,10,203,1,0.98,0.0,0.0,0.8875,0.0
HOUSEHOLD_1_344,HOUSEHOLD_1,2770,2458,39413.0,14.228519,10,277,2,7.963953,0.023346167,0.0,0.8873646209386281,0.0029314798
HOUSEHOLD_1_527,HOUSEHOLD_1,1145,1016,8489.0,7.413974,10,117,15,5.2044363,0.29206708,0.02445414847161572,0.8873362445414847,0.05611887
FOODS_3_412,FOODS_3,2715,2409,152420.0,56.139965,10,277,7,0.20129283,0.01388661,0.0055248618784530384,0.887292817679558,0.06898711
FOODS_3_126,FOODS_3,2510,2227,34494.0,13.742629,10,275,4,3.5343823,0.17781138,0.026693227091633465,0.8872509960159363,0.05030904
FOODS_1_185,FOODS_1,2748,2438,18022.0,6.558224,10,277,5,2.1363428,0.1260554,0.01455604075691412,0.8871906841339156,0.059005234
HOUSEHOLD_1_257,HOUSEHOLD_1,1530,1357,9802.0,6.406536,10,169,19,5.1793203,0.316647,0.0784313725490196,0.8869281045751634,0.061136786
HOUSEHOLD_1_307,HOUSEHOLD_1,1167,1035,15011.0,12.862896,10,117,2,2.883025,0.033672143,0.0,0.8868894601542416,0.011679449
HOUSEHOLD_1_180,HOUSEHOLD_1,2048,1816,20958.0,10.233398,10,224,12,2.9288526,0.13648495,0.00634765625,0.88671875,0.046600144
FOODS_3_576,FOODS_3,1209,1072,3990.0,3.3002481,10,121,2,2.499173,0.028759865,0.0008271298593879239,0.8866832092638545,0.011507753
FOODS_3_231,FOODS_3,2770,2456,67101.0,24.224188,10,277,6,5.3276463,0.2742773,0.18700361010830324,0.8866425992779784,0.05148189
FOODS_2_367,FOODS_2,2425,2150,11597.0,4.782268,10,277,10,4.8292866,0.36379525,0.04989690721649485,0.8865979381443299,0.075331055
FOODS_2_282,FOODS_2,2380,2110,24367.0,10.238235,10,276,9,6.9517603,0.19840491,0.029831932773109245,0.8865546218487395,0.02854024
FOODS_3_140,FOODS_3,2259,2002,26490.0,11.726428,10,240,6,3.011558,0.14670262,0.05444887118193891,0.8862328463922089,0.048713196
HOUSEHOLD_2_266,HOUSEHOLD_2,1626,1441,9339.0,5.7435427,10,165,1,2.97,0.0,0.0,0.8862238622386224,0.0
FOODS_3_440,FOODS_3,1141,1011,5228.0,4.581946,10,116,5,4.6768622,0.40941244,0.0008764241893076249,0.8860648553900088,0.087539986
FOODS_3_438,FOODS_3,2466,2185,26020.0,10.5515,10,250,2,0.9999513,0.0024164885,0.00040551500405515005,0.8860502838605029,0.002416606
HOBBIES_1_046,HOBBIES_1,726,643,2361.0,3.2520661,10,75,3,18.895811,0.3309153,0.0027548209366391185,0.8856749311294766,0.017512627
FOODS_3_344,FOODS_3,1381,1223,12122.0,8.777698,10,140,2,2.0462275,0.094678886,0.0,0.8855901520637219,0.046269972
HOBBIES_1_044,HOBBIES_1,2761,2445,11249.0,4.0742483,10,277,2,1.4805759,0.0041171373,0.0,0.8855487142339732,0.0027807674
FOODS_2_066,FOODS_2,2457,2174,12574.0,5.1176233,10,277,7,5.8109646,0.29984593,0.000407000407000407,0.8848188848188848,0.051600028
HOBBIES_1_037,HOBBIES_1,2179,1928,14234.0,6.5323544,10,219,7,12.918127,0.24438335,0.012391005048187242,0.8848095456631482,0.018917862
HOBBIES_1_171,HOBBIES_1,1152,1019,3763.0,3.266493,10,116,2,2.8387673,0.118238814,0.033854166666666664,0.8845486111111112,0.041651465
FOODS_2_142,FOODS_2,2033,1798,21313.0,10.483521,10,211,2,3.994196,0.059085455,0.05115592720118052,0.8844072798819479,0.014792828
HOUSEHOLD_2_183,HOUSEHOLD_2,2768,2448,8798.0,3.1784682,10,277,7,4.823757,0.18431778,0.006141618497109827,0.884393063583815,0.038210418
HOUSEHOLD_1_077,HOUSEHOLD_1,1708,1510,9652.0,5.651054,10,178,4,6.4930916,0.21093047,0.06147540983606557,0.8840749414519906,0.032485366
HOBBIES_1_380,HOBBIES_1,2766,2445,14895.0,5.3850327,10,277,10,1.7204447,0.0770809,0.017715112075198842,0.8839479392624728,0.044802893
FOODS_3_205,FOODS_3,1213,1072,22761.0,18.764221,10,124,4,1.1322505,0.11317482,0.12118713932399011,0.8837592745259687,0.09995563
HOUSEHOLD_1_446,HOUSEHOLD_1,2770,2447,10556.0,3.8108304,10,277,5,3.9195814,0.06895105,0.009386281588447653,0.8833935018050542,0.017591432
HOBBIES_1_178,HOBBIES_1,2743,2423,91607.0,33.396645,10,277,4,0.4759096,0.019854553,0.07327743346700692,0.8833394094057602,0.04171917
HOUSEHOLD_1_090,HOUSEHOLD_1,2091,1847,53675.0,25.669537,10,210,5,2.9292684,0.078260966,0.011477761836441894,0.8833094213295074,0.0267169
FOODS_2_248,FOODS_2,1121,990,6434.0,5.739518,10,277,7,5.9155574,0.28112638,0.0008920606601248885,0.8831400535236396,0.047523227
FOODS_1_215,FOODS_1,2052,1812,23908.0,11.6510725,10,217,3,1.7512914,0.08031779,0.0004873294346978557,0.8830409356725146,0.045862034
HOUSEHOLD_2_404,HOUSEHOLD_2,1026,906,3799.0,3.702729,10,104,1,2.97,0.0,0.0,0.8830409356725146,0.0
FOODS_3_348,FOODS_3,2769,2445,110291.0,39.830624,10,277,12,0.8153485,0.045409538,0.10364752618273745,0.8829902491874323,0.05569341
HOUSEHOLD_1_483,HOUSEHOLD_1,2191,1934,6631.0,3.0264719,10,220,6,4.535696,0.09801713,0.0022820629849383844,0.882701962574167,0.021610161
HOUSEHOLD_1_134,HOUSEHOLD_1,2173,1918,8221.0,3.783249,10,221,9,4.0481453,0.21408853,0.009203865623561895,0.8826507132995858,0.052885585
FOODS_2_065,FOODS_2,2384,2104,48842.0,20.487415,10,277,6,0.9494463,0.08066674,0.059983221476510064,0.8825503355704698,0.084961876
HOUSEHOLD_1_324,HOUSEHOLD_1,2770,2444,21602.0,7.798556,10,277,13,5.9075303,0.2911149,0.05162454873646209,0.8823104693140794,0.049278613
HOBBIES_1_090,HOBBIES_1,1520,1341,21065.0,13.858553,10,152,5,1.0169014,0.049823303,0.003947368421052632,0.8822368421052632,0.048995215
FOODS_2_255,FOODS_2,2424,2138,28842.0,11.898515,10,277,9,2.3930073,0.30742174,0.004537953795379538,0.8820132013201321,0.1284667
HOBBIES_1_238,HOBBIES_1,2598,2291,7311.0,2.8140879,10,277,3,5.91341,0.07711988,0.00038491147036181676,0.8818321785989223,0.013041524
HOUSEHOLD_1_078,HOUSEHOLD_1,2334,2058,12125.0,5.1949444,10,243,5,2.8385603,0.04088059,0.001713796058269066,0.8817480719794345,0.0144018745
HOUSEHOLD_2_054,HOUSEHOLD_2,2769,2441,9142.0,3.301553,10,277,3,4.8579845,0.084996514,0.00036114120621162876,0.8815456843625857,0.01749625
FOODS_2_173,FOODS_2,2596,2288,22120.0,8.520802,10,277,11,8.72171,0.3768128,0.0030816640986132513,0.8813559322033898,0.043204002
HOBBIES_1_028,HOBBIES_1,2770,2441,8287.0,2.9916968,10,277,9,7.67891,0.43938676,0.005054151624548736,0.8812274368231047,0.05721994
HOBBIES_1_008,HOBBIES_1,2709,2387,88707.0,32.745293,10,277,4,0.47582135,0.019505493,0.07087486157253599,0.8811369509043928,0.040993314
FOODS_3_061,FOODS_3,1740,1533,6886.0,3.9574714,10,175,9,2.9645288,0.10241341,0.017816091954022988,0.8810344827586207,0.034546267
FOODS_2_296,FOODS_2,1298,1143,6249.0,4.8143296,10,162,4,3.1242528,0.19634229,0.0,0.8805855161787365,0.06284456
FOODS_1_188,FOODS_1,1096,965,6670.0,6.0857663,10,117,2,2.9781935,0.059808087,0.0009124087591240876,0.8804744525547445,0.020082
HOBBIES_1_216,HOBBIES_1,2666,2347,14403.0,5.402476,10,277,9,1.7231096,0.07326305,0.016504126031507877,0.8803450862715679,0.042517927
FOODS_3_050,FOODS_3,2614,2301,11620.0,4.4452944,10,277,4,2.1060138,0.20711704,0.0,0.8802601377199694,0.098345526
FOODS_3_701,FOODS_3,1418,1248,7339.0,5.1755996,10,173,2,1.9935685,0.057844996,0.036671368124118475,0.8801128349788434,0.029015806
FOODS_3_248,FOODS_3,2677,2356,17535.0,6.550243,10,277,9,1.964479,0.081348866,0.027642883825177437,0.8800896525961898,0.041409895
FOODS_2_034,FOODS_2,2657,2338,24963.0,9.395183,10,277,14,2.4968235,0.16988102,0.07339104252916824,0.879939781708694,0.06803886
FOODS_3_106,FOODS_3,1487,1308,22246.0,14.960322,10,167,1,1.0,0.0,0.0,0.8796234028244788,0.0
HOUSEHOLD_2_030,HOUSEHOLD_2,2770,2436,8121.0,2.931769,10,277,6,3.889993,0.13781583,0.04657039711191336,0.8794223826714801,0.0354283
HOUSEHOLD_1_353,HOUSEHOLD_1,2694,2369,9199.0,3.4146252,10,270,4,3.4387379,0.03849619,0.0011135857461024498,0.8793615441722346,0.01119486
FOODS_3_706,FOODS_3,1408,1238,24082.0,17.103693,10,143,1,1.98,0.0,0.0,0.8792613636363636,0.0
FOODS_1_206,FOODS_1,2758,2425,30470.0,11.047861,10,277,6,1.9933103,0.24971399,0.1414068165337201,0.8792603335750544,0.12527601
HOBBIES_1_225,HOBBIES_1,2029,1784,5324.0,2.6239526,10,204,6,29.683722,1.5485675,0.006407097092163627,0.8792508624938393,0.052168913
HOUSEHOLD_1_259,HOUSEHOLD_1,2770,2435,19419.0,7.0104694,10,277,7,9.684815,1.6183078,0.09386281588447654,0.8790613718411552,0.16709743
HOBBIES_1_086,HOBBIES_1,2770,2435,12448.0,4.4938626,10,277,6,8.3680725,0.303713,0.010108303249097473,0.8790613718411552,0.03629426
FOODS_2_119,FOODS_2,2679,2355,28462.0,10.624113,10,277,9,2.515069,0.24218586,0.08809257185516985,0.8790593505039194,0.096293926
FOODS_1_061,FOODS_1,2761,2427,40799.0,14.776893,10,277,6,2.1656067,0.12297433,0.04961970300615719,0.8790293371966679,0.056785163
FOODS_3_766,FOODS_3,2766,2430,14500.0,5.242227,10,277,10,2.8040745,0.13187256,0.05676066522053507,0.8785249457700651,0.04702891
HOUSEHOLD_1_308,HOUSEHOLD_1,592,520,1686.0,2.8479729,10,72,2,6.930777,0.22440462,0.0016891891891891893,0.8783783783783784,0.032377988
HOUSEHOLD_1_016,HOUSEHOLD_1,2770,2433,28925.0,10.442238,10,277,8,4.85083,0.22486953,0.04909747292418772,0.8783393501805055,0.04635692
FOODS_2_238,FOODS_2,1611,1415,11857.0,7.360025,10,172,7,1.6350714,0.13605183,0.15332091868404718,0.8783364369956549,0.083208494
FOODS_3_424,FOODS_3,2768,2431,19636.0,7.0939307,10,277,3,3.7974567,0.15987316,0.00541907514450867,0.8782514450867052,0.04210006
FOODS_3_826,FOODS_3,1601,1406,12517.0,7.8182387,10,164,2,1.2798251,0.006997813,0.0006246096189881324,0.8782011242973142,0.005467789
HOBBIES_1_009,HOBBIES_1,2668,2343,15870.0,5.948276,10,277,12,1.7223725,0.074888945,0.017616191904047975,0.8781859070464768,0.04348011
FOODS_3_399,FOODS_3,1705,1497,49977.0,29.312023,10,172,2,3.503308,0.013698264,0.0,0.8780058651026393,0.003910094
FOODS_1_216,FOODS_1,2754,2418,16643.0,6.04321,10,277,7,4.943722,0.26505262,0.03376906318082789,0.8779956427015251,0.053613983
HOBBIES_1_370,HOBBIES_1,2770,2432,91041.0,32.866787,10,277,5,0.47596753,0.02032471,0.07581227436823104,0.8779783393501805,0.042701885
FOODS_1_167,FOODS_1,2770,2431,10949.0,3.9527075,10,277,9,4.701029,0.26471403,0.002888086642599278,0.8776173285198556,0.056309808
HOUSEHOLD_2_413,HOUSEHOLD_2,938,823,2247.0,2.3955224,10,94,1,3.68,0.0,0.0,0.8773987206823027,0.0
FOODS_3_218,FOODS_3,1189,1043,6513.0,5.477712,10,124,4,1.9933811,0.053173754,0.001682085786375105,0.8772077375946173,0.026675157
FOODS_1_175,FOODS_1,2194,1924,12214.0,5.567001,10,220,3,2.9712079,0.050172962,0.00045578851412944393,0.8769371011850501,0.016886385
FOODS_3_142,FOODS_3,2137,1874,20764.0,9.716425,10,237,7,4.0243144,0.2377101,0.0584932147870847,0.8769302760879738,0.05906847
FOODS_3_527,FOODS_3,1105,969,3643.0,3.2968326,10,112,3,4.977303,0.06683966,0.0018099547511312218,0.8769230769230769,0.01342889
HOUSEHOLD_1_200,HOUSEHOLD_1,2128,1866,7228.0,3.3966165,10,220,4,1.9916682,0.045123104,0.0009398496240601503,0.8768796992481203,0.022655934
FOODS_3_433,FOODS_3,2493,2184,22828.0,9.156839,10,250,3,0.99971926,0.0073439754,0.001604492579221821,0.8760529482551144,0.007346038
FOODS_2_137,FOODS_2,2165,1896,15347.0,7.0886836,10,277,11,2.5013165,0.17876779,0.09515011547344111,0.8757505773672055,0.07146948
FOODS_3_283,FOODS_3,2637,2309,31974.0,12.125142,10,264,8,2.7995868,0.13004793,0.062191884717481986,0.875616230565036,0.046452545
FOODS_3_607,FOODS_3,2250,1970,225219.0,100.097336,10,225,8,2.2359424,0.2445577,0.116,0.8755555555555555,0.10937567
FOODS_3_247,FOODS_3,1518,1329,5744.0,3.7839262,10,154,2,4.8937945,0.025254695,0.0,0.8754940711462451,0.005160555
FOODS_2_156,FOODS_2,2389,2091,21070.0,8.81959,10,277,7,1.4192967,0.11432641,0.033068229384679786,0.8752616157388029,0.08055145
FOODS_2_086,FOODS_2,2387,2089,25154.0,10.537913,10,277,9,2.4576917,0.21068622,0.02262253875157101,0.8751571009635526,0.08572525
FOODS_2_375,FOODS_2,2378,2081,13252.0,5.57275,10,277,5,4.886005,0.147929,0.005887300252312868,0.8751051303616485,0.030276064
HOUSEHOLD_2_395,HOUSEHOLD_2,2744,2401,13600.0,4.9562683,10,277,1,3.67,0.0,0.0,0.875,0.0
FOODS_2_143,FOODS_2,2327,2036,13989.0,6.011603,10,277,8,3.9609241,0.20667836,0.009454232917920068,0.8749462827675119,0.05217933
FOODS_3_157,FOODS_3,1015,888,6022.0,5.933005,10,137,4,3.0415862,0.13906257,0.0,0.8748768472906404,0.04572041
FOODS_1_108,FOODS_1,2749,2405,24633.0,8.960713,10,277,1,2.5,0.0,0.0,0.8748635867588214,0.0
HOUSEHOLD_1_397,HOUSEHOLD_1,2770,2423,22279.0,8.04296,10,277,11,2.7669063,0.09139461,0.01516245487364621,0.8747292418772563,0.033031337
FOODS_3_431,FOODS_3,2490,2178,25378.0,10.191968,10,250,4,0.99977505,0.006686279,0.0012048192771084338,0.8746987951807229,0.0066877836
HOBBIES_2_043,HOBBIES_2,1041,910,7027.0,6.7502403,10,106,1,0.97,0.0,0.0,0.8741594620557157,0.0
HOBBIES_1_040,HOBBIES_1,2065,1805,15945.0,7.7215495,10,207,7,12.935323,0.26482132,0.018401937046004842,0.87409200968523,0.020472726
HOUSEHOLD_1_138,HOUSEHOLD_1,2766,2417,20827.0,7.529646,10,277,4,4.9540925,0.10611819,0.004338394793926247,0.8738250180766449,0.021420307
FOODS_2_250,FOODS_2,737,644,3272.0,4.43962,10,84,1,10.97,0.0,0.0,0.8738127544097694,0.0
FOODS_3_015,FOODS_3,2741,2395,24313.0,8.87012,10,277,6,1.730664,0.055727422,0.012404232032105071,0.8737686975556366,0.032200024
HOBBIES_1_411,HOBBIES_1,2753,2405,9370.0,3.4035597,10,277,2,1.3338249,0.045410853,0.0,0.8735924446058845,0.03404559
FOODS_3_622,FOODS_3,2770,2419,9649.0,3.4833934,10,277,7,2.5517724,0.070519336,0.0010830324909747292,0.8732851985559567,0.027635433
FOODS_1_214,FOODS_1,2664,2326,13363.0,5.016141,10,268,4,2.9469595,0.16303009,0.0015015015015015015,0.8731231231231231,0.055321455
HOUSEHOLD_2_197,HOUSEHOLD_2,2764,2413,16067.0,5.812952,10,277,3,3.9716642,0.07846783,0.004703328509406657,0.8730101302460203,0.019756915
FOODS_3_401,FOODS_3,2614,2282,12547.0,4.7999234,10,277,2,1.9799235,0.0027655351,0.0,0.872991583779648,0.0013967889
HOBBIES_1_042,HOBBIES_1,2311,2017,7515.0,3.251839,10,241,4,7.643687,0.2087812,0.0008654262224145391,0.8727823453050627,0.027314201
FOODS_3_081,FOODS_3,2735,2387,12422.0,4.541865,10,277,6,4.602018,0.18596748,0.08994515539305302,0.8727605118829982,0.040409986
HOBBIES_1_081,HOBBIES_1,1453,1268,4989.0,3.4335856,10,151,1,14.72,0.0,0.0,0.8726772195457674,0.0
FOODS_3_455,FOODS_3,2238,1953,136569.0,61.02279,10,225,9,2.2339857,0.24744256,0.11394101876675604,0.8726541554959786,0.11076282
HOBBIES_1_256,HOBBIES_1,2770,2417,80009.0,28.884115,10,277,7,0.4752455,0.022126747,0.07833935018050542,0.8725631768953068,0.046558563
FOODS_1_016,FOODS_1,2746,2396,13886.0,5.05681,10,277,3,2.0711215,0.13241643,0.0003641660597232338,0.8725418790968682,0.063934654
FOODS_3_492,FOODS_3,2533,2210,15291.0,6.0367155,10,277,6,2.9759061,0.059651587,0.00473746545598105,0.87248322147651,0.020044848
FOODS_3_653,FOODS_3,1748,1525,19662.0,11.248283,10,191,3,3.929754,0.13278441,0.10297482837528604,0.8724256292906178,0.033789497
FOODS_3_011,FOODS_3,2759,2407,23876.0,8.65386,10,277,3,1.9461834,0.14066933,0.04711852120333454,0.8724175425878942,0.07227959
HOUSEHOLD_2_376,HOUSEHOLD_2,2766,2413,8684.0,3.1395516,10,277,5,3.7541032,0.23097914,0.005422993492407809,0.8723788864786696,0.061527118
HOBBIES_1_241,HOBBIES_1,1237,1079,7004.0,5.6620855,10,125,3,21.18996,0.85971725,0.10509296685529507,0.872271624898949,0.040571913
FOODS_3_031,FOODS_3,2290,1997,11914.0,5.20262,10,277,13,4.5663667,0.30078933,0.00611353711790393,0.8720524017467249,0.065870605
FOODS_2_196,FOODS_2,2484,2165,15408.0,6.2028985,10,277,15,3.8012562,0.19356884,0.07648953301127215,0.8715780998389694,0.050922334
HOBBIES_1_350,HOBBIES_1,2769,2413,11684.0,4.219574,10,277,8,2.994937,0.10837344,0.04803178042614662,0.8714337305886601,0.03618555
HOUSEHOLD_1_403,HOUSEHOLD_1,2535,2209,6590.0,2.5996056,10,256,10,3.9903984,0.21661012,0.054437869822485205,0.8714003944773175,0.05428283
HOUSEHOLD_1_506,HOUSEHOLD_1,2542,2215,60059.0,23.626673,10,277,10,3.5292056,0.22822851,0.0007867820613690008,0.8713611329661684,0.06466852
HOUSEHOLD_1_195,HOUSEHOLD_1,2005,1747,5638.0,2.81197,10,203,2,3.8790624,0.04198563,0.0004987531172069825,0.8713216957605985,0.010823654
HOBBIES_1_264,HOBBIES_1,2762,2406,10820.0,3.9174511,10,277,1,4.47,0.0,0.0,0.8711078928312816,0.0
FOODS_3_096,FOODS_3,2663,2319,15617.0,5.8644385,10,277,20,4.261416,0.28880435,0.1002628614344724,0.8708223807735637,0.06777192
FOODS_3_636,FOODS_3,1463,1274,37925.0,25.922762,10,149,2,3.503978,0.014933658,0.0,0.8708133971291866,0.0042619156
HOUSEHOLD_2_350,HOUSEHOLD_2,2770,2412,17325.0,6.254513,10,277,6,2.9285955,0.05007701,0.0007220216606498195,0.8707581227436824,0.017099326
HOUSEHOLD_1_379,HOUSEHOLD_1,2760,2403,46794.0,16.954348,10,277,1,0.9700001,0.0,0.0,0.8706521739130435,0.0
FOODS_3_456,FOODS_3,2033,1770,7658.0,3.7668471,10,206,5,3.925873,0.1894185,0.000983767830791933,0.8706345302508608,0.048248757
HOBBIES_1_119,HOBBIES_1,1482,1290,6180.0,4.1700406,10,151,3,1.7327328,0.064487964,0.009446693657219974,0.8704453441295547,0.03721749
HOUSEHOLD_2_341,HOUSEHOLD_2,2770,2411,13148.0,4.7465706,10,277,11,5.294065,0.16224727,0.008664259927797834,0.8703971119133574,0.030647011
FOODS_3_707,FOODS_3,1211,1054,15890.0,13.1213875,10,124,4,1.1327002,0.11385457,0.12386457473162675,0.870355078447564,0.100516066
FOODS_3_028,FOODS_3,2679,2331,19034.0,7.10489,10,277,3,3.8013365,0.16248588,0.005225830533781261,0.8701007838745801,0.04274441
HOUSEHOLD_1_143,HOUSEHOLD_1,1578,1373,25023.0,15.857414,10,158,1,1.9700001,0.0,0.0,0.8700887198986058,0.0
FOODS_3_481,FOODS_3,2770,2410,30257.0,10.923104,10,277,9,3.7905777,0.18535835,0.010469314079422382,0.8700361010830325,0.048899762
FOODS_2_372,FOODS_2,1054,917,3483.0,3.304554,10,119,2,8.957353,0.08070847,0.0,0.8700189753320683,0.009010304
FOODS_2_388,FOODS_2,2659,2313,31232.0,11.7457695,10,277,10,2.9726477,0.11000575,0.07860097781120721,0.8698758931929297,0.037005983
HOUSEHOLD_1_097,HOUSEHOLD_1,2770,2409,11037.0,3.9844766,10,277,5,3.998242,0.18348609,0.051263537906137184,0.8696750902527076,0.04589169
FOODS_3_276,FOODS_3,2677,2328,24022.0,8.973477,10,277,9,4.5059953,0.2760974,0.0903997011580127,0.8696301830407173,0.06127334
HOUSEHOLD_1_132,HOUSEHOLD_1,2769,2408,29211.0,10.549295,10,277,6,1.9270604,0.06575944,0.0061394005055976884,0.869628024557602,0.034124225
FOODS_3_786,FOODS_3,2753,2394,30124.0,10.942245,10,277,4,1.9821503,0.10569689,0.050490374137304755,0.869596803487105,0.053324357
HOUSEHOLD_1_484,HOUSEHOLD_1,644,560,3445.0,5.349379,10,73,1,9.97,0.0,0.0,0.8695652173913043,0.0
HOUSEHOLD_1_235,HOUSEHOLD_1,2688,2337,53281.0,19.8218,10,277,10,3.515774,0.23512402,0.005580357142857143,0.8694196428571429,0.06687689
FOODS_2_146,FOODS_2,2388,2076,19169.0,8.02722,10,277,10,1.901093,0.10441139,0.08752093802345058,0.8693467336683417,0.05492177
FOODS_3_782,FOODS_3,2770,2408,66762.0,24.101805,10,277,6,2.5982094,0.11146215,0.06101083032490975,0.8693140794223827,0.042899605
FOODS_2_381,FOODS_2,2707,2353,33012.0,12.19505,10,277,14,2.4924455,0.17651196,0.07757665312153676,0.8692279275951238,0.07081878
FOODS_1_094,FOODS_1,2760,2399,19083.0,6.91413,10,277,6,3.313529,0.2039222,0.05181159420289855,0.8692028985507246,0.0615423
HOBBIES_1_339,HOBBIES_1,1223,1063,4946.0,4.0441537,10,124,1,7.98,0.0,0.0,0.8691741618969746,0.0
HOUSEHOLD_1_101,HOUSEHOLD_1,2750,2390,15059.0,5.476,10,277,4,2.3657017,0.019808047,0.0014545454545454545,0.8690909090909091,0.008373011
FOODS_1_203,FOODS_1,2770,2407,12786.0,4.6158843,10,277,4,2.1661625,0.11392551,0.004332129963898917,0.8689530685920578,0.052593242
HOBBIES_1_268,HOBBIES_1,2739,2380,96393.0,35.192772,10,277,5,0.47591093,0.01973345,0.07155896312522819,0.868930266520628,0.041464586
FOODS_3_033,FOODS_3,1211,1052,3933.0,3.247729,10,122,2,2.4983485,0.040622197,0.0016515276630883566,0.8687035507844756,0.01625962
FOODS_1_081,FOODS_1,2377,2064,14140.0,5.9486747,10,264,33,6.0462976,0.6755571,0.04964240639461506,0.8683214135464872,0.1117307
FOODS_3_133,FOODS_3,2769,2404,91107.0,32.902493,10,277,9,0.81648976,0.043071553,0.09606356085229324,0.8681834597327555,0.052752104
HOUSEHOLD_2_047,HOUSEHOLD_2,2767,2401,9504.0,3.434767,10,277,4,3.2752693,0.3260501,0.0422840621611854,0.8677267799060354,0.0995491
HOUSEHOLD_2_438,HOUSEHOLD_2,2687,2331,11471.0,4.2690735,10,277,5,8.899921,0.1022355,0.008559732043170823,0.8675102344622255,0.011487236
HOUSEHOLD_2_084,HOUSEHOLD_2,2770,2403,11123.0,4.0155234,10,277,5,3.9948485,0.25029454,0.053429602888086646,0.8675090252707581,0.062654324
FOODS_3_271,FOODS_3,2678,2323,23136.0,8.639283,10,277,8,4.511094,0.2716128,0.09111277072442121,0.8674383868558626,0.06020996
FOODS_2_175,FOODS_2,1916,1662,42891.0,22.3857,10,221,6,2.3425055,0.2155309,0.09707724425887265,0.8674321503131524,0.09200871
FOODS_3_268,FOODS_3,2102,1823,7086.0,3.3710752,10,236,3,2.1806662,0.020220907,0.0,0.8672692673644149,0.009272812
FOODS_1_087,FOODS_1,2455,2129,39867.0,16.239103,10,264,34,6.0766764,0.7090174,0.043177189409368634,0.8672097759674134,0.116678484
FOODS_1_080,FOODS_1,2726,2363,10902.0,3.9992664,10,277,4,7.477069,0.27736026,0.0007336757153338225,0.8668378576669112,0.037094783
FOODS_3_783,FOODS_3,2756,2389,63900.0,23.185776,10,277,8,5.3245535,0.281518,0.19412191582002902,0.8668359941944848,0.052871667
FOODS_1_129,FOODS_1,2770,2401,38304.0,13.828158,10,277,48,6.702321,1.0215892,0.12851985559566786,0.8667870036101083,0.15242319
FOODS_3_550,FOODS_3,1747,1514,7827.0,4.480252,10,175,5,2.969187,0.06862187,0.014882655981682884,0.8666285060103034,0.023111332
FOODS_2_062,FOODS_2,2390,2071,11804.0,4.938912,10,277,13,5.4531507,0.36334583,0.0029288702928870294,0.8665271966527197,0.06663044
HOBBIES_1_320,HOBBIES_1,2764,2395,19234.0,6.9587555,10,277,4,4.444989,0.11073782,0.005065123010130246,0.8664978292329957,0.024912957
HOUSEHOLD_1_485,HOUSEHOLD_1,2766,2396,9922.0,3.5871294,10,277,1,2.9700003,0.0,0.0,0.866232827187274,0.0
HOBBIES_1_312,HOBBIES_1,2770,2399,58803.0,21.22852,10,277,7,0.55950904,0.026948653,0.048014440433213,0.8660649819494585,0.048164822
HOBBIES_1_032,HOBBIES_1,2770,2399,64430.0,23.259928,10,277,6,0.5595343,0.025609914,0.047653429602888084,0.8660649819494585,0.045770053
HOUSEHOLD_2_399,HOUSEHOLD_2,1060,918,2976.0,2.807547,10,107,1,2.67,0.0,0.0,0.8660377358490566,0.0
HOBBIES_1_295,HOBBIES_1,2716,2352,73083.0,26.908321,10,277,7,0.47548234,0.020909945,0.06848306332842416,0.865979381443299,0.04397628
FOODS_3_454,FOODS_3,2231,1931,102483.0,45.9359,10,228,6,0.20038548,0.019101668,0.01523980277902286,0.8655311519497983,0.09532461
HOUSEHOLD_2_264,HOUSEHOLD_2,1194,1033,3546.0,2.9698493,10,120,1,3.48,0.0,0.0,0.8651591289782244,0.0
FOODS_3_566,FOODS_3,1689,1461,35582.0,21.066904,10,227,2,0.9996033,0.016302716,0.0005920663114268798,0.8650088809946714,0.016309187
FOODS_2_116,FOODS_2,2474,2140,25263.0,10.211398,10,277,9,1.9036622,0.10496226,0.0856911883589329,0.8649959579628133,0.05513702
HOUSEHOLD_2_191,HOUSEHOLD_2,2770,2396,9643.0,3.4812274,10,277,6,5.0044804,0.39050415,0.0068592057761732855,0.8649819494584837,0.07803091
FOODS_1_088,FOODS_1,2770,2396,29915.0,10.799639,10,277,5,4.866686,0.33235255,0.005054151624548736,0.8649819494584837,0.06829135
HOUSEHOLD_1_505,HOUSEHOLD_1,2745,2374,35360.0,12.881603,10,275,6,2.5197306,0.1301869,0.13224043715846995,0.8648451730418943,0.051666994
HOUSEHOLD_1_214,HOUSEHOLD_1,1781,1540,45285.0,25.426727,10,196,4,1.7924594,0.16350485,0.05221785513756317,0.8646827624929815,0.091218166
HOUSEHOLD_1_254,HOUSEHOLD_1,1736,1501,53355.0,30.734447,10,178,2,0.9757662,0.004942375,0.0,0.8646313364055299,0.005065122
HOBBIES_1_164,HOBBIES_1,2770,2395,11093.0,4.004693,10,277,4,8.967672,0.07783149,0.0010830324909747292,0.8646209386281588,0.008679119
FOODS_3_305,FOODS_3,2770,2395,52078.0,18.800722,10,277,3,3.5170398,0.7063197,0.0,0.8646209386281588,0.2008279
FOODS_1_003,FOODS_1,2770,2395,13567.0,4.897834,10,277,3,2.970585,0.1536481,0.00036101083032490973,0.8646209386281588,0.051723175
FOODS_3_245,FOODS_3,2250,1945,101297.0,45.02089,10,225,8,2.2354133,0.24428648,0.116,0.8644444444444445,0.10928023
HOBBIES_1_072,HOBBIES_1,2639,2281,10741.0,4.070102,10,277,1,1.97,0.0,0.0,0.8643425539977264,0.0
FOODS_3_506,FOODS_3,2436,2105,7901.0,3.2434318,10,277,3,3.9767406,0.09320953,0.0012315270935960591,0.8641215106732348,0.023438673
FOODS_2_314,FOODS_2,2420,2091,8664.0,3.5801654,10,277,8,4.8712354,0.28288117,0.05413223140495868,0.8640495867768595,0.05807175
HOBBIES_1_361,HOBBIES_1,2029,1753,4690.0,2.3114834,10,204,5,29.678284,1.5505348,0.006407097092163627,0.8639724001971415,0.05224476
HOBBIES_1_409,HOBBIES_1,2770,2393,11496.0,4.1501803,10,277,9,5.6638484,0.2302656,0.048014440433213,0.863898916967509,0.040655326
HOBBIES_2_024,HOBBIES_2,1006,869,4327.0,4.3011928,10,108,1,4.77,0.0,0.0,0.8638170974155069,0.0
FOODS_2_387,FOODS_2,925,799,3201.0,3.4605405,10,100,1,12.97,0.0,0.0,0.8637837837837837,0.0
FOODS_3_215,FOODS_3,2686,2320,38802.0,14.446016,10,277,9,1.0439129,0.17194925,0.0577066269545793,0.8637379002233805,0.1647161
FOODS_3_474,FOODS_3,2148,1855,85814.0,39.950653,10,225,3,1.8676116,0.033115298,0.0004655493482309125,0.8635940409683427,0.017731361
HOUSEHOLD_1_283,HOUSEHOLD_1,1268,1095,19110.0,15.070978,10,149,2,1.4799922,0.00028082772,0.0,0.863564668769716,0.00018974947
FOODS_2_332,FOODS_2,2387,2061,8499.0,3.5605361,10,277,14,3.5153832,0.22965692,0.028068705488060328,0.8634268956849602,0.06532913
FOODS_3_508,FOODS_3,2766,2388,37132.0,13.424439,10,277,1,1.0,0.0,0.0,0.8633405639913232,0.0
HOBBIES_1_078,HOBBIES_1,2764,2386,18174.0,6.5752535,10,277,11,12.460372,0.47599196,0.002894356005788712,0.8632416787264834,0.03820046
HOUSEHOLD_1_384,HOUSEHOLD_1,1225,1057,6537.0,5.3363266,10,125,1,4.84,0.0,0.0,0.8628571428571429,0.0
HOBBIES_1_421,HOBBIES_1,1690,1458,6785.0,4.014793,10,171,6,8.383545,0.35912594,0.07810650887573964,0.8627218934911243,0.042837005
FOODS_3_516,FOODS_3,2687,2318,136321.0,50.733532,10,275,4,3.5259619,0.18056509,0.036471901749162636,0.8626721250465202,0.051210165
FOODS_3_221,FOODS_3,1012,873,5165.0,5.103755,10,103,2,4.979012,0.03143473,0.0,0.8626482213438735,0.0063134474
FOODS_2_301,FOODS_2,1237,1067,10971.0,8.869038,10,134,5,2.818254,0.42345113,0.00889248181083266,0.862570735650768,0.150253
FOODS_1_173,FOODS_1,2769,2388,66264.0,23.93066,10,277,6,1.9773601,0.03774439,0.008306247742867461,0.8624052004333694,0.019088274
HOUSEHOLD_1_475,HOUSEHOLD_1,2731,2355,15800.0,5.7854266,10,277,6,2.6601136,0.06933295,0.05382643720248993,0.8623214939582571,0.026063906
HOBBIES_1_358,HOBBIES_1,1416,1221,9492.0,6.7033896,10,142,4,2.5924718,0.08976748,0.09180790960451977,0.8622881355932204,0.034626212
FOODS_3_038,FOODS_3,689,594,2585.0,3.7518141,10,70,2,4.977823,0.03294495,0.0,0.8621190130624092,0.0066183456
HOUSEHOLD_1_170,HOUSEHOLD_1,2168,1869,16441.0,7.583487,10,250,2,1.9618819,0.0058405846,0.0,0.8620848708487084,0.0029770317
FOODS_1_012,FOODS_1,2549,2197,86516.0,33.941154,10,264,33,6.153625,0.79896015,0.05100039231071008,0.8619066300510004,0.1298357
HOUSEHOLD_2_136,HOUSEHOLD_2,2766,2384,8532.0,3.0845988,10,277,5,4.856956,0.10306088,0.0010845986984815619,0.8618944323933478,0.021219233
FOODS_3_753,FOODS_3,2758,2377,58560.0,21.232777,10,277,7,5.3272443,0.2722688,0.19289340101522842,0.8618564176939811,0.05110875
FOODS_2_095,FOODS_2,1107,954,6309.0,5.699187,10,119,3,4.416432,0.075867526,0.0027100271002710027,0.8617886178861789,0.017178467
HOUSEHOLD_1_272,HOUSEHOLD_1,2770,2387,54039.0,19.508665,10,277,5,9.952975,0.16721752,0.04909747292418772,0.8617328519855596,0.016800757
FOODS_1_115,FOODS_1,1468,1265,9607.0,6.544278,10,147,3,3.480109,0.23724613,0.02861035422343324,0.861716621253406,0.06817204
FOODS_3_635,FOODS_3,2760,2378,282174.0,102.23695,10,277,15,0.979134,0.04152507,0.10507246376811594,0.8615942028985507,0.042409997
FOODS_1_187,FOODS_1,2758,2376,24999.0,9.064177,10,277,8,9.183273,0.6047453,0.014140681653372008,0.8614938361131255,0.06585292
HOUSEHOLD_1_086,HOUSEHOLD_1,2768,2384,38192.0,13.797688,10,277,12,4.928049,0.20489831,0.01878612716763006,0.861271676300578,0.041577976
FOODS_3_262,FOODS_3,985,848,3584.0,3.6385787,10,102,3,6.536609,0.06218471,0.0,0.8609137055837564,0.009513298
HOBBIES_1_130,HOBBIES_1,2718,2339,12000.0,4.415011,10,277,3,2.6634734,0.1700142,0.009565857247976454,0.8605592347314202,0.06383176
FOODS_2_009,FOODS_2,2388,2055,22038.0,9.228643,10,277,10,1.419108,0.1153091,0.03350083752093802,0.8605527638190955,0.08125463
HOUSEHOLD_1_454,HOUSEHOLD_1,2000,1721,5447.0,2.7235,10,202,1,2.97,0.0,0.0,0.8605,0.0
HOUSEHOLD_2_294,HOUSEHOLD_2,1856,1597,20939.0,11.281789,10,273,3,4.76285,0.076048024,0.0005387931034482759,0.8604525862068966,0.015966916
FOODS_3_705,FOODS_3,2678,2304,14861.0,5.5492907,10,277,2,3.802808,0.15291528,0.0048543689320388345,0.8603435399551904,0.04021115
HOUSEHOLD_2_354,HOUSEHOLD_2,2620,2254,13925.0,5.3148856,10,263,2,0.9699123,0.0044934223,0.0003816793893129771,0.8603053435114504,0.004632813
HOUSEHOLD_2_319,HOUSEHOLD_2,1617,1391,5783.0,3.576376,10,164,1,1.9799999,0.0,0.0,0.860235003092146,0.0
FOODS_3_629,FOODS_3,2758,2372,12095.0,4.385424,10,277,5,5.1908703,0.32339287,0.047860768672951415,0.8600435097897027,0.062300317
FOODS_3_479,FOODS_3,2600,2236,24235.0,9.321154,10,273,2,0.99817306,0.021297125,0.005,0.86,0.021336105
FOODS_3_529,FOODS_3,999,859,3558.0,3.5615616,10,102,1,3.98,0.0,0.0,0.8598598598598599,0.0
FOODS_3_717,FOODS_3,2754,2368,10853.0,3.9408133,10,277,2,1.9799274,0.0026943514,0.0,0.859840232389252,0.0013608334
FOODS_3_191,FOODS_3,2753,2367,39133.0,14.214675,10,277,1,1.0,0.0,0.0,0.8597893207410098,0.0
FOODS_3_394,FOODS_3,2764,2376,13596.0,4.918958,10,277,11,2.799027,0.15995622,0.060057887120115776,0.8596237337192475,0.05714708
HOBBIES_1_068,HOBBIES_1,2764,2376,9854.0,3.565123,10,277,10,6.974164,0.16182148,0.004341534008683068,0.8596237337192475,0.023202993
HOBBIES_1_348,HOBBIES_1,2769,2380,107064.0,38.665222,10,277,6,0.47558326,0.020237774,0.07620079451065366,0.8595160707836764,0.04255359
HOUSEHOLD_2_336,HOUSEHOLD_2,2766,2377,17484.0,6.321041,10,277,5,9.157282,0.1745243,0.009038322487346349,0.8593637020968908,0.019058527
FOODS_3_589,FOODS_3,1685,1448,27323.0,16.215431,10,169,4,1.0881306,0.11650748,0.09554896142433235,0.8593471810089021,0.10707123
FOODS_2_147,FOODS_2,653,561,2455.0,3.7595713,10,83,6,3.7117918,0.15563448,0.11026033690658499,0.8591117917304747,0.041929744
FOODS_3_536,FOODS_3,2475,2126,11572.0,4.6755557,10,277,7,2.722315,0.17440051,0.00202020202020202,0.858989898989899,0.06406331
FOODS_3_319,FOODS_3,2765,2375,208363.0,75.35732,10,277,10,0.9797143,0.037035957,0.09367088607594937,0.8589511754068716,0.037802815
FOODS_3_655,FOODS_3,2763,2373,43013.0,15.567499,10,277,6,1.9813246,0.10930026,0.05175533840028954,0.8588490770901195,0.05516525
HOUSEHOLD_1_534,HOUSEHOLD_1,644,553,3231.0,5.017081,10,73,2,9.964581,0.13752528,0.0,0.8586956521739131,0.013801412
HOUSEHOLD_1_530,HOUSEHOLD_1,2016,1731,10209.0,5.063988,10,202,3,1.9631349,0.031537823,0.0,0.8586309523809523,0.016065031
HOBBIES_1_017,HOBBIES_1,2546,2186,14817.0,5.8197174,10,277,6,1.9467204,0.05418051,0.0007855459544383347,0.8586017282010998,0.027831687
HOUSEHOLD_2_418,HOUSEHOLD_2,728,625,1698.0,2.3324175,10,73,1,2.78,0.0,0.0,0.8585164835164835,0.0
FOODS_3_808,FOODS_3,2761,2370,281888.0,102.096344,10,277,10,0.9810358,0.036094867,0.09344440420137631,0.858384643245201,0.03679261
FOODS_2_088,FOODS_2,2362,2027,10721.0,4.53895,10,277,15,7.02862,0.5530544,0.04106689246401355,0.8581710414902625,0.07868606
FOODS_3_692,FOODS_3,2770,2377,53037.0,19.14693,10,277,9,0.8170722,0.04171891,0.09711191335740073,0.8581227436823105,0.051059026
FOODS_3_494,FOODS_3,2671,2292,13796.0,5.165107,10,277,19,2.9686635,0.1479955,0.090228378884313,0.8581055784350431,0.04985257
FOODS_3_339,FOODS_3,2770,2376,57707.0,20.832851,10,277,10,0.8159892,0.042920385,0.10397111913357401,0.8577617328519855,0.052599207
HOUSEHOLD_1_230,HOUSEHOLD_1,2770,2375,9588.0,3.461372,10,277,2,3.2563467,0.08921109,0.0,0.8574007220216606,0.027396066
FOODS_3_515,FOODS_3,1622,1390,19675.0,12.130086,10,163,4,2.8652036,0.102494754,0.02404438964241677,0.8569667077681874,0.03577224
HOBBIES_1_395,HOBBIES_1,1138,975,2706.0,2.3778558,10,115,4,7.471362,0.19232866,0.0026362038664323375,0.8567662565905096,0.025742115
FOODS_3_365,FOODS_3,2350,2013,7959.0,3.3868084,10,277,9,4.265821,0.5707968,0.000851063829787234,0.8565957446808511,0.13380702
HOBBIES_1_122,HOBBIES_1,1485,1272,7480.0,5.037037,10,150,3,1.7322896,0.06718449,0.010101010101010102,0.8565656565656565,0.03878364
HOBBIES_1_152,HOBBIES_1,1554,1331,4587.0,2.9517374,10,156,3,5.0631146,0.25107637,0.08365508365508366,0.8564993564993565,0.049589314
HOBBIES_1_262,HOBBIES_1,1128,966,3180.0,2.819149,10,114,1,8.98,0.0,0.0,0.8563829787234043,0.0
HOUSEHOLD_2_262,HOUSEHOLD_2,2770,2372,10518.0,3.797112,10,277,3,4.9742165,0.060134523,0.005054151624548736,0.8563176895306859,0.012089245
FOODS_3_603,FOODS_3,1036,887,15080.0,14.5559845,10,119,2,0.99913126,0.02796164,0.0,0.8561776061776062,0.027985953
HOUSEHOLD_1_420,HOUSEHOLD_1,1451,1242,5819.0,4.010338,10,148,2,6.440345,0.028413516,0.0,0.8559614059269469,0.0044118003
HOUSEHOLD_1_068,HOUSEHOLD_1,2749,2353,13699.0,4.983267,10,275,2,6.9652705,0.06861736,0.004728992360858494,0.8559476173153874,0.009851356
FOODS_3_405,FOODS_3,2769,2370,14081.0,5.0852294,10,277,9,3.8117552,0.23349388,0.04947634525099314,0.8559046587215602,0.061256263
FOODS_2_216,FOODS_2,2186,1871,8468.0,3.873742,10,275,11,5.9488425,0.16985305,0.0009149130832570906,0.8559011893870082,0.028552284
HOBBIES_1_019,HOBBIES_1,1825,1562,54133.0,29.661919,10,243,4,0.47164384,0.014717147,0.05041095890410959,0.8558904109589041,0.031203942
FOODS_3_446,FOODS_3,2765,2366,97221.0,35.1613,10,277,2,1.1546763,0.062597044,0.00976491862567812,0.8556962025316456,0.054211766
FOODS_3_378,FOODS_3,2367,2025,19199.0,8.111111,10,277,9,4.6144824,0.21168096,0.033375580904098014,0.8555133079847909,0.045873176
HOUSEHOLD_1_131,HOUSEHOLD_1,816,698,5722.0,7.0122547,10,95,4,4.913738,0.21512702,0.0024509803921568627,0.8553921568627451,0.04378073
FOODS_3_468,FOODS_3,2766,2366,86432.0,31.24801,10,277,2,1.1544902,0.06278879,0.009761388286334056,0.8553868402024585,0.054386593
HOUSEHOLD_1_245,HOUSEHOLD_1,923,789,9050.0,9.804984,10,120,4,2.5794692,0.08739447,0.07042253521126761,0.8548212351029253,0.033880796
HOUSEHOLD_1_126,HOUSEHOLD_1,2684,2294,7828.0,2.9165425,10,277,7,8.757928,0.49024022,0.0026080476900149033,0.8546944858420268,0.055976737
HOBBIES_1_378,HOBBIES_1,2730,2333,12459.0,4.5637364,10,277,3,3.2386265,0.01921269,0.003663003663003663,0.8545787545787545,0.005932357
HOUSEHOLD_1_417,HOUSEHOLD_1,2767,2364,9138.0,3.3024936,10,277,2,5.478641,0.07147979,0.0003614022406938923,0.8543548970003614,0.013046993
FOODS_2_351,FOODS_2,2657,2270,17127.0,6.4459915,10,277,11,2.9730034,0.12715498,0.08091832894241625,0.8543470079036507,0.04276987
FOODS_2_083,FOODS_2,2372,2026,13838.0,5.8338957,10,276,11,6.944899,0.22973175,0.030775716694772345,0.8541315345699831,0.033079207
HOUSEHOLD_1_172,HOUSEHOLD_1,1419,1212,8261.0,5.8217053,10,148,2,1.97105,0.040583987,0.0916138125440451,0.854122621564482,0.020590033
FOODS_3_613,FOODS_3,705,602,3279.0,4.651064,10,73,3,2.878071,0.025732918,0.005673758865248227,0.8539007092198582,0.008941029
FOODS_3_086,FOODS_3,2545,2173,123813.0,48.64951,10,277,7,1.0926208,0.12674384,0.17406679764243616,0.8538310412573674,0.11599983
HOUSEHOLD_2_295,HOUSEHOLD_2,2770,2365,8296.0,2.9949458,10,277,5,5.9228086,0.2725325,0.010108303249097473,0.8537906137184116,0.046014063
FOODS_3_223,FOODS_3,2290,1955,9202.0,4.0183406,10,242,1,1.9800001,0.0,0.0,0.8537117903930131,0.0
HOBBIES_1_213,HOBBIES_1,2770,2364,9655.0,3.4855595,10,277,5,8.368433,0.3044196,0.009386281588447653,0.8534296028880867,0.036377136
HOUSEHOLD_1_091,HOUSEHOLD_1,2749,2345,8959.0,3.2590032,10,277,6,6.949287,0.13368283,0.0018188432157148053,0.8530374681702437,0.019236913
FOODS_3_822,FOODS_3,2770,2362,58843.0,21.24296,10,277,14,3.8759243,0.4562748,0.2075812274368231,0.8527075812274368,0.117720254
HOBBIES_1_404,HOBBIES_1,2709,2309,76007.0,28.057217,10,277,6,0.47534883,0.021216642,0.07272056109265411,0.8523440383905501,0.044633836
FOODS_3_257,FOODS_3,2768,2359,40346.0,14.575867,10,277,9,3.908649,0.4134748,0.18027456647398843,0.8522398843930635,0.10578458
FOODS_3_709,FOODS_3,1421,1211,7001.0,4.926812,10,144,9,2.2274806,0.18411991,0.0028149190710767065,0.8522167487684729,0.082658365
FOODS_3_819,FOODS_3,2758,2350,38640.0,14.010152,10,277,4,1.982966,0.10574391,0.044960116026105876,0.8520667150108775,0.053326134
HOUSEHOLD_2_225,HOUSEHOLD_2,1175,1001,11169.0,9.505532,10,126,2,0.9663915,0.011464339,0.0,0.8519148936170213,0.011863038
HOUSEHOLD_1_471,HOUSEHOLD_1,1917,1633,14780.0,7.7099633,10,193,4,2.497543,0.09585601,0.0020865936358894104,0.8518518518518519,0.038380124
FOODS_2_315,FOODS_2,2766,2356,61672.0,22.296457,10,277,6,2.4986804,0.062255614,0.009761388286334056,0.8517715112075199,0.024915397
FOODS_3_224,FOODS_3,2770,2359,38380.0,13.855596,10,277,12,3.8918917,0.4315037,0.19530685920577617,0.8516245487364621,0.110872485
HOUSEHOLD_2_074,HOUSEHOLD_2,2768,2357,21659.0,7.8247833,10,277,2,0.96963155,0.0018842769,0.0,0.8515173410404624,0.0019432916
HOUSEHOLD_1_219,HOUSEHOLD_1,2111,1797,12769.0,6.048792,10,224,4,6.6300855,0.24394563,0.05589767882520132,0.8512553292278541,0.03679374
FOODS_1_152,FOODS_1,2769,2357,14952.0,5.399783,10,277,7,7.981,0.51614064,0.015167930660888408,0.8512098230408089,0.06467117
HOUSEHOLD_2_297,HOUSEHOLD_2,2766,2354,7094.0,2.5647144,10,277,4,6.0510015,0.24420902,0.00036153289949385393,0.8510484454085322,0.040358447
HOBBIES_1_342,HOBBIES_1,2024,1722,4246.0,2.097826,10,204,9,19.761555,0.9219668,0.009387351778656126,0.8507905138339921,0.046654567
FOODS_3_366,FOODS_3,703,598,3265.0,4.644381,10,72,1,1.74,0.0,0.0,0.8506401137980085,0.0
FOODS_2_049,FOODS_2,2389,2032,20212.0,8.4604435,10,277,7,2.4573798,0.20852338,0.021766429468396818,0.8505650899958141,0.08485598
HOUSEHOLD_1_193,HOUSEHOLD_1,1057,899,11190.0,10.586566,10,106,1,2.42,0.0,0.0,0.8505203405865658,0.0
HOBBIES_1_123,HOBBIES_1,1556,1323,5947.0,3.8219795,10,157,4,7.9472494,0.16592337,0.008354755784061696,0.8502570694087404,0.020878088
HOBBIES_1_036,HOBBIES_1,2747,2335,10651.0,3.8773208,10,277,4,1.063855,0.07130475,0.0,0.8500182016745541,0.06702488
FOODS_3_461,FOODS_3,2770,2354,35370.0,12.768953,10,277,8,1.4476354,0.08674569,0.019855595667870037,0.8498194945848375,0.05992233
FOODS_1_013,FOODS_1,2712,2304,24766.0,9.132006,10,277,6,1.4712168,0.059055597,0.0029498525073746312,0.8495575221238938,0.040140647
HOUSEHOLD_1_499,HOUSEHOLD_1,2027,1722,8453.0,4.1702023,10,203,7,3.9499311,0.088460535,0.007893438579181056,0.8495313270843611,0.022395462
FOODS_3_335,FOODS_3,1854,1575,16734.0,9.02589,10,225,15,2.2058737,0.26930818,0.10355987055016182,0.8495145631067961,0.12208685
FOODS_3_542,FOODS_3,2565,2179,13807.0,5.382846,10,276,5,2.4959767,0.0437483,0.0003898635477582846,0.8495126705653021,0.017527528
FOODS_3_197,FOODS_3,1865,1584,10235.0,5.4879355,10,189,2,1.9743378,0.034846444,0.0,0.8493297587131368,0.017649686
FOODS_3_691,FOODS_3,969,823,2501.0,2.5810113,10,116,1,7.48,0.0,0.0,0.849329205366357,0.0
HOBBIES_1_417,HOBBIES_1,2770,2352,53147.0,19.186642,10,277,6,0.5594982,0.025846457,0.04584837545126354,0.8490974729241877,0.046195783
HOUSEHOLD_1_362,HOUSEHOLD_1,2770,2352,8369.0,3.0212996,10,277,2,7.968917,0.057000857,0.00036101083032490973,0.8490974729241877,0.0071528987
HOUSEHOLD_2_288,HOUSEHOLD_2,2769,2351,7440.0,2.6868906,10,277,2,3.9035861,0.12457511,0.002527988443481401,0.8490429758035392,0.03191299
FOODS_3_787,FOODS_3,2245,1906,56413.0,25.128284,10,225,10,2.2316883,0.25363094,0.11536748329621381,0.8489977728285077,0.11364981
HOBBIES_1_369,HOBBIES_1,1503,1276,23527.0,15.65336,10,152,7,1.0153825,0.053507823,0.007984031936127744,0.8489687292082502,0.052697208
HOBBIES_1_244,HOBBIES_1,2694,2287,68880.0,25.567928,10,277,6,0.4742242,0.027118918,0.07609502598366741,0.8489235337787676,0.057185855
FOODS_3_167,FOODS_3,1435,1218,15323.0,10.678049,10,144,1,1.98,0.0,0.0,0.848780487804878,0.0
HOBBIES_1_092,HOBBIES_1,2746,2330,6809.0,2.4796066,10,277,3,2.3367298,0.058293432,0.0,0.8485069191551348,0.024946587
HOUSEHOLD_1_147,HOUSEHOLD_1,2770,2350,38644.0,13.950903,10,277,16,1.198195,0.20432645,0.16895306859205775,0.8483754512635379,0.17052855
HOBBIES_1_408,HOBBIES_1,2770,2350,30004.0,10.831769,10,277,8,0.598935,0.012874347,0.003971119133574007,0.8483754512635379,0.0214954
HOUSEHOLD_1_023,HOUSEHOLD_1,1205,1022,5015.0,4.1618257,10,122,3,8.952979,0.3462874,0.0008298755186721991,0.8481327800829875,0.038678456
HOBBIES_1_313,HOBBIES_1,2725,2311,11254.0,4.129908,10,277,1,1.23,0.0,0.0,0.8480733944954129,0.0
HOBBIES_1_149,HOBBIES_1,2408,2042,9623.0,3.9962626,10,255,2,1.5460465,0.04194662,0.0,0.8480066445182725,0.027131539
FOODS_2_194,FOODS_2,2561,2171,37801.0,14.76025,10,276,7,6.955072,0.17017438,0.02616165560327997,0.8477157360406091,0.024467666
HOUSEHOLD_1_305,HOUSEHOLD_1,2344,1987,11053.0,4.7154436,10,236,2,2.971088,0.01273059,0.0,0.8476962457337884,0.0042848242
FOODS_3_735,FOODS_3,820,695,4091.0,4.989024,10,85,1,2.0,0.0,0.0,0.8475609756097561,0.0
FOODS_2_139,FOODS_2,2604,2207,26730.0,10.2649765,10,277,9,2.9771812,0.10983995,0.08563748079877112,0.8475422427035331,0.03689394
FOODS_3_186,FOODS_3,1797,1523,14372.0,7.997774,10,206,5,2.2762437,0.05319913,0.008903728436282694,0.8475236505286589,0.023371456
FOODS_3_524,FOODS_3,2661,2254,94366.0,35.46261,10,277,12,0.97843295,0.041158803,0.08042089440060128,0.8470499812100714,0.04206604
FOODS_2_102,FOODS_2,784,664,3088.0,3.9387755,10,84,1,10.97,0.0,0.0,0.8469387755102041,0.0
FOODS_3_727,FOODS_3,2770,2346,42803.0,15.452347,10,277,9,3.8183358,0.42131135,0.20794223826714803,0.8469314079422383,0.110339
FOODS_3_420,FOODS_3,2738,2317,10671.0,3.8973703,10,277,4,8.36481,0.22236983,0.0003652300949598247,0.8462381300219138,0.026583968
HOBBIES_2_036,HOBBIES_2,2769,2342,14731.0,5.319971,10,277,2,0.9539762,0.034435607,0.046948356807511735,0.8457927049476345,0.036096923
FOODS_3_777,FOODS_3,862,729,4792.0,5.5591645,10,92,2,2.977703,0.06743907,0.001160092807424594,0.845707656612529,0.022648018
HOUSEHOLD_2_493,HOUSEHOLD_2,970,820,2474.0,2.5505154,10,99,1,1.94,0.0,0.0,0.845360824742268,0.0
FOODS_3_541,FOODS_3,2770,2341,272632.0,98.4231,10,277,11,0.9796029,0.040557522,0.10505415162454873,0.8451263537906137,0.041402005
FOODS_3_014,FOODS_3,2770,2341,26643.0,9.618412,10,277,4,1.9825271,0.10523722,0.049819494584837545,0.8451263537906137,0.05308236
FOODS_1_127,FOODS_1,2769,2340,22618.0,8.168292,10,277,8,1.9867895,0.10503151,0.011917659804983749,0.8450704225352113,0.052864943
FOODS_2_134,FOODS_2,2436,2058,14330.0,5.8825946,10,277,11,2.9693677,0.12009139,0.08620689655172414,0.8448275862068966,0.040443424
HOUSEHOLD_1_317,HOUSEHOLD_1,1050,887,7185.0,6.8428574,10,170,2,1.9192573,0.15369804,0.0,0.8447619047619047,0.080082044
HOUSEHOLD_1_295,HOUSEHOLD_1,2634,2225,11326.0,4.299924,10,277,1,2.98,0.0,0.0,0.8447228549734245,0.0
FOODS_3_416,FOODS_3,1384,1169,6317.0,4.5643063,10,160,2,2.6673846,0.045969382,0.000722543352601156,0.8446531791907514,0.017233878
HOUSEHOLD_1_343,HOUSEHOLD_1,2767,2337,32279.0,11.665703,10,277,10,4.9318,0.17477764,0.018431514275388507,0.8445970365016263,0.035438918
FOODS_3_337,FOODS_3,888,750,2035.0,2.2916667,10,91,2,3.9783332,0.049665548,0.0011261261261261261,0.8445945945945946,0.012484009
HOUSEHOLD_1_288,HOUSEHOLD_1,2229,1882,9930.0,4.4549127,10,224,5,8.12363,0.26281887,0.059219380888290714,0.8443248093315389,0.032352395
FOODS_2_330,FOODS_2,2555,2157,13096.0,5.125636,10,277,8,3.9585598,0.1985236,0.009784735812133072,0.8442270058708415,0.05015046
FOODS_1_086,FOODS_1,2746,2318,48735.0,17.747633,10,277,4,1.6791515,0.1018591,0.0014566642388929353,0.844136926438456,0.06066105
FOODS_2_024,FOODS_2,2392,2019,20773.0,8.684364,10,277,6,2.4954054,0.06912552,0.012123745819397994,0.8440635451505016,0.027701117
HOUSEHOLD_2_308,HOUSEHOLD_2,2770,2338,14436.0,5.211552,10,277,4,3.5323648,0.2105521,0.00036101083032490973,0.844043321299639,0.059606556
FOODS_2_245,FOODS_2,2658,2243,19211.0,7.227615,10,277,14,2.9700415,0.13243884,0.08088788562829195,0.8438675696012039,0.04459158
HOBBIES_1_104,HOBBIES_1,1112,938,2720.0,2.4460433,10,113,3,23.929838,0.7467691,0.002697841726618705,0.8435251798561151,0.031206608
FOODS_3_490,FOODS_3,2571,2168,12154.0,4.7273436,10,274,5,3.4954104,0.18791282,0.060676779463243874,0.8432516530532866,0.053759873
FOODS_2_179,FOODS_2,1511,1274,4315.0,2.8557246,10,163,3,4.9889545,0.1495901,0.07743216412971542,0.8431502316346791,0.029984258
HOUSEHOLD_1_325,HOUSEHOLD_1,2702,2278,14087.0,5.2135453,10,277,12,3.502424,0.24856141,0.011102886750555145,0.8430792005921539,0.0709684
FOODS_3_648,FOODS_3,2638,2224,23554.0,8.928734,10,273,1,1.0,0.0,0.0,0.8430629264594389,0.0
FOODS_2_115,FOODS_2,1280,1079,13308.0,10.396875,10,143,4,8.50339,0.69352317,0.08203125,0.84296875,0.08155843
FOODS_3_174,FOODS_3,2734,2304,14834.0,5.42575,10,277,12,5.993559,0.28687423,0.03840526700804682,0.8427212874908558,0.047863755
FOODS_3_432,FOODS_3,2770,2334,35324.0,12.752347,10,277,14,3.8948555,0.4258698,0.19530685920577617,0.8425992779783393,0.109341614
HOBBIES_1_154,HOBBIES_1,2087,1758,11608.0,5.562051,10,212,3,2.7720125,0.17144665,0.019166267369429803,0.8423574508864399,0.061849162
HOUSEHOLD_1_008,HOUSEHOLD_1,2711,2283,7825.0,2.8863888,10,273,3,5.422375,0.14955413,0.0007377351530800443,0.8421246772408705,0.027580926
HOUSEHOLD_1_039,HOUSEHOLD_1,2698,2272,25587.0,9.483691,10,270,9,2.876668,0.15407784,0.014455151964418088,0.8421052631578947,0.053561218
FOODS_3_037,FOODS_3,2113,1779,38672.0,18.30194,10,214,4,2.4942546,0.069085784,0.017510648367250355,0.8419309039280644,0.027697967
HOUSEHOLD_2_315,HOUSEHOLD_2,2770,2332,7910.0,2.8555956,10,277,12,7.650267,0.287235,0.005776173285198556,0.8418772563176895,0.037545748
FOODS_3_089,FOODS_3,2719,2289,37428.0,13.765355,10,277,2,0.99984926,0.007862837,0.0003677822728944465,0.841853622655388,0.007864023
FOODS_3_597,FOODS_3,1574,1325,4685.0,2.9764931,10,160,6,2.795705,0.08061731,0.0044472681067344345,0.8418043202033036,0.028836127
FOODS_3_594,FOODS_3,2680,2256,67226.0,25.084328,10,277,18,0.9771306,0.042702798,0.07947761194029851,0.8417910447761194,0.04370224
FOODS_2_167,FOODS_2,2291,1928,11200.0,4.888695,10,277,13,2.4384634,0.3408019,0.0759493670886076,0.8415539065910083,0.13976093
HOUSEHOLD_2_221,HOUSEHOLD_2,1110,934,4307.0,3.8801801,10,115,1,2.77,0.0,0.0,0.8414414414414414,0.0
FOODS_2_340,FOODS_2,2617,2201,13582.0,5.1899123,10,277,15,2.9717922,0.11984205,0.07680550248376003,0.8410393580435613,0.040326525
FOODS_3_656,FOODS_3,2748,2311,20924.0,7.614265,10,276,5,3.477642,0.20962909,0.057132459970887915,0.8409752547307132,0.060279086
FOODS_3_637,FOODS_3,1748,1470,5889.0,3.368993,10,175,3,2.9703777,0.058102757,0.013729977116704805,0.8409610983981693,0.01956073
FOODS_3_482,FOODS_3,1238,1041,8034.0,6.489499,10,127,3,2.977278,0.03611406,0.005654281098546042,0.8408723747980614,0.012129892
FOODS_3_116,FOODS_3,2765,2325,58142.0,21.027847,10,277,2,1.1548065,0.06246219,0.00976491862567812,0.840867992766727,0.05408888
FOODS_3_410,FOODS_3,2677,2250,20438.0,7.6346655,10,277,7,2.647501,0.091379955,0.05080313784086664,0.8404930892790438,0.034515552
FOODS_3_675,FOODS_3,2275,1912,24541.0,10.787252,10,229,4,1.9815824,0.12049134,0.07472527472527472,0.8404395604395605,0.06080562
HOUSEHOLD_1_360,HOUSEHOLD_1,2769,2327,6811.0,2.4597328,10,277,7,3.9698591,0.0681958,0.0061394005055976884,0.8403755868544601,0.017178392
FOODS_1_170,FOODS_1,2549,2142,65215.0,25.584543,10,264,34,6.1525145,0.7984879,0.05178501373087485,0.8403295409964692,0.12978236
HOBBIES_1_328,HOBBIES_1,2770,2327,7648.0,2.761011,10,277,8,6.4429746,0.23646444,0.04223826714801444,0.8400722021660649,0.036701128
HOUSEHOLD_2_374,HOUSEHOLD_2,1788,1502,8232.0,4.604027,10,205,2,2.9848938,0.041107215,0.00727069351230425,0.8400447427293065,0.013771751
FOODS_3_118,FOODS_3,2769,2326,55346.0,19.98772,10,277,2,1.1544528,0.06282715,0.010111953773925604,0.8400144456482485,0.05442158
FOODS_2_390,FOODS_2,700,588,1699.0,2.4271429,10,72,3,6.9173145,0.29985154,0.0,0.84,0.04334797
HOBBIES_1_139,HOBBIES_1,1412,1186,7165.0,5.0743628,10,142,5,2.589653,0.092358395,0.09348441926345609,0.839943342776204,0.03566439
FOODS_2_234,FOODS_2,2217,1862,10578.0,4.7713127,10,226,9,2.7484484,0.1794457,0.06630581867388363,0.839873703202526,0.06528982
FOODS_2_274,FOODS_2,2388,2005,31199.0,13.064908,10,277,8,7.0747313,0.26286957,0.08375209380234507,0.8396147403685092,0.03715612
HOBBIES_1_324,HOBBIES_1,2765,2321,10444.0,3.7772152,10,277,6,14.898734,0.37399146,0.0,0.8394213381555153,0.02510223
HOUSEHOLD_2_368,HOUSEHOLD_2,2770,2325,11420.0,4.1227436,10,277,4,5.500776,0.105414644,0.05162454873646209,0.8393501805054152,0.019163596
FOODS_2_075,FOODS_2,2116,1776,27387.0,12.942817,10,249,6,2.3441777,0.09436031,0.0671077504725898,0.8393194706994329,0.04025305
FOODS_1_023,FOODS_1,2407,2020,31110.0,12.924803,10,264,32,6.047798,0.65799606,0.04320731200664728,0.8392189447444952,0.10879928
HOUSEHOLD_1_168,HOUSEHOLD_1,2188,1836,17163.0,7.84415,10,246,8,2.946901,0.14726588,0.026051188299817184,0.8391224862888482,0.049973134
HOUSEHOLD_1_336,HOUSEHOLD_1,2386,2002,14473.0,6.0658007,10,243,1,4.87,0.0,0.0,0.8390611902766136,0.0
FOODS_3_404,FOODS_3,2660,2231,110048.0,41.37143,10,277,15,0.9764549,0.049305327,0.09511278195488722,0.8387218045112782,0.050494216
FOODS_2_311,FOODS_2,2389,2003,29576.0,12.380075,10,277,14,2.745228,0.27297172,0.010883214734198409,0.8384261197153621,0.09943499
FOODS_3_254,FOODS_3,693,581,2530.0,3.6507936,10,72,1,1.7399999,0.0,0.0,0.8383838383838383,0.0
HOUSEHOLD_1_407,HOUSEHOLD_1,1575,1320,7203.0,4.5733333,10,170,18,5.177568,0.32706517,0.08571428571428572,0.8380952380952381,0.06316965
HOUSEHOLD_1_098,HOUSEHOLD_1,870,729,4162.0,4.783908,10,97,1,7.98,0.0,0.0,0.8379310344827586,0.0
FOODS_3_641,FOODS_3,1388,1163,7119.0,5.1289625,10,140,2,2.0487607,0.09660073,0.0,0.8378962536023055,0.047150813
FOODS_1_174,FOODS_1,2770,2320,13928.0,5.0281587,10,277,8,4.863332,0.3400994,0.006498194945848376,0.8375451263537906,0.06993136
HOUSEHOLD_2_109,HOUSEHOLD_2,1151,964,3831.0,3.3284101,10,122,2,3.8152652,0.17283237,0.0,0.8375325803649001,0.045300223
HOBBIES_1_275,HOBBIES_1,2031,1701,14877.0,7.324963,10,204,4,12.602689,0.40598214,0.006400787789266372,0.8375184638109305,0.03221393
HOUSEHOLD_2_002,HOUSEHOLD_2,2768,2318,12713.0,4.592847,10,277,2,2.674552,0.030586636,0.004696531791907515,0.8374277456647399,0.011436172
FOODS_2_382,FOODS_2,2527,2116,16787.0,6.643055,10,277,13,3.61281,0.33307874,0.049465769687376336,0.8373565492679066,0.09219382
HOUSEHOLD_1_005,HOUSEHOLD_1,2698,2259,18360.0,6.805041,10,277,5,10.044467,0.32561964,0.0396590066716086,0.8372868791697554,0.03241781
FOODS_1_083,FOODS_1,2763,2313,35267.0,12.764025,10,277,6,1.9766595,0.04779295,0.008686210640608035,0.8371335504885994,0.024178645
FOODS_1_154,FOODS_1,2711,2269,38061.0,14.039469,10,277,5,1.470509,0.05902185,0.007008483954260421,0.8369605311693102,0.04013702
FOODS_3_279,FOODS_3,2636,2206,17353.0,6.5830803,10,264,7,2.7998104,0.12866548,0.0618361153262519,0.8368740515933232,0.04595507
FOODS_2_136,FOODS_2,1813,1517,12495.0,6.891892,10,277,9,2.916718,0.264457,0.02978488692774407,0.8367346938775511,0.09066937
FOODS_2_162,FOODS_2,1560,1305,11025.0,7.0673075,10,213,4,2.9320128,0.041995443,0.007692307692307693,0.8365384615384616,0.014323076
FOODS_1_150,FOODS_1,2770,2317,28871.0,10.422744,10,277,8,4.8658953,0.342499,0.005415162454873646,0.8364620938628159,0.07038766
HOUSEHOLD_1_507,HOUSEHOLD_1,2531,2117,12593.0,4.975504,10,255,3,1.6888541,0.047984183,0.0,0.8364282892137495,0.028412273
FOODS_3_272,FOODS_3,1919,1605,5607.0,2.9218342,10,218,5,9.58349,0.70432407,0.06878582595101615,0.8363731109953101,0.07349348
FOODS_2_182,FOODS_2,2389,1998,20914.0,8.754291,10,277,14,1.9723817,0.08111285,0.1088321473419841,0.8363331938049393,0.041124314
HOUSEHOLD_1_228,HOUSEHOLD_1,2743,2294,8582.0,3.1286912,10,277,6,9.359767,0.2594669,0.004010207801676996,0.8363106088224571,0.027721511
HOUSEHOLD_2_329,HOUSEHOLD_2,2577,2155,9637.0,3.7396197,10,277,9,2.7986963,0.13557965,0.05277454404346139,0.8362436942180831,0.048443858
FOODS_2_100,FOODS_2,2265,1894,19598.0,8.652538,10,277,17,2.4355278,0.34682903,0.1011037527593819,0.8362030905077262,0.14240405
FOODS_2_121,FOODS_2,1660,1388,12369.0,7.451205,10,172,6,1.6368855,0.13546115,0.14216867469879518,0.8361445783132531,0.082755424
HOBBIES_1_160,HOBBIES_1,2032,1699,4455.0,2.1924212,10,204,6,19.777323,0.81748587,0.006889763779527559,0.8361220472440944,0.041334506
HOUSEHOLD_2_485,HOUSEHOLD_2,2727,2280,9473.0,3.4737806,10,277,14,6.9377923,0.37016994,0.013568023469013568,0.8360836083608361,0.053355582
HOUSEHOLD_1_296,HOUSEHOLD_1,1171,979,3828.0,3.2690008,10,119,7,4.9366097,0.20210479,0.005977796754910333,0.8360375747224594,0.040939998
FOODS_2_091,FOODS_2,966,807,6574.0,6.805383,10,110,7,2.5770392,0.19697332,0.11387163561076605,0.8354037267080745,0.076433964
FOODS_1_001,FOODS_1,2769,2313,12390.0,4.4745398,10,277,7,2.165298,0.11684741,0.007222824124232575,0.8353196099674973,0.05396366
FOODS_2_157,FOODS_2,2387,1993,9473.0,3.9685798,10,277,14,3.8005154,0.19014095,0.07331378299120235,0.834939254294093,0.050030306
FOODS_3_821,FOODS_3,1556,1299,7045.0,4.527635,10,165,2,4.979107,0.0352379,0.0006426735218508997,0.8348329048843187,0.007077153
HOUSEHOLD_1_246,HOUSEHOLD_1,726,606,13124.0,18.077135,10,73,1,3.98,0.0,0.0,0.8347107438016529,0.0
FOODS_3_044,FOODS_3,1240,1035,7531.0,6.073387,10,126,3,2.8780484,0.026082346,0.00564516129032258,0.8346774193548387,0.009062511
HOBBIES_1_143,HOBBIES_1,2770,2312,8191.0,2.9570396,10,277,9,8.533859,0.36206123,0.008303249097472924,0.8346570397111913,0.042426437
FOODS_2_385,FOODS_2,1732,1445,18982.0,10.959584,10,187,4,2.4519284,0.16179726,0.07678983833718245,0.8342956120092379,0.06598776
FOODS_2_089,FOODS_2,989,825,3696.0,3.7371082,10,107,3,3.9206471,0.12527375,0.06673407482305359,0.8341759352881699,0.031952314
HOUSEHOLD_2_145,HOUSEHOLD_2,2748,2292,11014.0,4.0080056,10,277,3,3.9594178,0.086628534,0.007641921397379912,0.834061135371179,0.021879109
FOODS_3_292,FOODS_3,1699,1417,31284.0,18.413185,10,173,2,3.5034254,0.013925232,0.0,0.8340200117716303,0.003974748
FOODS_3_802,FOODS_3,2717,2266,8967.0,3.3003314,10,273,1,1.6800001,0.0,0.0,0.8340080971659919,0.0
HOBBIES_1_109,HOBBIES_1,2590,2160,9143.0,3.5301158,10,277,4,5.8549886,0.4600519,0.015057915057915058,0.833976833976834,0.078574345
HOUSEHOLD_1_205,HOUSEHOLD_1,2337,1949,27437.0,11.740265,10,274,2,5.9585876,0.014567559,0.0,0.8339751818570817,0.0024448007
FOODS_3_384,FOODS_3,2043,1703,9395.0,4.5986295,10,219,10,2.966569,0.14634705,0.008321096426823299,0.833578071463534,0.04933209
FOODS_2_355,FOODS_2,985,821,5466.0,5.5492387,10,117,5,2.5809948,0.20119621,0.10964467005076142,0.833502538071066,0.077952966
HOUSEHOLD_2_135,HOUSEHOLD_2,2766,2305,9002.0,3.2545192,10,277,5,10.321334,1.2851462,0.04808387563268257,0.8333333333333334,0.12451358
HOUSEHOLD_1_346,HOUSEHOLD_1,2219,1849,10129.0,4.5646687,10,222,3,4.044628,0.13062891,0.05858494817485354,0.8332582244254169,0.032296892
HOUSEHOLD_1_178,HOUSEHOLD_1,2769,2307,7701.0,2.7811484,10,277,4,4.434315,0.08146747,0.0039725532683279165,0.8331527627302275,0.018372053
FOODS_3_816,FOODS_3,2235,1862,95355.0,42.66443,10,228,7,0.2015123,0.015369056,0.006711409395973154,0.8331096196868009,0.07626857
FOODS_1_045,FOODS_1,2762,2301,28722.0,10.398986,10,277,4,1.8343266,0.09193405,0.05249818971759594,0.833091962346126,0.05011869
FOODS_3_484,FOODS_3,2766,2304,7474.0,2.702097,10,277,4,1.9905604,0.037128516,0.00036153289949385393,0.8329718004338394,0.018652292
HOUSEHOLD_2_513,HOUSEHOLD_2,1633,1360,8005.0,4.902021,10,166,1,2.7799997,0.0,0.0,0.8328230251071648,0.0
FOODS_3_471,FOODS_3,1195,995,3157.0,2.641841,10,121,3,2.4979079,0.05213025,0.0016736401673640166,0.8326359832635983,0.020869564
HOBBIES_1_407,HOBBIES_1,2769,2305,15987.0,5.7735643,10,277,4,2.7359517,0.25398412,0.01444564824846515,0.8324304803178043,0.092832096
FOODS_3_677,FOODS_3,2404,2001,10074.0,4.190516,10,277,6,3.9439435,0.123674184,0.011231281198003328,0.8323627287853578,0.031358
HOBBIES_1_022,HOBBIES_1,2770,2305,7446.0,2.6880867,10,277,10,7.140718,0.15898155,0.006498194945848376,0.8321299638989169,0.022264084
HOUSEHOLD_1_394,HOUSEHOLD_1,2149,1788,8331.0,3.8766868,10,226,3,4.8748674,0.12218657,0.0018613308515588647,0.8320148906468124,0.025064593
FOODS_3_781,FOODS_3,2628,2186,14437.0,5.493531,10,277,11,2.3951674,0.25406632,0.04071537290715373,0.8318112633181126,0.10607456
FOODS_2_328,FOODS_2,1064,885,4233.0,3.9783835,10,119,1,4.42,0.0,0.0,0.831766917293233,0.0
HOBBIES_1_412,HOBBIES_1,1901,1581,7888.0,4.149395,10,195,3,2.0528352,0.05102533,0.0005260389268805891,0.8316675433982115,0.02485603
FOODS_2_174,FOODS_2,2624,2182,16902.0,6.441311,10,277,16,2.6762195,0.21567602,0.04344512195121951,0.8315548780487805,0.080589816
HOUSEHOLD_1_146,HOUSEHOLD_1,2770,2303,17456.0,6.301805,10,277,5,6.062379,0.1597327,0.0018050541516245488,0.8314079422382672,0.026348189
FOODS_2_105,FOODS_2,1452,1207,7250.0,4.993113,10,157,6,3.0308676,0.4561138,0.0006887052341597796,0.831267217630854,0.15048951
FOODS_1_131,FOODS_1,745,619,2889.0,3.8778524,10,78,2,2.8452349,0.093825415,0.0,0.8308724832214766,0.032976333
FOODS_2_278,FOODS_2,946,786,6858.0,7.2494717,10,101,5,2.458668,0.15777797,0.03171247357293869,0.8308668076109936,0.064172134
HOBBIES_2_115,HOBBIES_2,2767,2298,9451.0,3.4156125,10,277,5,2.4959812,0.13640477,0.04336826888326708,0.8305023491145646,0.05464976
FOODS_3_063,FOODS_3,2630,2184,23148.0,8.801521,10,277,6,2.4000723,0.24371561,0.03231939163498099,0.8304182509505703,0.10154511
FOODS_3_112,FOODS_3,2010,1669,16600.0,8.258706,10,256,2,2.9792635,0.03301138,0.0004975124378109452,0.8303482587064677,0.011080382
FOODS_3_623,FOODS_3,1714,1423,6123.0,3.5723455,10,175,9,2.9651752,0.099339314,0.01750291715285881,0.8302217036172695,0.033502005
FOODS_1_040,FOODS_1,2768,2298,26357.0,9.5220375,10,277,5,1.8340101,0.09498654,0.055274566473988436,0.8302023121387283,0.051791724
FOODS_3_721,FOODS_3,2744,2278,22967.0,8.369898,10,277,5,1.9829593,0.10432007,0.044096209912536447,0.8301749271137027,0.052608278
HOUSEHOLD_1_312,HOUSEHOLD_1,2676,2221,8118.0,3.0336323,10,277,2,2.3654594,0.01970182,0.0,0.8299701046337817,0.008328961
HOBBIES_1_287,HOBBIES_1,1999,1659,7803.0,3.9034517,10,247,6,5.6459327,0.21618919,0.03951975987993997,0.8299149574787393,0.038291138
FOODS_2_304,FOODS_2,2678,2222,22870.0,8.539955,10,277,6,3.9512434,0.26944202,0.07057505601194922,0.8297236743838685,0.06819171
FOODS_3_069,FOODS_3,2748,2280,35659.0,12.976346,10,277,5,2.9680495,0.08799085,0.0032751091703056767,0.8296943231441049,0.029646019
FOODS_3_673,FOODS_3,1249,1036,7060.0,5.652522,10,143,1,5.98,0.0,0.0,0.8294635708566853,0.0
FOODS_3_665,FOODS_3,1723,1429,25308.0,14.688334,10,173,3,2.978845,0.03389025,0.0011607661056297156,0.8293673824724318,0.011376978
HOUSEHOLD_1_531,HOUSEHOLD_1,2519,2089,11003.0,4.3680034,10,261,6,8.253398,0.5240796,0.0889241762604208,0.8292973402143707,0.063498646
HOUSEHOLD_1_231,HOUSEHOLD_1,1089,903,4684.0,4.3011937,10,109,4,2.971396,0.038891803,0.02938475665748393,0.8292011019283747,0.013088731
FOODS_3_251,FOODS_3,2052,1701,6588.0,3.2105262,10,241,4,2.9764962,0.0813055,0.001949317738791423,0.8289473684210527,0.02731584
FOODS_3_095,FOODS_3,2762,2289,8937.0,3.2356987,10,277,11,5.184591,0.3482765,0.05068790731354091,0.8287472845763939,0.067175314
FOODS_3_105,FOODS_3,1237,1025,8787.0,7.103476,10,126,2,2.8793857,0.015273484,0.0016168148746968471,0.8286176232821342,0.0053044246
HOUSEHOLD_1_281,HOUSEHOLD_1,2402,1990,8889.0,3.7006662,10,252,8,4.9137964,0.17674293,0.0020815986677768525,0.8284762697751873,0.03596871
FOODS_1_064,FOODS_1,2769,2294,11553.0,4.1722646,10,277,2,2.599964,0.06928937,0.0,0.8284579270494763,0.026650129
HOBBIES_1_061,HOBBIES_1,2761,2287,7001.0,2.5356755,10,277,4,2.7947593,0.051312696,0.0,0.8283230713509598,0.018360328
FOODS_3_568,FOODS_3,1687,1397,24268.0,14.3853,10,226,3,0.9988026,0.02584952,0.0023710729104919974,0.8280972139893301,0.025880508
HOUSEHOLD_1_140,HOUSEHOLD_1,2680,2219,21299.0,7.947388,10,277,4,15.067993,0.2067531,0.002238805970149254,0.8279850746268657,0.013721343
HOBBIES_1_005,HOBBIES_1,2610,2161,14848.0,5.688889,10,264,8,2.8817816,0.16987877,0.08505747126436781,0.8279693486590038,0.058949217
FOODS_3_110,FOODS_3,1366,1131,4242.0,3.1054173,10,141,5,10.402489,1.1345856,0.0007320644216691069,0.8279648609077599,0.10906867
HOBBIES_1_067,HOBBIES_1,2770,2293,66425.0,23.980145,10,277,7,0.55293864,0.04872472,0.052346570397111915,0.827797833935018,0.088119574
HOBBIES_1_075,HOBBIES_1,2759,2283,7016.0,2.5429504,10,277,8,6.9752154,0.1564051,0.0021747009786154403,0.8274737223631751,0.022422979
HOBBIES_1_087,HOBBIES_1,2028,1678,14098.0,6.9516764,10,203,4,12.58472,0.40297014,0.0,0.8274161735700197,0.032020587
FOODS_3_386,FOODS_3,2149,1778,19879.0,9.250349,10,217,8,2.4940948,0.08257315,0.0144253140995812,0.8273615635179153,0.033107463
HOUSEHOLD_1_137,HOUSEHOLD_1,724,599,2181.0,3.012431,10,74,4,12.962002,0.30520698,0.0027624309392265192,0.8273480662983426,0.023546284
FOODS_3_791,FOODS_3,2061,1705,12289.0,5.9626393,10,212,3,2.4924746,0.10484242,0.005337214944201844,0.8272683163512858,0.042063586
FOODS_2_153,FOODS_2,2765,2287,23096.0,8.352983,10,277,19,2.75519,0.27559385,0.013019891500904159,0.827124773960217,0.10002717
HOUSEHOLD_2_180,HOUSEHOLD_2,1145,947,3962.0,3.460262,10,115,1,2.84,0.0,0.0,0.8270742358078602,0.0
HOBBIES_1_400,HOBBIES_1,2764,2286,21376.0,7.7337193,10,277,5,1.1136903,0.038615905,0.000723589001447178,0.8270622286541245,0.03467383
FOODS_3_679,FOODS_3,2667,2205,27381.0,10.266592,10,277,10,3.8368053,0.15748133,0.0536182977127859,0.8267716535433071,0.04104491
FOODS_1_031,FOODS_1,2753,2276,20195.0,7.3356338,10,277,5,3.343102,0.16348438,0.00944424264438794,0.826734471485652,0.048902
HOUSEHOLD_2_400,HOUSEHOLD_2,1366,1129,3423.0,2.5058565,10,138,1,3.88,0.0,0.0,0.8265007320644217,0.0
HOUSEHOLD_1_462,HOUSEHOLD_1,2570,2124,39758.0,15.470039,10,277,7,2.1967432,0.22204119,0.033073929961089495,0.8264591439688715,0.101077445
HOBBIES_1_351,HOBBIES_1,2764,2284,7883.0,2.852026,10,277,9,5.7764363,0.15648022,0.009768451519536902,0.8263386396526773,0.027089406
HOUSEHOLD_2_176,HOUSEHOLD_2,2769,2288,37230.0,13.445287,10,277,4,4.971625,0.08862853,0.00866738894907909,0.8262910798122066,0.017826874
HOUSEHOLD_1_492,HOUSEHOLD_1,2768,2287,7293.0,2.6347544,10,277,6,4.0185876,0.18783191,0.05166184971098266,0.826228323699422,0.046740778
HOUSEHOLD_1_208,HOUSEHOLD_1,679,561,8148.0,12.0,10,76,2,0.9340059,0.012016709,0.0,0.8262150220913107,0.012865774
FOODS_3_155,FOODS_3,2753,2274,18273.0,6.6374865,10,277,5,1.9826989,0.107420295,0.048674173628768615,0.8260079912822376,0.054178823
FOODS_2_201,FOODS_2,1096,905,12976.0,11.8394165,10,115,2,5.3666787,0.31923932,0.15328467153284672,0.8257299270072993,0.059485454
FOODS_1_062,FOODS_1,2770,2287,10934.0,3.9472923,10,277,9,3.9991193,0.27209738,0.0021660649819494585,0.8256317689530686,0.06803933
FOODS_2_200,FOODS_2,1680,1387,6051.0,3.6017857,10,181,12,4.2432737,0.5220669,0.007142857142857143,0.825595238095238,0.123033985
FOODS_3_587,FOODS_3,2770,2286,401625.0,144.99098,10,277,5,2.5161734,0.20290813,0.062454873646209386,0.8252707581227436,0.08064155
FOODS_2_373,FOODS_2,2321,1915,9612.0,4.1413183,10,271,17,5.8703012,0.43262878,0.06505816458423093,0.8250753985351141,0.07369789
FOODS_2_333,FOODS_2,2622,2163,28375.0,10.821892,10,277,10,3.1676621,0.20038477,0.07704042715484363,0.8249427917620137,0.06325951
FOODS_2_391,FOODS_2,2770,2285,29176.0,10.532852,10,277,16,1.9737293,0.08494806,0.09891696750902527,0.8249097472924187,0.04303937
HOUSEHOLD_2_172,HOUSEHOLD_2,2770,2285,11022.0,3.9790614,10,277,11,6.195603,0.3944992,0.058844765342960285,0.8249097472924187,0.06367406
FOODS_3_803,FOODS_3,1404,1158,15638.0,11.138177,10,167,3,0.9996724,0.009620351,0.0014245014245014246,0.8247863247863247,0.009623503
FOODS_3_207,FOODS_3,2770,2284,23808.0,8.594946,10,277,6,1.9817978,0.10997399,0.051263537906137184,0.8245487364620938,0.055492032
FOODS_3_667,FOODS_3,2769,2283,8561.0,3.0917299,10,277,4,2.023543,0.050298717,0.00036114120621162876,0.8244853737811484,0.02485676
FOODS_3_771,FOODS_3,2124,1751,18661.0,8.785782,10,215,7,2.493305,0.07361469,0.018361581920903956,0.8243879472693032,0.029524943
FOODS_2_236,FOODS_2,2691,2218,29086.0,10.808621,10,277,7,2.8525975,0.18479143,0.010033444816053512,0.824228911185433,0.06478006
FOODS_3_196,FOODS_3,2365,1949,10233.0,4.32685,10,277,6,4.461281,0.1573977,0.025792811839323467,0.8241014799154334,0.03528083
HOBBIES_1_352,HOBBIES_1,1387,1143,6875.0,4.9567413,10,142,5,2.5901804,0.10007522,0.09444844989185291,0.8240807498197549,0.03863639
FOODS_3_805,FOODS_3,2629,2166,33889.0,12.890452,10,273,1,1.0,0.0,0.0,0.8238874096614682,0.0
FOODS_3_591,FOODS_3,2759,2273,16660.0,6.0384197,10,277,12,2.8716056,0.39129654,0.029358463211308444,0.8238492207321493,0.13626403
HOUSEHOLD_1_242,HOUSEHOLD_1,550,453,2140.0,3.8909092,10,71,3,4.865273,0.23472385,0.0036363636363636364,0.8236363636363636,0.048244745
FOODS_3_246,FOODS_3,2679,2206,14051.0,5.2448673,10,277,9,1.9485068,0.10880373,0.05039193729003359,0.8234415826801045,0.055839542
HOBBIES_1_001,HOBBIES_1,1478,1217,4248.0,2.8741543,10,149,5,8.296523,0.16797674,0.03856562922868741,0.8234100135317998,0.020246642
HOBBIES_1_310,HOBBIES_1,2769,2280,9711.0,3.5070422,10,277,6,5.337212,0.28640687,0.047670639219934995,0.8234019501625135,0.053662263
FOODS_3_005,FOODS_3,2762,2274,16050.0,5.8110065,10,277,5,2.076499,0.14407359,0.000724112961622013,0.8233164373642288,0.069382936
FOODS_3_463,FOODS_3,2047,1685,22189.0,10.839766,10,206,5,6.0449047,0.23514679,0.04934049829018075,0.8231558378114313,0.0389
FOODS_3_302,FOODS_3,2277,1874,30773.0,13.514712,10,277,6,1.495718,0.054132197,0.014492753623188406,0.8230127360562143,0.036191445
FOODS_3_183,FOODS_3,2644,2176,20521.0,7.7613463,10,272,3,3.0011346,0.07547702,0.044251134644478066,0.8229954614220878,0.025149494
FOODS_2_369,FOODS_2,841,692,2674.0,3.1795483,10,89,2,4.859762,0.17120911,0.0035671819262782403,0.8228299643281808,0.035229936
HOBBIES_1_383,HOBBIES_1,2218,1825,8243.0,3.716411,10,256,4,2.9788322,0.032415017,0.001352569882777277,0.8228133453561768,0.010881787
FOODS_3_083,FOODS_3,2769,2278,23441.0,8.465511,10,277,6,18.798038,0.5288916,0.04730949801372337,0.8226796677500903,0.02813547
HOBBIES_1_038,HOBBIES_1,2770,2278,6024.0,2.1747293,10,277,2,3.2060468,0.022430915,0.0,0.8223826714801444,0.0069964402
FOODS_3_229,FOODS_3,1244,1023,9405.0,7.5602894,10,127,3,3.6335533,0.15334481,0.0008038585209003215,0.822347266881029,0.04220244
FOODS_2_172,FOODS_2,944,776,7447.0,7.888771,10,101,3,2.4640467,0.11722282,0.028601694915254237,0.8220338983050848,0.047573294
HOUSEHOLD_2_171,HOUSEHOLD_2,1137,934,3606.0,3.171504,10,122,2,3.820923,0.16450287,0.0,0.8214599824098505,0.043053176
FOODS_3_107,FOODS_3,2768,2273,61468.0,22.206648,10,277,8,2.5110009,0.14277992,0.05563583815028902,0.8211705202312138,0.056861755
HOUSEHOLD_2_250,HOUSEHOLD_2,2766,2270,8830.0,3.1923356,10,277,24,7.03688,1.0935862,0.06073752711496746,0.8206796818510484,0.15540782
HOUSEHOLD_2_369,HOUSEHOLD_2,2769,2272,11728.0,4.235464,10,277,7,6.483904,0.20904382,0.056338028169014086,0.8205128205128205,0.032240424
FOODS_2_144,FOODS_2,2373,1947,21582.0,9.094817,10,277,6,2.495432,0.06798125,0.011799410029498525,0.820480404551201,0.027242279
HOBBIES_1_297,HOBBIES_1,2740,2248,11158.0,4.072263,10,277,8,14.883722,0.3913307,0.00072992700729927,0.8204379562043795,0.026292529
FOODS_3_764,FOODS_3,2444,2005,155190.0,63.498363,10,247,3,2.9690835,0.10138611,0.008592471358428805,0.8203764320785597,0.034147274
FOODS_2_176,FOODS_2,2360,1936,11912.0,5.0474577,10,277,19,2.662377,0.22666867,0.04576271186440678,0.8203389830508474,0.0851377
FOODS_3_772,FOODS_3,2549,2091,41450.0,16.261278,10,277,8,5.3012753,0.36165532,0.18713220870929775,0.8203216947822676,0.06822044
HOUSEHOLD_1_371,HOUSEHOLD_1,845,693,6343.0,7.506509,10,97,2,4.860118,0.1326811,0.0,0.8201183431952662,0.027299976
FOODS_3_309,FOODS_3,2521,2067,7193.0,2.8532329,10,277,1,1.98,0.0,0.0,0.8199127330424435,0.0
FOODS_3_072,FOODS_3,1216,997,6145.0,5.053454,10,127,4,2.4942598,0.09933496,0.038651315789473686,0.8199013157894737,0.03982543
FOODS_3_585,FOODS_3,2623,2150,21909.0,8.35265,10,277,7,3.9411743,0.12706086,0.0057186427754479605,0.819672131147541,0.03223934
HOUSEHOLD_1_452,HOUSEHOLD_1,2770,2270,11735.0,4.236462,10,277,3,3.3102744,0.23532754,0.05198555956678701,0.8194945848375451,0.07109004
HOUSEHOLD_1_201,HOUSEHOLD_1,681,558,3625.0,5.3230543,10,73,1,4.84,0.0,0.0,0.8193832599118943,0.0
FOODS_3_182,FOODS_3,2756,2258,17441.0,6.3283744,10,277,5,1.9776487,0.103498116,0.045355587808417995,0.8193033381712627,0.05233392
FOODS_1_076,FOODS_1,2764,2264,14435.0,5.2225037,10,277,30,6.448173,1.1738747,0.05209840810419682,0.8191027496382055,0.18204765
HOUSEHOLD_1_261,HOUSEHOLD_1,1806,1479,4016.0,2.2236989,10,249,3,5.9965777,0.16763675,0.05149501661129568,0.8189368770764119,0.027955404
FOODS_2_025,FOODS_2,2496,2044,10857.0,4.3497596,10,277,16,3.8126042,0.17343707,0.07291666666666667,0.8189102564102564,0.045490447
FOODS_1_168,FOODS_1,2770,2268,15115.0,5.456679,10,277,7,2.154592,0.15018153,0.05848375451263538,0.8187725631768953,0.069703
HOBBIES_1_292,HOBBIES_1,1146,938,2692.0,2.34904,10,116,1,6.58,0.0,0.0,0.8184991273996509,0.0
HOUSEHOLD_1_043,HOUSEHOLD_1,942,771,4692.0,4.9808917,10,97,10,2.8503504,0.17339084,0.10509554140127389,0.8184713375796179,0.060831413
FOODS_3_111,FOODS_3,994,813,3349.0,3.3692153,10,103,1,4.98,0.0,0.0,0.817907444668008,0.0
HOBBIES_1_334,HOBBIES_1,1174,960,3500.0,2.9812605,10,125,1,5.98,0.0,0.0,0.817717206132879,0.0
HOUSEHOLD_1_074,HOUSEHOLD_1,2753,2251,10312.0,3.7457318,10,276,7,4.994744,0.29658023,0.050490374137304755,0.8176534689429713,0.059378468
FOODS_2_141,FOODS_2,2388,1952,17362.0,7.2705193,10,277,8,7.082237,0.2772596,0.06658291457286432,0.8174204355108877,0.03914859
HOUSEHOLD_1_311,HOUSEHOLD_1,1029,841,5393.0,5.2410107,10,119,5,3.8944511,0.31184685,0.0009718172983479105,0.8172983479105929,0.08007466
FOODS_3_193,FOODS_3,2475,2022,6102.0,2.4654546,10,277,8,2.4302263,0.14588076,0.0044444444444444444,0.816969696969697,0.060027644
FOODS_3_240,FOODS_3,1671,1365,7678.0,4.5948534,10,180,3,0.99932975,0.0175378,0.0011968880909634949,0.8168761220825853,0.017549563
FOODS_1_102,FOODS_1,2730,2230,13227.0,4.845055,10,277,4,1.7580733,0.06895722,0.00402930402930403,0.8168498168498168,0.039223175
FOODS_2_015,FOODS_2,906,740,4190.0,4.624724,10,110,5,2.5742164,0.17908701,0.10264900662251655,0.8167770419426048,0.06956953
FOODS_3_162,FOODS_3,2641,2157,18099.0,6.853086,10,277,4,1.9792049,0.10357317,0.044301400984475575,0.8167360848163574,0.0523307
FOODS_3_592,FOODS_3,2716,2218,34429.0,12.676362,10,273,4,7.2423344,0.26994085,0.055964653902798235,0.8166421207658321,0.037272632
FOODS_3_767,FOODS_3,2709,2212,97190.0,35.87671,10,277,15,0.9785788,0.041668613,0.09265411590992986,0.8165374677002584,0.042580742
FOODS_2_193,FOODS_2,1068,872,4326.0,4.050562,10,117,4,5.3408427,0.34073144,0.16853932584269662,0.8164794007490637,0.06379732
FOODS_2_331,FOODS_2,2200,1796,8875.0,4.034091,10,224,10,2.7521,0.1867139,0.07,0.8163636363636364,0.06784416
HOBBIES_1_382,HOBBIES_1,2744,2240,8982.0,3.2733235,10,277,1,1.97,0.0,0.0,0.8163265306122449,0.0
HOUSEHOLD_2_059,HOUSEHOLD_2,2770,2261,17708.0,6.39278,10,277,5,3.1465669,0.254118,0.005054151624548736,0.816245487364621,0.0807604
HOUSEHOLD_2_037,HOUSEHOLD_2,2769,2258,11284.0,4.0751176,10,277,8,10.925811,0.47305793,0.012278801011195377,0.8154568436258577,0.043297283
HOBBIES_1_183,HOBBIES_1,1527,1245,4212.0,2.7583497,10,154,4,7.95797,0.103493094,0.015717092337917484,0.8153241650294696,0.013004961
FOODS_3_651,FOODS_3,2770,2258,28928.0,10.443321,10,277,14,4.3098373,0.43209672,0.0018050541516245488,0.8151624548736462,0.100258246
FOODS_3_723,FOODS_3,2770,2258,288747.0,104.24079,10,277,9,1.3715379,0.13114554,0.1371841155234657,0.8151624548736462,0.09561933
HOBBIES_1_194,HOBBIES_1,2770,2258,22971.0,8.29278,10,277,4,2.6980362,0.22851774,0.023826714801444042,0.8151624548736462,0.084697805
HOUSEHOLD_2_408,HOUSEHOLD_2,2642,2153,9323.0,3.5287662,10,276,6,7.2766542,0.9557546,0.000757002271006813,0.8149129447388342,0.13134533
HOUSEHOLD_2_388,HOUSEHOLD_2,2770,2257,9355.0,3.3772564,10,277,5,6.970404,0.111388266,0.009747292418772563,0.8148014440433213,0.015980173
HOBBIES_1_012,HOBBIES_1,2769,2256,7384.0,2.6666667,10,277,5,6.471228,0.111372516,0.0,0.8147345612134345,0.017210415
HOBBIES_1_026,HOBBIES_1,1446,1178,3521.0,2.434993,10,158,5,17.936611,0.5106303,0.005532503457814661,0.8146611341632088,0.028468605
HOUSEHOLD_2_170,HOUSEHOLD_2,2756,2245,10113.0,3.6694484,10,277,4,1.4844049,0.031543016,0.0047169811320754715,0.8145863570391872,0.021249603
FOODS_3_168,FOODS_3,2667,2172,14174.0,5.3145857,10,277,10,3.7531683,0.1749126,0.05399325084364454,0.8143982002249719,0.046603985
HOBBIES_1_031,HOBBIES_1,2767,2253,6172.0,2.2305746,10,277,4,10.979028,0.030599436,0.0,0.8142392482833394,0.0027870806
HOUSEHOLD_1_488,HOUSEHOLD_1,2675,2178,21851.0,8.168598,10,277,3,9.887719,0.29067972,0.05345794392523365,0.8142056074766355,0.029398056
HOUSEHOLD_1_255,HOUSEHOLD_1,2766,2252,7952.0,2.8749096,10,277,4,9.360973,0.24838114,0.0010845986984815619,0.8141720896601591,0.026533687
HOUSEHOLD_1_127,HOUSEHOLD_1,2430,1978,19260.0,7.9259257,10,277,2,7.978354,0.08114408,0.00041152263374485596,0.8139917695473251,0.010170529
FOODS_3_316,FOODS_3,2138,1740,12426.0,5.8119736,10,215,7,2.4953647,0.06694051,0.014967259120673527,0.813844714686623,0.026825942
HOBBIES_1_356,HOBBIES_1,2770,2254,11178.0,4.035379,10,277,8,5.6381664,0.25619796,0.04693140794223827,0.8137184115523466,0.045439944
FOODS_3_625,FOODS_3,2147,1747,11853.0,5.5207267,10,230,5,2.9916673,0.19873343,0.047973917093619006,0.8136935258500233,0.06642899
FOODS_2_241,FOODS_2,1948,1585,56135.0,28.816734,10,199,4,2.3400207,0.080271795,0.037987679671457907,0.8136550308008214,0.034303885
FOODS_1_073,FOODS_1,2761,2246,12105.0,4.384281,10,277,7,1.9851793,0.10168277,0.02390438247011952,0.8134733792104311,0.05122095
HOBBIES_1_172,HOBBIES_1,2770,2253,9814.0,3.5429604,10,277,7,2.925137,0.09144563,0.04693140794223827,0.8133574007220217,0.031262
FOODS_2_320,FOODS_2,1414,1150,13497.0,9.545261,10,149,10,1.8017397,0.21727079,0.0685997171145686,0.8132956152758133,0.12058944
FOODS_3_452,FOODS_3,2765,2248,9229.0,3.3377938,10,277,10,4.9714,0.12283625,0.019891500904159132,0.8130198915009041,0.024708584
FOODS_3_810,FOODS_3,2111,1716,19009.0,9.004737,10,216,10,2.4932828,0.12101417,0.06631927996210327,0.8128848886783515,0.048536077
HOBBIES_1_260,HOBBIES_1,2020,1642,7425.0,3.6757426,10,203,4,12.629659,0.3289797,0.0,0.8128712871287128,0.026048185
FOODS_1_153,FOODS_1,2740,2227,18946.0,6.9145985,10,277,6,1.8841387,0.092363946,0.0018248175182481751,0.8127737226277372,0.04902184
FOODS_3_128,FOODS_3,2679,2177,17123.0,6.391564,10,277,6,2.985868,0.115781195,0.0593505039193729,0.8126166480029862,0.038776394
FOODS_1_036,FOODS_1,2759,2242,25684.0,9.30917,10,277,3,1.7548314,0.07196882,0.003624501631025734,0.8126132656759696,0.041011818
HOUSEHOLD_2_501,HOUSEHOLD_2,1642,1334,4163.0,2.5353227,10,171,6,8.204196,0.33007947,0.08160779537149818,0.8124238733252132,0.040233005
FOODS_2_289,FOODS_2,2441,1983,31262.0,12.807046,10,277,7,2.4813354,0.10371351,0.011470708725931995,0.8123719786972552,0.04179746
FOODS_1_047,FOODS_1,2760,2242,19972.0,7.236232,10,277,5,3.3428333,0.16358238,0.009420289855072464,0.8123188405797102,0.04893525
HOBBIES_1_278,HOBBIES_1,2696,2190,75881.0,28.145771,10,277,9,0.5588687,0.027067209,0.0478486646884273,0.8123145400593472,0.04843214
FOODS_3_573,FOODS_3,1790,1454,29477.0,16.467598,10,227,2,0.99993294,0.0028363168,0.0005586592178770949,0.8122905027932961,0.002836507
FOODS_2_242,FOODS_2,2429,1973,23048.0,9.488679,10,277,7,2.4802222,0.10841884,0.011527377521613832,0.8122684232194318,0.043713357
FOODS_3_019,FOODS_3,2677,2174,13558.0,5.064625,10,277,11,1.9479343,0.15834731,0.04333208815838625,0.8121031004856182,0.081289865
FOODS_2_184,FOODS_2,2265,1839,29864.0,13.184989,10,273,11,4.8696246,0.41550982,0.04944812362030905,0.8119205298013245,0.085326865
HOUSEHOLD_2_246,HOUSEHOLD_2,2767,2246,5915.0,2.1376944,10,277,2,7.8743367,0.058752894,0.0046982291290206,0.8117094325984822,0.0074613136
FOODS_3_583,FOODS_3,1192,967,12796.0,10.7348995,10,127,4,1.483515,0.039768122,0.00587248322147651,0.8112416107382551,0.026806686
FOODS_3_689,FOODS_3,1673,1357,16612.0,9.929468,10,169,9,2.8209562,0.1258599,0.01972504482964734,0.8111177525403467,0.044616044
HOBBIES_1_144,HOBBIES_1,2760,2238,8876.0,3.2159421,10,277,8,11.201478,0.41793963,0.011956521739130435,0.8108695652173913,0.037311114
HOUSEHOLD_2_021,HOUSEHOLD_2,2759,2237,5886.0,2.1333816,10,277,5,4.443512,0.10413469,0.0021747009786154403,0.8108010148604566,0.023435222
HOUSEHOLD_2_509,HOUSEHOLD_2,2767,2243,11142.0,4.026744,10,277,3,8.984601,0.10262308,0.005059631369714492,0.8106252258764004,0.011422108
FOODS_3_797,FOODS_3,2008,1627,17901.0,8.914841,10,267,4,4.0103784,0.118214004,0.03187250996015936,0.8102589641434262,0.02947702
HOUSEHOLD_2_492,HOUSEHOLD_2,2675,2167,10996.0,4.1106544,10,277,9,5.920097,0.22855695,0.005233644859813084,0.8100934579439253,0.03860696
FOODS_2_283,FOODS_2,2434,1971,30778.0,12.645029,10,277,10,1.4170583,0.117870785,0.03368940016433854,0.8097781429745275,0.083179906
HOUSEHOLD_1_428,HOUSEHOLD_1,2770,2243,9287.0,3.3527076,10,277,3,7.9669423,0.1286581,0.0007220216606498195,0.8097472924187725,0.016148994
FOODS_3_021,FOODS_3,2243,1816,30132.0,13.433794,10,225,13,2.2293403,0.2597716,0.12661613909942043,0.8096299598751672,0.11652397
FOODS_2_215,FOODS_2,714,578,6311.0,8.838936,10,74,4,1.869888,0.078121275,0.23529411764705882,0.8095238095238095,0.041778587
FOODS_2_228,FOODS_2,1858,1504,6176.0,3.3240044,10,215,2,4.866141,0.09663046,0.0,0.8094725511302476,0.01985772
FOODS_3_487,FOODS_3,1417,1147,30720.0,21.679605,10,277,3,1.6255893,0.06896596,0.0,0.8094565984474241,0.042425204
HOBBIES_1_076,HOBBIES_1,2749,2225,10658.0,3.877046,10,277,7,3.2659986,0.23404627,0.0036376864314296106,0.8093852309930883,0.07166147
HOBBIES_1_006,HOBBIES_1,2170,1756,13273.0,6.11659,10,219,4,1.0026821,0.03957818,0.011981566820276499,0.8092165898617512,0.03947231
HOBBIES_1_288,HOBBIES_1,2741,2218,45664.0,16.659613,10,277,7,0.5579679,0.027889116,0.049616928128420286,0.8091937249179132,0.04998337
FOODS_2_284,FOODS_2,2284,1848,8689.0,3.8042908,10,263,2,2.469247,0.03598988,0.00043782837127845885,0.809106830122592,0.014575245
HOUSEHOLD_1_443,HOUSEHOLD_1,2708,2191,29706.0,10.969719,10,275,9,2.5104873,0.13508743,0.12813884785819793,0.8090841949778435,0.053809248
FOODS_3_528,FOODS_3,2678,2166,9097.0,3.396938,10,277,9,4.971796,0.119531,0.020911127707244213,0.8088125466766244,0.024041815
HOUSEHOLD_1_415,HOUSEHOLD_1,2369,1916,5381.0,2.2714226,10,254,6,12.566327,0.19014113,0.001266357112705783,0.8087800759814268,0.015131002
HOUSEHOLD_1_190,HOUSEHOLD_1,1208,977,4926.0,4.0778146,10,124,2,4.946035,0.012030872,0.0,0.8087748344370861,0.0024324276
FOODS_3_491,FOODS_3,2770,2240,198993.0,71.83863,10,277,11,1.3579314,0.12768893,0.14765342960288808,0.8086642599277978,0.094031945
FOODS_3_738,FOODS_3,2770,2240,74044.0,26.730686,10,277,9,1.3701661,0.13253035,0.13971119133574006,0.8086642599277978,0.096725754
HOUSEHOLD_1_004,HOUSEHOLD_1,2768,2238,31704.0,11.453757,10,277,5,2.1958635,0.2190937,0.028179190751445087,0.8085260115606936,0.09977564
HOBBIES_1_413,HOBBIES_1,2761,2232,13930.0,5.0452733,10,277,7,4.7982287,0.2787154,0.009779065555957986,0.8084027526258601,0.058087144
HOUSEHOLD_1_113,HOUSEHOLD_1,1513,1223,14585.0,9.639789,10,186,3,5.890403,0.28165025,0.06014540647719762,0.8083278255122274,0.047815107
FOODS_3_612,FOODS_3,2550,2061,11208.0,4.395294,10,277,6,4.151506,0.2367927,0.005098039215686275,0.808235294117647,0.057037782
HOUSEHOLD_2_184,HOUSEHOLD_2,2770,2237,10474.0,3.7812274,10,277,4,1.9630578,0.017156059,0.0007220216606498195,0.8075812274368231,0.0087394575
HOUSEHOLD_1_284,HOUSEHOLD_1,1391,1123,8418.0,6.051761,10,149,2,4.9492526,0.01385998,0.0,0.807332854061826,0.0028004188
HOUSEHOLD_2_505,HOUSEHOLD_2,2756,2225,7239.0,2.6266327,10,277,7,4.9592376,0.16064817,0.0047169811320754715,0.8073294629898403,0.032393724
FOODS_3_560,FOODS_3,2023,1633,12155.0,6.0084033,10,214,3,2.849145,0.07635173,0.022738507167572912,0.8072170044488384,0.026798122
HOUSEHOLD_2_472,HOUSEHOLD_2,2675,2159,9340.0,3.4915888,10,275,4,7.270082,0.9492659,0.0,0.8071028037383178,0.13057156
FOODS_3_464,FOODS_3,2742,2213,16261.0,5.9303427,10,275,5,3.4797375,0.21131909,0.055433989788475566,0.8070751276440554,0.060728457
FOODS_3_703,FOODS_3,915,738,5674.0,6.2010927,10,114,1,1.9800001,0.0,0.0,0.8065573770491803,0.0
FOODS_3_054,FOODS_3,2753,2220,62747.0,22.792227,10,277,6,2.026313,0.20540401,0.04831093352706139,0.8063930257900472,0.10136835
FOODS_3_274,FOODS_3,2705,2181,43935.0,16.242144,10,277,13,1.3721923,0.13731027,0.15526802218114602,0.8062846580406654,0.10006635
HOBBIES_1_392,HOBBIES_1,1125,907,3404.0,3.0257778,10,115,1,12.98,0.0,0.0,0.8062222222222222,0.0
FOODS_2_192,FOODS_2,2162,1743,16653.0,7.70259,10,277,11,1.8464524,0.20732324,0.045328399629972246,0.8061979648473635,0.11228193
FOODS_2_055,FOODS_2,2341,1887,16089.0,6.872704,10,277,13,2.5021873,0.1574275,0.0598035027765912,0.8060657838530543,0.06291596
FOODS_3_614,FOODS_3,2757,2222,46942.0,17.026478,10,277,14,0.97772217,0.042138476,0.07798331519767863,0.8059484947406601,0.04309862
HOUSEHOLD_1_405,HOUSEHOLD_1,1220,983,3349.0,2.745082,10,140,1,2.98,0.0,0.0,0.8057377049180328,0.0
HOUSEHOLD_1_399,HOUSEHOLD_1,2512,2024,68861.0,27.412819,10,252,6,1.0400399,0.049956568,0.054140127388535034,0.8057324840764332,0.04803332
HOUSEHOLD_1_099,HOUSEHOLD_1,2633,2121,10935.0,4.1530576,10,277,3,2.3662856,0.021201309,0.00037979491074819596,0.8055450056969237,0.008959742
HOBBIES_1_023,HOBBIES_1,2770,2230,21223.0,7.6617327,10,277,3,3.4310324,0.13893789,0.05631768953068592,0.8050541516245487,0.040494487
HOUSEHOLD_1_120,HOUSEHOLD_1,2270,1826,5486.0,2.4167402,10,277,5,4.456057,0.058766525,0.006607929515418502,0.8044052863436123,0.01318801
HOUSEHOLD_2_036,HOUSEHOLD_2,2764,2223,8044.0,2.910275,10,277,1,3.97,0.0,0.0,0.8042691751085383,0.0
HOUSEHOLD_1_133,HOUSEHOLD_1,1946,1565,7485.0,3.8463514,10,203,2,3.1200511,0.0022668836,0.0,0.8042137718396711,0.0007265534
FOODS_3_135,FOODS_3,1297,1043,46287.0,35.68774,10,260,4,1.4039398,0.12579983,0.0007710100231303007,0.8041634541249036,0.08960486
FOODS_3_729,FOODS_3,2624,2110,15140.0,5.769817,10,277,5,3.9418294,0.12471977,0.009908536585365854,0.8041158536585366,0.03164007
FOODS_3_062,FOODS_3,2644,2126,10774.0,4.0748863,10,277,7,2.8284833,0.08023007,0.00680786686838124,0.8040847201210287,0.02836505
HOUSEHOLD_1_204,HOUSEHOLD_1,2571,2067,18499.0,7.195255,10,258,3,1.8828006,0.025760328,0.005056398288603656,0.8039673278879813,0.013681921
HOUSEHOLD_2_287,HOUSEHOLD_2,2769,2226,8889.0,3.210184,10,277,5,1.905984,0.05056811,0.005055976886962802,0.8039003250270856,0.026531236
FOODS_2_376,FOODS_2,2613,2100,22592.0,8.646001,10,277,9,1.9076655,0.1017932,0.08495981630309989,0.8036739380022963,0.05336009
HOBBIES_1_100,HOBBIES_1,2768,2224,7688.0,2.7774568,10,277,7,11.214559,0.30620095,0.00939306358381503,0.8034682080924855,0.027303878
FOODS_3_029,FOODS_3,2635,2117,24757.0,9.395446,10,277,10,1.3698672,0.14048763,0.15445920303605312,0.8034155597722961,0.102555655
FOODS_3_179,FOODS_3,2065,1659,5399.0,2.614528,10,241,5,4.3450413,0.4964223,0.005811138014527845,0.8033898305084746,0.1142503
FOODS_3_493,FOODS_3,2679,2152,20388.0,7.6103024,10,270,5,7.245588,0.26898536,0.05785740948114968,0.8032848077640911,0.037124023
FOODS_2_363,FOODS_2,1103,886,6172.0,5.5956483,10,113,4,2.4937713,0.058478206,0.013599274705349048,0.8032638259292838,0.023449708
FOODS_3_788,FOODS_3,2728,2191,29565.0,10.83761,10,273,12,3.7747252,0.1937413,0.06378299120234604,0.8031524926686217,0.051325936
FOODS_3_090,FOODS_3,2770,2224,1016555.0,366.98737,10,277,11,1.3616787,0.12306912,0.1447653429602888,0.8028880866425993,0.09038044
HOUSEHOLD_2_050,HOUSEHOLD_2,2633,2114,7842.0,2.9783516,10,275,5,7.2753015,0.9549942,0.0007595898214963919,0.8028864413216863,0.13126524
FOODS_3_323,FOODS_3,1861,1494,6596.0,3.544331,10,187,2,2.4756153,0.04567899,0.006985491671144546,0.8027941966684579,0.018451571
FOODS_2_292,FOODS_2,740,594,5404.0,7.302703,10,90,2,3.1186488,0.14967102,0.0,0.8027027027027027,0.047992267
FOODS_2_039,FOODS_2,1799,1444,5518.0,3.0672596,10,212,6,4.8110895,0.21436103,0.007226236798221234,0.802668148971651,0.04455561
HOUSEHOLD_1_504,HOUSEHOLD_1,2191,1758,5447.0,2.4860795,10,220,4,3.1114242,0.20344879,0.0013692377909630307,0.8023733455043359,0.06538767
HOBBIES_1_159,HOBBIES_1,2739,2197,10205.0,3.7258124,10,277,6,3.237269,0.042173304,0.006206644760861628,0.8021175611537057,0.013027433
HOUSEHOLD_2_247,HOUSEHOLD_2,2764,2217,7095.0,2.566932,10,277,3,3.9694574,0.07969628,0.007597684515195369,0.8020984081041969,0.020077374
FOODS_2_085,FOODS_2,2343,1879,14636.0,6.246692,10,271,13,3.5167308,0.26173103,0.1506615450277422,0.8019632949210413,0.07442453
FOODS_3_325,FOODS_3,2165,1736,12274.0,5.669284,10,220,6,2.4941616,0.07109912,0.016166281755196306,0.8018475750577367,0.02850622
FOODS_2_020,FOODS_2,2385,1912,15258.0,6.3974843,10,277,12,2.436021,0.32136476,0.06708595387840671,0.8016771488469602,0.13192199
FOODS_3_507,FOODS_3,1013,812,2939.0,2.9012833,10,149,1,1.98,0.0,0.0,0.8015794669299111,0.0
FOODS_1_196,FOODS_1,2766,2217,28802.0,10.41287,10,277,3,1.9779755,0.043929342,0.0018076644974692696,0.8015184381778742,0.022209246
HOUSEHOLD_1_358,HOUSEHOLD_1,1903,1525,10280.0,5.4019966,10,198,9,9.88795,0.5786431,0.023121387283236993,0.8013662637940094,0.058520027
HOBBIES_1_146,HOBBIES_1,2768,2218,10138.0,3.6625721,10,277,7,4.797164,0.27926078,0.010476878612716763,0.8013005780346821,0.058213726
FOODS_3_250,FOODS_3,2549,2042,23205.0,9.10357,10,266,2,3.9051864,0.0434168,0.0,0.8010984699882306,0.011117728
FOODS_1_020,FOODS_1,2770,2219,17184.0,6.20361,10,277,5,2.646325,0.101395816,0.010830324909747292,0.8010830324909747,0.038315706
FOODS_3_606,FOODS_3,1613,1292,11953.0,7.410415,10,162,5,2.8639245,0.10751093,0.02541847489150651,0.800991940483571,0.037539724
HOBBIES_2_109,HOBBIES_2,817,654,1966.0,2.4063647,10,85,1,0.9700001,0.0,0.0,0.8004895960832313,0.0
FOODS_3_759,FOODS_3,1288,1031,11865.0,9.211957,10,145,4,2.8277485,0.24334094,0.010869565217391304,0.8004658385093167,0.08605466
HOBBIES_2_121,HOBBIES_2,1057,846,4551.0,4.305582,10,109,1,0.97,0.0,0.0,0.8003784295175024,0.0
FOODS_3_611,FOODS_3,2770,2217,29216.0,10.547293,10,277,5,2.4663105,0.25802618,0.054873646209386284,0.800361010830325,0.104620315
HOBBIES_1_167,HOBBIES_1,1827,1462,22511.0,12.321292,10,183,6,0.68378764,0.026855957,0.05309250136836344,0.8002189381499726,0.03927529
FOODS_3_204,FOODS_3,1856,1485,7501.0,4.041487,10,186,2,2.4763794,0.041542165,0.007004310344827586,0.8001077586206896,0.016775364
FOODS_1_137,FOODS_1,2756,2205,50330.0,18.261974,10,277,6,1.9764695,0.048885763,0.010159651669085631,0.8000725689404935,0.02473388
HOUSEHOLD_1_395,HOUSEHOLD_1,2770,2215,11378.0,4.107581,10,277,9,4.8542166,0.18237822,0.04837545126353791,0.7996389891696751,0.03757109
FOODS_2_045,FOODS_2,1576,1260,5773.0,3.6630712,10,172,9,6.927849,0.27014026,0.031091370558375634,0.799492385786802,0.03899338
HOUSEHOLD_1_419,HOUSEHOLD_1,1650,1319,3804.0,2.3054545,10,168,5,8.927988,0.24838191,0.0030303030303030303,0.7993939393939394,0.027820593
HOUSEHOLD_2_313,HOUSEHOLD_2,1221,976,4484.0,3.6723998,10,143,2,1.9582883,0.1129432,0.0,0.7993447993447993,0.05767445
FOODS_2_356,FOODS_2,2608,2084,23913.0,9.169095,10,277,7,2.496503,0.06520307,0.01111963190184049,0.799079754601227,0.02611776
FOODS_1_213,FOODS_1,2770,2213,12461.0,4.498556,10,277,9,2.3186536,0.17297338,0.07075812274368232,0.7989169675090253,0.074600786
HOUSEHOLD_1_518,HOUSEHOLD_1,1213,969,9779.0,8.0618305,10,122,2,6.966686,0.115423866,0.0,0.798845836768343,0.016567973
FOODS_1_002,FOODS_1,2769,2212,7455.0,2.6923077,10,277,5,8.924051,0.48442298,0.0007222824124232575,0.7988443481401228,0.054282855
HOUSEHOLD_1_009,HOUSEHOLD_1,1167,932,3492.0,2.9922879,10,118,2,17.962286,0.26345536,0.000856898029134533,0.7986289631533847,0.01466714
FOODS_2_360,FOODS_2,2763,2206,261613.0,94.6844,10,277,10,0.8166703,0.12008771,0.02823018458197611,0.7984075280492219,0.14704552
HOBBIES_1_388,HOBBIES_1,2618,2090,12111.0,4.6260505,10,264,7,2.881253,0.17355603,0.08594346829640948,0.7983193277310925,0.060236305
HOBBIES_1_124,HOBBIES_1,1745,1393,7682.0,4.4022923,10,176,3,5.9788938,0.06655069,0.0005730659025787965,0.7982808022922636,0.011130936
FOODS_3_425,FOODS_3,1804,1440,6511.0,3.6092017,10,181,3,2.4781487,0.058256306,0.0016629711751662971,0.7982261640798226,0.023507994
FOODS_3_209,FOODS_3,974,777,2542.0,2.6098564,10,102,1,3.98,0.0,0.0,0.797741273100616,0.0
HOUSEHOLD_1_413,HOUSEHOLD_1,2739,2185,18231.0,6.656079,10,277,11,18.055954,0.61198634,0.035414384811975175,0.7977364001460387,0.03389388
FOODS_2_211,FOODS_2,2542,2027,20086.0,7.9016523,10,277,12,2.299233,0.11340982,0.05586152635719906,0.7974036191974823,0.049325068
FOODS_1_025,FOODS_1,1791,1428,9493.0,5.3003907,10,182,3,4.100921,0.1860221,0.0016750418760469012,0.7973199329983249,0.045361053
HOUSEHOLD_1_211,HOUSEHOLD_1,2767,2206,10015.0,3.6194434,10,277,4,3.8740873,0.061382815,0.0093964582580412,0.7972533429707264,0.015844459
HOUSEHOLD_2_402,HOUSEHOLD_2,1124,896,3174.0,2.8238435,10,121,1,8.97,0.0,0.0,0.797153024911032,0.0
HOUSEHOLD_1_329,HOUSEHOLD_1,2223,1772,14492.0,6.5191183,10,226,4,4.9546466,0.083028,0.000899685110211426,0.7971210076473234,0.016757604
FOODS_3_388,FOODS_3,2770,2208,25700.0,9.277978,10,277,5,4.095682,0.20276493,0.048014440433213,0.7971119133574007,0.049507
HOUSEHOLD_2_371,HOUSEHOLD_2,2681,2137,23202.0,8.654234,10,277,1,0.78,0.0,0.0,0.7970906378217083,0.0
FOODS_3_750,FOODS_3,2726,2172,36368.0,13.341159,10,273,9,2.2606053,0.28626603,0.15223771093176816,0.7967718268525312,0.12663247
HOUSEHOLD_2_343,HOUSEHOLD_2,1633,1301,5515.0,3.37722,10,167,1,2.7799997,0.0,0.0,0.7966932026944274,0.0
FOODS_2_214,FOODS_2,1091,869,5906.0,5.413382,10,114,4,2.4875343,0.08269801,0.025664527956003668,0.7965169569202566,0.03324497
FOODS_3_137,FOODS_3,1163,926,4367.0,3.754944,10,119,2,2.5054686,0.017276205,0.0,0.7962166809974205,0.0068953987
HOUSEHOLD_2_426,HOUSEHOLD_2,2683,2136,8266.0,3.0808797,10,269,6,4.560965,0.4756685,0.09839731643682445,0.7961237420797614,0.10429119
FOODS_2_258,FOODS_2,2388,1900,11080.0,4.639866,10,277,8,2.9217463,0.15541099,0.002512562814070352,0.7956448911222781,0.053191133
FOODS_1_038,FOODS_1,2753,2190,12290.0,4.464221,10,277,7,9.1871805,0.5960914,0.013439883763167454,0.7954958227388303,0.06488295
FOODS_2_231,FOODS_2,2629,2091,17872.0,6.7980223,10,277,15,2.4901636,0.18425983,0.09775580068467098,0.7953594522632179,0.07399507
HOUSEHOLD_1_044,HOUSEHOLD_1,1167,928,3656.0,3.1328192,10,118,1,17.97,0.0,0.0,0.7952013710368466,0.0
FOODS_3_551,FOODS_3,2523,2006,20125.0,7.976615,10,277,6,4.590535,0.2116707,0.035275465715418154,0.7950852160126833,0.046110243
FOODS_1_032,FOODS_1,2770,2202,127689.0,46.09711,10,277,4,0.97582674,0.016059624,0.0,0.7949458483754512,0.016457455
HOBBIES_1_298,HOBBIES_1,2769,2201,12136.0,4.3828096,10,277,8,4.2474613,0.21677342,0.050920910075839654,0.7948717948717948,0.051035997
HOUSEHOLD_1_177,HOUSEHOLD_1,2770,2201,39795.0,14.366426,10,277,6,7.474498,0.45599863,0.1148014440433213,0.7945848375451263,0.06100726
FOODS_1_180,FOODS_1,2754,2188,18361.0,6.66703,10,277,5,9.600839,0.3521737,0.0007262164124909223,0.794480755265069,0.036681555
HOUSEHOLD_2_275,HOUSEHOLD_2,2770,2200,7032.0,2.538628,10,277,5,5.1766353,0.18901551,0.05270758122743682,0.7942238267148014,0.0365132
FOODS_2_266,FOODS_2,1961,1557,21649.0,11.039776,10,222,8,9.305278,0.2896336,0.10504844467108618,0.7939826619071902,0.031125734
FOODS_3_660,FOODS_3,2755,2187,23286.0,8.452269,10,277,8,1.4495717,0.07946328,0.017422867513611617,0.7938294010889292,0.054818455
HOUSEHOLD_2_486,HOUSEHOLD_2,2769,2198,6869.0,2.480679,10,277,15,5.9478188,0.28883597,0.014084507042253521,0.7937883712531599,0.048561662
FOODS_3_517,FOODS_3,708,562,1855.0,2.6200564,10,74,2,2.8892374,0.021669613,0.0,0.7937853107344632,0.0075001153
FOODS_2_361,FOODS_2,2587,2053,15053.0,5.818709,10,277,13,3.804743,0.19680028,0.07614998067259374,0.7935833011209895,0.051724985
HOUSEHOLD_2_496,HOUSEHOLD_2,1613,1280,4133.0,2.5623062,10,164,1,1.48,0.0,0.0,0.7935523868567886,0.0
HOBBIES_1_398,HOBBIES_1,2770,2198,56753.0,20.488447,10,277,11,0.55116606,0.054263286,0.06353790613718412,0.7935018050541516,0.09845179
HOUSEHOLD_2_284,HOUSEHOLD_2,2769,2197,9448.0,3.4120622,10,277,9,6.1966124,0.3730026,0.058866016612495485,0.7934272300469484,0.060194597
FOODS_3_222,FOODS_3,2747,2179,13554.0,4.93411,10,276,8,4.145686,0.25860175,0.04950855478704041,0.79322897706589,0.06237852
HOBBIES_1_248,HOBBIES_1,2350,1864,34143.0,14.528936,10,248,2,0.9493958,0.021809794,0.08936170212765958,0.7931914893617021,0.02297229
FOODS_3_161,FOODS_3,2765,2193,7503.0,2.7135625,10,277,5,1.9982857,0.06657386,0.0018083182640144665,0.793128390596745,0.033315487
HOBBIES_2_091,HOBBIES_2,1522,1207,5543.0,3.6419184,10,161,1,0.97,0.0,0.0,0.7930354796320631,0.0
FOODS_1_060,FOODS_1,1058,839,3459.0,3.2693763,10,108,1,1.68,0.0,0.0,0.7930056710775047,0.0
FOODS_2_374,FOODS_2,2324,1842,34038.0,14.646299,10,277,8,1.9396429,0.10127259,0.0391566265060241,0.7925989672977625,0.052211978
FOODS_3_595,FOODS_3,1099,871,7458.0,6.786169,10,145,2,1.9793631,0.007959035,0.006369426751592357,0.7925386715195633,0.004021008
FOODS_2_013,FOODS_2,2770,2195,84532.0,30.516968,10,277,12,1.9346932,0.10758654,0.05631768953068592,0.7924187725631769,0.055609096
HOBBIES_1_034,HOBBIES_1,2736,2168,9236.0,3.375731,10,277,6,4.799879,0.27945656,0.009502923976608187,0.7923976608187134,0.058221582
FOODS_3_747,FOODS_3,1368,1084,19423.0,14.198099,10,160,2,0.9996345,0.013518452,0.0007309941520467836,0.7923976608187134,0.013523394
FOODS_2_097,FOODS_2,727,576,2712.0,3.730399,10,76,3,7.5579643,0.43650886,0.19257221458046767,0.7922971114167813,0.05775482
HOUSEHOLD_1_252,HOUSEHOLD_1,2236,1771,5629.0,2.5174417,10,224,6,9.457492,0.22770192,0.0031305903398926656,0.7920393559928444,0.024076354
HOUSEHOLD_2_488,HOUSEHOLD_2,2769,2193,6914.0,2.4969304,10,277,5,4.9194403,0.26316607,0.0021668472372697724,0.7919826652221018,0.053495124
HOUSEHOLD_1_497,HOUSEHOLD_1,1979,1567,17198.0,8.690248,10,199,6,15.186675,0.32086343,0.001010611419909045,0.7918140474987367,0.021127958
FOODS_1_048,FOODS_1,2344,1856,8173.0,3.4867747,10,240,2,5.977867,0.046146117,0.0021331058020477816,0.7918088737201365,0.0077194953
FOODS_2_180,FOODS_2,1560,1235,9497.0,6.0878205,10,172,4,2.2808013,0.30854258,0.08269230769230769,0.7916666666666666,0.13527815
HOBBIES_1_084,HOBBIES_1,2769,2192,12383.0,4.4720116,10,277,8,4.248866,0.2171434,0.05308775731310943,0.7916215240158903,0.0511062
HOUSEHOLD_2_310,HOUSEHOLD_2,2658,2104,6110.0,2.2987208,10,277,2,1.4198307,0.008728406,0.0003762227238525207,0.7915726109857035,0.0061474983
FOODS_2_189,FOODS_2,2605,2062,23308.0,8.947409,10,277,7,2.495685,0.076675594,0.011516314779270634,0.7915547024952015,0.030723264
FOODS_2_353,FOODS_2,2389,1891,11639.0,4.871913,10,277,12,2.7779825,0.20838647,0.05106739221431561,0.791544579321892,0.0750136
FOODS_3_445,FOODS_3,1866,1477,7754.0,4.1554127,10,187,4,2.475675,0.0593332,0.006966773847802787,0.7915326902465166,0.023966473
HOUSEHOLD_2_468,HOUSEHOLD_2,2676,2118,7149.0,2.6715248,10,277,8,9.201655,0.16923532,0.007100149476831091,0.7914798206278026,0.018391835
HOBBIES_1_253,HOBBIES_1,1394,1103,4311.0,3.0925395,10,141,5,12.765302,0.41305402,0.1563845050215208,0.7912482065997131,0.03235756
FOODS_3_720,FOODS_3,1092,864,3732.0,3.4175825,10,117,6,4.3430495,0.23865099,0.09615384615384616,0.7912087912087912,0.054950096
FOODS_2_113,FOODS_2,1986,1571,7289.0,3.6701913,10,222,9,2.738449,0.18528736,0.0755287009063444,0.7910372608257804,0.06766142
FOODS_3_349,FOODS_3,2462,1947,78085.0,31.716085,10,277,4,1.5728513,0.106463544,0.0,0.7908204711616572,0.06768824
FOODS_2_093,FOODS_2,2614,2067,27542.0,10.536343,10,277,7,2.4643726,0.2315765,0.020275439938791124,0.7907421576128538,0.09396976
HOUSEHOLD_2_403,HOUSEHOLD_2,2742,2167,9479.0,3.4569657,10,276,5,5.1086907,0.28771916,0.0010940919037199124,0.7902990517870168,0.05631955
HOUSEHOLD_1_123,HOUSEHOLD_1,1592,1258,8533.0,5.359925,10,170,3,8.960591,0.114173055,0.008165829145728644,0.7902010050251256,0.012741688
FOODS_2_021,FOODS_2,2395,1892,123101.0,51.399166,10,277,9,0.8324259,0.11884259,0.0162839248434238,0.7899791231732777,0.14276657
FOODS_3_430,FOODS_3,1347,1064,3784.0,2.8092055,10,168,4,5.9712844,0.17367387,0.0022271714922048997,0.7899034892353378,0.029084843
HOBBIES_1_080,HOBBIES_1,2766,2184,38605.0,13.956978,10,277,7,0.5515727,0.053782284,0.052422270426608825,0.789587852494577,0.09750716
HOUSEHOLD_1_022,HOUSEHOLD_1,917,724,4274.0,4.6608505,10,125,1,4.84,0.0,0.0,0.7895310796074155,0.0
FOODS_2_371,FOODS_2,2768,2184,84063.0,30.369581,10,277,11,1.9366764,0.1126252,0.06105491329479769,0.7890173410404624,0.058153853
FOODS_2_178,FOODS_2,1109,875,5841.0,5.266907,10,113,3,2.4923716,0.06560371,0.017132551848512173,0.7889990982867449,0.026321802
FOODS_3_043,FOODS_3,2161,1705,11538.0,5.339195,10,220,7,2.4916105,0.08352421,0.02036094400740398,0.7889865802869042,0.033522177
FOODS_3_030,FOODS_3,2764,2180,182318.0,65.96165,10,277,6,1.2743669,0.14605364,0.16063675832127353,0.788712011577424,0.11460879
FOODS_3_082,FOODS_3,2688,2120,19276.0,7.171131,10,277,5,1.9824406,0.10687147,0.050595238095238096,0.7886904761904762,0.05390904
HOUSEHOLD_1_341,HOUSEHOLD_1,2501,1972,10602.0,4.2391043,10,252,6,4.852487,0.13009004,0.04918032786885246,0.788484606157537,0.026808942
HOUSEHOLD_2_390,HOUSEHOLD_2,2765,2180,6490.0,2.347197,10,277,3,5.9006834,0.13436103,0.004701627486437613,0.7884267631103075,0.022770418
FOODS_2_103,FOODS_2,2453,1934,22207.0,9.052997,10,277,9,7.0584593,0.27793303,0.07337953526294333,0.7884223399918467,0.03937588
HOUSEHOLD_1_529,HOUSEHOLD_1,1705,1344,12262.0,7.1917887,10,253,7,2.955648,0.075952135,0.015249266862170088,0.7882697947214077,0.025697287
FOODS_3_676,FOODS_3,2684,2115,17353.0,6.46535,10,272,6,7.2436066,0.28021044,0.05737704918032787,0.7880029806259314,0.038683828
HOUSEHOLD_1_124,HOUSEHOLD_1,2457,1936,25412.0,10.342694,10,247,2,3.99361,0.07063027,0.010582010582010581,0.787952787952788,0.01768582
FOODS_1_071,FOODS_1,1759,1386,10659.0,6.059693,10,183,4,1.9761114,0.062331468,0.01762364980102331,0.7879476975554293,0.031542487
HOUSEHOLD_1_444,HOUSEHOLD_1,1310,1032,4405.0,3.3625953,10,149,2,4.87742,0.093385845,0.0007633587786259542,0.7877862595419848,0.019146567
FOODS_2_181,FOODS_2,2770,2182,140859.0,50.851624,10,277,11,1.9402202,0.09922446,0.05631768953068592,0.787725631768953,0.051140826
HOUSEHOLD_2_219,HOUSEHOLD_2,2770,2182,13436.0,4.8505416,10,277,5,3.1409025,0.27583927,0.009386281588447653,0.787725631768953,0.08782166
FOODS_3_263,FOODS_3,2580,2032,82901.0,32.13217,10,277,5,2.7303333,0.13640527,0.05542635658914729,0.7875968992248062,0.0499592
HOUSEHOLD_1_094,HOUSEHOLD_1,2235,1760,21417.0,9.58255,10,224,3,3.5947564,0.24402124,0.058165548098434,0.7874720357941835,0.06788255
HOUSEHOLD_2_251,HOUSEHOLD_2,2131,1678,8101.0,3.8015018,10,216,3,3.9639983,0.1429047,0.0018770530267480056,0.7874237447207884,0.036050647
FOODS_2_101,FOODS_2,2433,1915,19136.0,7.865187,10,277,3,5.966601,0.07222718,0.03740238388820386,0.7870941224825319,0.012105247
HOUSEHOLD_2_222,HOUSEHOLD_2,2770,2180,15484.0,5.589892,10,277,6,5.1385884,0.2715162,0.06462093862815885,0.7870036101083032,0.052838676
HOUSEHOLD_2_411,HOUSEHOLD_2,2708,2131,9419.0,3.4782126,10,272,1,5.84,0.0,0.0,0.7869276218611522,0.0
FOODS_2_063,FOODS_2,2758,2170,44892.0,16.277012,10,277,14,2.762752,0.26156417,0.006163886874546773,0.7868020304568528,0.09467522
FOODS_3_427,FOODS_3,1804,1419,5478.0,3.0365853,10,181,3,2.4767962,0.04242955,0.006097560975609756,0.7865853658536586,0.01713082
FOODS_3_743,FOODS_3,730,574,3185.0,4.3630137,10,75,2,2.9734247,0.055831887,0.0136986301369863,0.7863013698630137,0.018776964
FOODS_3_078,FOODS_3,2217,1743,7819.0,3.526838,10,277,8,2.9302347,0.118785754,0.018944519621109608,0.7861975642760487,0.040537965
HOUSEHOLD_1_095,HOUSEHOLD_1,2758,2168,9247.0,3.3527918,10,277,10,6.1060514,0.38118276,0.05982596084118927,0.7860768672951414,0.062427048
FOODS_1_068,FOODS_1,1410,1108,5034.0,3.5702128,10,147,4,3.576993,0.07603765,0.002127659574468085,0.7858156028368795,0.021257423
FOODS_3_243,FOODS_3,2762,2170,13748.0,4.9775524,10,277,5,1.5106989,0.08603578,0.014844315713251267,0.7856625633598842,0.05695098
HOUSEHOLD_1_006,HOUSEHOLD_1,2719,2135,14873.0,5.4700255,10,275,7,6.9579034,0.18615156,0.0066200809121000365,0.7852151526296433,0.026753973
HOBBIES_1_161,HOBBIES_1,1130,887,4262.0,3.7716813,10,115,2,0.6916991,0.009858947,0.0,0.7849557522123893,0.014253232
FOODS_3_712,FOODS_3,2664,2091,18028.0,6.767267,10,277,7,3.5820646,0.3560514,0.06343843843843844,0.7849099099099099,0.09939837
HOUSEHOLD_2_188,HOUSEHOLD_2,1347,1057,3303.0,2.4521158,10,136,4,7.240876,0.09412287,0.0007423904974016332,0.7847067557535263,0.012998823
FOODS_3_012,FOODS_3,2727,2139,19275.0,7.068207,10,273,10,2.2590613,0.28612152,0.15034836817015035,0.7843784378437844,0.12665504
FOODS_1_118,FOODS_1,1837,1440,10648.0,5.796407,10,203,1,0.98,0.0,0.0,0.783886771910724,0.0
FOODS_2_262,FOODS_2,2389,1872,15723.0,6.5814147,10,277,14,1.969954,0.08132462,0.10255336961071577,0.7835914608622855,0.041282497
FOODS_3_680,FOODS_3,2170,1700,9969.0,4.5940094,10,220,7,2.4947696,0.07008436,0.014285714285714285,0.783410138248848,0.02809252
HOBBIES_1_203,HOBBIES_1,1398,1095,3972.0,2.8412018,10,141,2,13.120557,0.2248524,0.0,0.7832618025751072,0.017137412
HOUSEHOLD_2_450,HOUSEHOLD_2,2765,2165,8958.0,3.239783,10,277,6,9.6077585,0.4032906,0.012658227848101266,0.783001808318264,0.041975513
HOUSEHOLD_2_117,HOUSEHOLD_2,2769,2168,6174.0,2.2296858,10,277,6,2.2861576,0.25024796,0.005055976886962802,0.7829541350668111,0.10946225
FOODS_3_572,FOODS_3,2580,2020,76786.0,29.762016,10,277,5,2.7399225,0.08749138,0.05116279069767442,0.7829457364341085,0.031932063
FOODS_3_531,FOODS_3,1838,1439,7730.0,4.2056584,10,185,4,2.4712677,0.0902689,0.011425462459194777,0.7829162132752993,0.036527365
FOODS_2_202,FOODS_2,2287,1790,7367.0,3.2212505,10,277,9,2.8863096,0.539104,0.045911674682990816,0.7826847398338435,0.18677968
FOODS_3_211,FOODS_3,2452,1919,13461.0,5.4898043,10,277,6,4.4220552,0.36815152,0.01631321370309951,0.782626427406199,0.08325349
FOODS_3_383,FOODS_3,2763,2162,41057.0,14.859573,10,277,8,1.2698951,0.14963034,0.16720955483170466,0.7824828085414405,0.1178289
FOODS_3_255,FOODS_3,648,507,1371.0,2.1157408,10,75,1,3.98,0.0,0.0,0.7824074074074074,0.0
FOODS_3_813,FOODS_3,1015,794,5990.0,5.901478,10,102,3,4.5,0.056204747,0.01083743842364532,0.7822660098522167,0.012489944
FOODS_3_145,FOODS_3,2420,1893,6145.0,2.539256,10,277,7,2.8336198,0.13705684,0.0012396694214876034,0.7822314049586777,0.04836811
HOUSEHOLD_1_337,HOUSEHOLD_1,1964,1536,3782.0,1.9256619,10,198,4,4.967739,0.06396382,0.0015274949083503055,0.7820773930753564,0.012875842
HOUSEHOLD_2_076,HOUSEHOLD_2,2769,2165,9155.0,3.3062477,10,277,6,8.946099,0.36970508,0.013723365836041893,0.7818707114481762,0.04132584
FOODS_3_415,FOODS_3,2615,2044,19850.0,7.590822,10,268,8,2.4971242,0.12025122,0.040152963671128104,0.7816443594646272,0.048155885
FOODS_3_351,FOODS_3,2770,2165,79699.0,28.772202,10,277,14,1.0460974,0.09899952,0.22310469314079423,0.7815884476534296,0.09463701
FOODS_3_297,FOODS_3,1602,1252,7344.0,4.5842695,10,163,2,2.8757305,0.04006551,0.011235955056179775,0.7815230961298377,0.013932289
HOBBIES_1_266,HOBBIES_1,2747,2146,10700.0,3.8951583,10,277,8,4.7981105,0.27956966,0.010192937750273025,0.7812158718602111,0.058266614
FOODS_3_626,FOODS_3,987,771,2186.0,2.2147923,10,102,2,3.9794934,0.015915176,0.0010131712259371835,0.7811550151975684,0.003999297
FOODS_2_225,FOODS_2,2376,1856,17858.0,7.515993,10,277,10,2.4543097,0.24688174,0.01978114478114478,0.7811447811447811,0.10059111
HOUSEHOLD_2_316,HOUSEHOLD_2,2767,2161,6696.0,2.4199493,10,277,10,7.241323,0.16634405,0.010119262739428984,0.7809902421395013,0.0229715
FOODS_3_013,FOODS_3,2228,1740,14176.0,6.362657,10,277,6,2.5134292,0.088371426,0.0062836624775583485,0.7809694793536804,0.035159703
FOODS_3_102,FOODS_3,2757,2153,20718.0,7.51469,10,277,5,1.9828365,0.10745477,0.04461371055495103,0.7809212912586144,0.05419245
HOUSEHOLD_1_493,HOUSEHOLD_1,2764,2158,6551.0,2.3701158,10,277,4,2.753893,0.05862121,0.009768451519536902,0.7807525325615051,0.02128667
FOODS_2_128,FOODS_2,2421,1890,151753.0,62.68195,10,277,9,0.8307642,0.11959277,0.0161090458488228,0.7806691449814126,0.14395514
FOODS_3_571,FOODS_3,2573,2008,11610.0,4.5122423,10,261,14,8.524741,0.70735145,0.08666925767586475,0.7804119704624951,0.0829763
HOBBIES_1_120,HOBBIES_1,2152,1679,4030.0,1.8726766,10,270,14,10.477402,0.8116481,0.022304832713754646,0.7802044609665427,0.07746654
HOBBIES_1_246,HOBBIES_1,1146,894,3089.0,2.6954625,10,116,2,10.972993,0.23720466,0.0008726003490401396,0.7801047120418848,0.021617133
HOUSEHOLD_2_355,HOUSEHOLD_2,2753,2147,6005.0,2.1812568,10,277,6,11.23072,0.40933588,0.007628042135851798,0.7798764983654195,0.036447875
FOODS_3_774,FOODS_3,2624,2046,11302.0,4.3071647,10,266,9,6.315427,0.491331,0.09451219512195122,0.7797256097560976,0.077798545
FOODS_2_269,FOODS_2,1800,1403,5914.0,3.2855556,10,224,7,2.7499056,0.18261382,0.08055555555555556,0.7794444444444445,0.06640731
FOODS_1_070,FOODS_1,1695,1321,9084.0,5.359292,10,170,2,0.97537464,0.012795213,0.0,0.7793510324483776,0.013118254
HOUSEHOLD_1_270,HOUSEHOLD_1,2723,2122,8995.0,3.3033419,10,277,8,9.939397,0.3241651,0.004039662137348513,0.7792875504957767,0.032614164
FOODS_3_690,FOODS_3,856,667,2482.0,2.8995328,10,92,1,9.98,0.0,0.0,0.7792056074766355,0.0
HOBBIES_1_169,HOBBIES_1,2693,2098,45167.0,16.772001,10,277,9,0.55281097,0.04934722,0.052357965094689936,0.779056813962124,0.089265995
HOUSEHOLD_1_135,HOUSEHOLD_1,2317,1805,18162.0,7.8385844,10,242,2,1.480069,0.0016609061,0.0,0.7790246007768666,0.0011221815
FOODS_2_308,FOODS_2,2347,1827,9142.0,3.8951852,10,277,19,2.6600342,0.22767325,0.05112910097997444,0.7784405624201107,0.08559035
FOODS_3_287,FOODS_3,2670,2078,12167.0,4.5569286,10,268,10,6.284326,0.52551275,0.050187265917602995,0.7782771535580524,0.08362277
HOBBIES_1_126,HOBBIES_1,1118,870,2746.0,2.4561718,10,116,2,9.574991,0.11837435,0.0,0.778175313059034,0.012362868
FOODS_3_176,FOODS_3,2073,1613,19045.0,9.187168,10,211,6,1.4499904,0.08075775,0.07573564881813796,0.7780993728895321,0.05569537
HOUSEHOLD_1_029,HOUSEHOLD_1,1667,1297,18694.0,11.214157,10,169,7,6.959472,0.5981662,0.033593281343731254,0.7780443911217756,0.08594994
HOUSEHOLD_1_286,HOUSEHOLD_1,892,694,2458.0,2.7556055,10,96,3,4.8731055,0.34513628,0.01569506726457399,0.7780269058295964,0.07082471
FOODS_3_362,FOODS_3,1802,1402,147535.0,81.87292,10,181,5,2.4917982,0.0804622,0.023307436182019976,0.7780244173140954,0.03229082
FOODS_3_755,FOODS_3,2770,2154,94145.0,33.987366,10,277,13,1.0519385,0.094740115,0.2075812274368231,0.7776173285198555,0.0900624
HOBBIES_1_063,HOBBIES_1,2536,1972,4857.0,1.9152209,10,277,4,5.345749,0.1748818,0.0,0.777602523659306,0.03271418
FOODS_3_151,FOODS_3,2479,1927,36958.0,14.908431,10,277,5,2.7315612,0.14123811,0.05808793868495361,0.7773295683743445,0.051706
HOBBIES_1_033,HOBBIES_1,1329,1033,2576.0,1.9382994,10,140,3,16.087631,0.31560487,0.0007524454477050414,0.7772761474793077,0.019617857
HOUSEHOLD_2_089,HOUSEHOLD_2,2751,2138,9784.0,3.556525,10,277,5,3.147561,0.255967,0.004725554343874954,0.777171937477281,0.08132233
FOODS_2_145,FOODS_2,896,696,10467.0,11.68192,10,96,2,2.3422546,0.113723435,0.024553571428571428,0.7767857142857143,0.048552975
FOODS_3_177,FOODS_3,2544,1975,18739.0,7.365959,10,271,9,2.802111,0.13942267,0.059355345911949686,0.7763364779874213,0.0497563
HOUSEHOLD_2_349,HOUSEHOLD_2,2770,2150,11658.0,4.2086644,10,277,5,4.833491,0.2379981,0.0010830324909747292,0.776173285198556,0.049239382
FOODS_1_142,FOODS_1,2706,2100,23052.0,8.518847,10,277,7,1.4698818,0.06433439,0.007760532150776054,0.7760532150776053,0.043768413
HOUSEHOLD_1_017,HOUSEHOLD_1,2249,1744,14526.0,6.4588704,10,226,5,4.9463315,0.18430477,0.0035571365051133837,0.7754557581147177,0.0372609
HOBBIES_1_326,HOBBIES_1,2769,2147,8761.0,3.163958,10,277,3,1.9716686,0.01973901,0.009389671361502348,0.775370169736367,0.010011322
FOODS_2_346,FOODS_2,898,696,20778.0,23.138084,10,96,2,2.3444545,0.11071365,0.021158129175946547,0.7750556792873051,0.04722363
FOODS_3_312,FOODS_3,1609,1247,6945.0,4.3163457,10,163,3,2.8774083,0.052474193,0.00435052827843381,0.7750155376009944,0.018236617
FOODS_3_353,FOODS_3,622,482,3345.0,5.3778133,10,72,4,8.939132,0.44842273,0.008038585209003215,0.77491961414791,0.050164014
FOODS_2_294,FOODS_2,2770,2145,50915.0,18.380867,10,277,7,1.139195,0.1393229,0.15848375451263538,0.7743682310469314,0.12229944
HOBBIES_1_041,HOBBIES_1,2589,2004,6394.0,2.4696794,10,260,7,3.9725182,0.34736276,0.000772499034376207,0.7740440324449595,0.08744145
FOODS_3_009,FOODS_3,885,685,3185.0,3.59887,10,92,4,2.2741468,0.056834687,0.015819209039548022,0.7740112994350282,0.024991652
FOODS_2_261,FOODS_2,1867,1445,5668.0,3.0358865,10,277,4,9.9584255,0.05305135,0.0,0.7739689341189073,0.005327283
HOBBIES_1_157,HOBBIES_1,2622,2029,6914.0,2.6369183,10,277,5,11.223523,0.25799644,0.009916094584286803,0.7738367658276125,0.022987116
FOODS_3_428,FOODS_3,2207,1707,14506.0,6.5727234,10,229,2,2.0292978,0.0862128,0.05301314000906208,0.7734481196193929,0.042484052
FOODS_2_064,FOODS_2,2537,1962,12791.0,5.0417814,10,277,11,2.3003626,0.10627078,0.05360662199448167,0.773354355538037,0.046197407
FOODS_2_104,FOODS_2,2334,1805,19795.0,8.481149,10,277,8,7.1545796,0.46126947,0.1405312767780634,0.773350471293916,0.064471915
HOBBIES_1_355,HOBBIES_1,2770,2142,11141.0,4.022022,10,277,11,4.2465234,0.22384398,0.05162454873646209,0.7732851985559567,0.05271229
HOBBIES_1_410,HOBBIES_1,1446,1118,2736.0,1.8921162,10,158,5,28.55987,0.56454974,0.0013831258644536654,0.7731673582295989,0.019767238
FOODS_2_271,FOODS_2,784,606,2101.0,2.679847,10,84,2,10.97588,0.004924718,0.0,0.7729591836734694,0.0004486855
FOODS_3_582,FOODS_3,2710,2094,13832.0,5.104059,10,277,10,1.9737638,0.06509671,0.02103321033210332,0.7726937269372693,0.032981005
FOODS_3_512,FOODS_3,1006,777,2005.0,1.9930418,10,148,1,1.98,0.0,0.0,0.7723658051689861,0.0
FOODS_3_125,FOODS_3,874,675,5832.0,6.672769,10,94,1,4.98,0.0,0.0,0.7723112128146453,0.0
FOODS_3_569,FOODS_3,2770,2138,19941.0,7.198917,10,277,7,4.1027007,0.25099444,0.08989169675090253,0.771841155234657,0.061177857
FOODS_2_003,FOODS_2,2419,1867,20230.0,8.36296,10,277,5,2.1197355,0.13030349,0.03141794129805705,0.7718065316246383,0.061471578
FOODS_2_008,FOODS_2,1112,858,5561.0,5.0008993,10,114,4,2.4941816,0.062325582,0.012589928057553957,0.7715827338129496,0.024988389
HOBBIES_1_177,HOBBIES_1,2158,1665,12083.0,5.599166,10,224,3,4.1963067,0.09846111,0.0,0.7715477293790547,0.023463754
HOUSEHOLD_2_511,HOUSEHOLD_2,2769,2136,12582.0,4.5438786,10,277,3,2.846923,0.072378,0.004694835680751174,0.771397616468039,0.025423238
FOODS_2_347,FOODS_2,2432,1876,107026.0,44.0074,10,277,9,1.9570435,0.12291745,0.032072368421052634,0.7713815789473685,0.062807724
HOBBIES_1_399,HOBBIES_1,2710,2089,6749.0,2.4904058,10,272,2,1.9682065,0.0071135913,0.0,0.7708487084870849,0.0036142503
HOUSEHOLD_1_081,HOUSEHOLD_1,1719,1325,7454.0,4.336242,10,187,3,8.183799,0.2474028,0.06806282722513089,0.7707969749854566,0.030230802
HOUSEHOLD_2_113,HOUSEHOLD_2,2744,2115,7758.0,2.8272595,10,277,2,1.8821502,0.014507524,0.00510204081632653,0.7707725947521866,0.0077079525
FOODS_3_020,FOODS_3,2770,2135,59942.0,21.639711,10,277,12,1.0493718,0.095338635,0.21263537906137184,0.7707581227436823,0.09085305
FOODS_3_134,FOODS_3,1203,927,50261.0,41.779716,10,243,3,6.7293763,0.27009434,0.01828761429758936,0.770573566084788,0.04013661
FOODS_2_378,FOODS_2,2614,2014,10627.0,4.065417,10,277,11,3.3928115,0.22654921,0.016449885233358837,0.7704667176740627,0.066773295
HOUSEHOLD_1_472,HOUSEHOLD_1,2770,2134,5198.0,1.8765343,10,277,5,4.8251376,0.05911407,0.010469314079422382,0.7703971119133574,0.012251271
HOUSEHOLD_2_380,HOUSEHOLD_2,2770,2134,8626.0,3.1140795,10,277,3,5.1894226,0.15214269,0.05740072202166065,0.7703971119133574,0.029317845
HOBBIES_1_131,HOBBIES_1,1827,1407,20229.0,11.072249,10,183,7,0.68402845,0.026771821,0.05309250136836344,0.7701149425287356,0.039138462
HOUSEHOLD_2_324,HOUSEHOLD_2,2735,2106,6543.0,2.3923218,10,277,8,14.256842,0.23800601,0.0014625228519195613,0.770018281535649,0.01669416
HOUSEHOLD_2_469,HOUSEHOLD_2,891,686,2029.0,2.2772167,10,92,2,2.968889,0.03316625,0.001122334455667789,0.7699214365881033,0.0111712655
FOODS_2_399,FOODS_2,2614,2012,23572.0,9.017597,10,277,15,1.9726435,0.082963295,0.0983167559296098,0.7697016067329763,0.042056914
HOBBIES_1_301,HOBBIES_1,2770,2132,10490.0,3.7870035,10,277,7,6.0771914,0.21354619,0.0010830324909747292,0.7696750902527075,0.03513896
FOODS_3_778,FOODS_3,2377,1829,6146.0,2.585612,10,277,5,2.0869331,0.14866313,0.002103491796381994,0.7694572991165335,0.07123522
HOBBIES_1_252,HOBBIES_1,1080,831,11465.0,10.615741,10,115,5,0.6818241,0.014295518,0.027777777777777776,0.7694444444444445,0.020966578
HOUSEHOLD_1_508,HOUSEHOLD_1,2767,2129,13066.0,4.7220817,10,277,8,4.848952,0.17683709,0.05493314058547163,0.7694253704372968,0.036469135
FOODS_3_188,FOODS_3,2601,2001,6068.0,2.332949,10,277,2,1.9799232,0.002772435,0.0,0.7693194925028836,0.001400274
HOBBIES_1_189,HOBBIES_1,2666,2051,58927.0,22.103151,10,277,5,0.47679672,0.019076655,0.06339084771192798,0.7693173293323331,0.04001004
FOODS_3_514,FOODS_3,1421,1093,16285.0,11.460239,10,148,2,4.9737086,0.13682763,0.00211118930330753,0.7691766361717101,0.027510183
FOODS_2_051,FOODS_2,2351,1808,17524.0,7.4538493,10,277,9,2.4377499,0.31574538,0.022968949383241174,0.7690344534240748,0.12952329
HOUSEHOLD_1_463,HOUSEHOLD_1,1727,1328,4305.0,2.492762,10,177,2,2.9795253,0.019731842,0.0005790387955993051,0.7689635205558772,0.0066224784
FOODS_1_055,FOODS_1,2767,2127,58058.0,20.982292,10,277,11,3.865851,0.38241434,0.08023129743404409,0.7687025659559089,0.09892113
FOODS_3_419,FOODS_3,890,684,7350.0,8.258427,10,89,3,2.7728765,0.18417741,0.26741573033707866,0.7685393258426966,0.06642107
HOBBIES_1_115,HOBBIES_1,1809,1390,19902.0,11.001658,10,183,6,0.6842565,0.026277369,0.04311774461028192,0.7683803206191266,0.038402807
FOODS_3_294,FOODS_3,2620,2013,17337.0,6.6171756,10,277,3,2.477935,0.033245757,0.0011450381679389313,0.768320610687023,0.013416719
FOODS_3_267,FOODS_3,2761,2120,30189.0,10.934082,10,277,5,2.0783231,0.14413802,0.003621876131836291,0.7678377399492937,0.06935304
FOODS_2_030,FOODS_2,2433,1868,24317.0,9.994657,10,277,11,4.3769298,0.20664373,0.032059186189889025,0.7677764077270859,0.047212027
HOBBIES_2_126,HOBBIES_2,1085,833,4361.0,4.019355,10,109,1,0.5,0.0,0.0,0.7677419354838709,0.0
FOODS_1_128,FOODS_1,2759,2118,11649.0,4.222182,10,277,14,3.9185574,0.4376136,0.05472997462848858,0.7676694454512505,0.11167722
FOODS_3_120,FOODS_3,2167,1663,289500.0,133.59483,10,225,4,4.978094,0.05221338,0.0013844023996308261,0.7674203968620212,0.010488628
HOUSEHOLD_1_374,HOUSEHOLD_1,2743,2105,9822.0,3.580751,10,277,7,3.9179404,0.21784358,0.07582938388625593,0.7674079475027342,0.055601556
HOUSEHOLD_2_417,HOUSEHOLD_2,2699,2071,5214.0,1.9318266,10,277,3,3.9803927,0.08657255,0.005187106335679882,0.7673212300852168,0.021749752
HOUSEHOLD_1_432,HOUSEHOLD_1,2735,2098,9448.0,3.454479,10,277,7,3.9573529,0.0642987,0.0007312614259597807,0.7670932358318099,0.016247906
FOODS_1_026,FOODS_1,2760,2117,9724.0,3.5231884,10,277,5,6.92029,0.18314214,0.014130434782608696,0.7670289855072464,0.026464518
FOODS_2_060,FOODS_2,2565,1967,17742.0,6.9169593,10,277,10,7.267162,0.6208646,0.07914230019493178,0.7668615984405458,0.085434265
HOUSEHOLD_2_281,HOUSEHOLD_2,2769,2123,6146.0,2.2195737,10,277,5,5.028624,0.2584235,0.0007222824124232575,0.7667027807872878,0.0513905
FOODS_3_654,FOODS_3,2471,1893,53183.0,21.522865,10,277,4,1.5749413,0.10169963,0.0,0.7660866046135167,0.0645736
FOODS_3_075,FOODS_3,1603,1228,8433.0,5.2607613,10,163,4,2.8752089,0.051285636,0.011228945726762321,0.7660636306924516,0.017837185
HOUSEHOLD_1_541,HOUSEHOLD_1,2766,2118,32595.0,11.784164,10,277,4,7.481189,0.44435668,0.10954446854663774,0.7657266811279827,0.059396535
HOBBIES_1_132,HOBBIES_1,2770,2121,12107.0,4.370758,10,277,6,4.25639,0.23660585,0.05162454873646209,0.7657039711191336,0.055588387
FOODS_1_059,FOODS_1,1723,1319,10900.0,6.326175,10,264,32,5.399768,0.6472874,0.04236796285548462,0.7655252466627974,0.119873196
FOODS_3_397,FOODS_3,2758,2109,6624.0,2.4017403,10,277,7,1.9875635,0.055926338,0.006163886874546773,0.7646845540246555,0.028138138
HOUSEHOLD_2_361,HOUSEHOLD_2,1704,1303,3598.0,2.1115024,10,171,3,7.068204,0.2835563,0.07687793427230047,0.7646713615023474,0.040117167
HOUSEHOLD_2_033,HOUSEHOLD_2,2770,2117,6646.0,2.399278,10,277,3,6.979928,0.09305416,0.005054151624548736,0.7642599277978339,0.013331679
FOODS_3_442,FOODS_3,1870,1429,5619.0,3.0048127,10,187,2,2.4771764,0.0367157,0.0058823529411764705,0.7641711229946524,0.014821593
FOODS_3_025,FOODS_3,2629,2009,12566.0,4.779764,10,277,2,2.856516,0.0661955,0.014834537847090148,0.7641688855077976,0.023173511
HOBBIES_1_357,HOBBIES_1,2737,2091,7370.0,2.6927292,10,277,7,13.943208,0.9209722,0.023748629886737302,0.7639751552795031,0.06605168
HOUSEHOLD_2_286,HOUSEHOLD_2,957,731,2274.0,2.3761756,10,98,1,2.14,0.0,0.0,0.7638453500522466,0.0
FOODS_2_033,FOODS_2,889,679,14020.0,15.770529,10,96,2,2.3470867,0.106942356,0.02249718785151856,0.7637795275590551,0.045563873
HOBBIES_1_060,HOBBIES_1,2019,1542,3513.0,1.7399703,10,203,6,29.677319,1.5528365,0.006934125804853888,0.763744427934621,0.05232402
FOODS_3_328,FOODS_3,2675,2042,10672.0,3.9895327,10,277,9,3.7807028,0.24578597,0.01644859813084112,0.7633644859813085,0.06501065
FOODS_2_357,FOODS_2,2433,1856,30130.0,12.383888,10,277,8,1.9305015,0.10318608,0.053431976983148374,0.7628442252363338,0.053450402
HOBBIES_1_013,HOBBIES_1,2095,1598,4500.0,2.1479714,10,212,1,1.9699999,0.0,0.0,0.7627684964200477,0.0
HOBBIES_1_210,HOBBIES_1,2233,1703,9185.0,4.1133003,10,225,5,5.7629423,0.19567099,0.06493506493506493,0.7626511419614868,0.033953313
FOODS_2_220,FOODS_2,2439,1860,14186.0,5.816318,10,277,15,1.9705207,0.091832235,0.0996309963099631,0.7626076260762608,0.046603028
FOODS_3_543,FOODS_3,2711,2067,8908.0,3.2858725,10,273,13,3.784102,0.17467336,0.057912209516783476,0.7624492807082257,0.046159793
HOBBIES_1_198,HOBBIES_1,2189,1669,8314.0,3.7980814,10,240,2,8.376565,0.113626786,0.0009136592051164915,0.7624486066697121,0.013564843
HOUSEHOLD_2_154,HOUSEHOLD_2,2768,2110,7505.0,2.711344,10,277,3,1.8783996,0.037632357,0.0018063583815028901,0.7622832369942196,0.020034267
HOBBIES_1_376,HOBBIES_1,1405,1071,2840.0,2.0213523,10,142,5,16.067772,0.3465177,0.00498220640569395,0.7622775800711744,0.02156601
FOODS_3_233,FOODS_3,1657,1262,71610.0,43.216656,10,168,5,2.491714,0.08221985,0.024140012070006035,0.7616173808086905,0.032997306
FOODS_1_199,FOODS_1,2493,1898,10590.0,4.2478943,10,264,35,6.112583,0.7568965,0.04251905334937826,0.7613317288407541,0.12382596
FOODS_2_012,FOODS_2,2388,1818,7167.0,3.0012562,10,277,9,2.9881785,0.2740285,0.046063651591289785,0.7613065326633166,0.0917042
FOODS_3_236,FOODS_3,1750,1332,28100.0,16.057142,10,176,5,2.4916515,0.08088181,0.024,0.7611428571428571,0.032461125
FOODS_2_224,FOODS_2,2315,1762,8549.0,3.6928725,10,271,15,5.848583,0.44052207,0.0755939524838013,0.7611231101511879,0.07532116
HOUSEHOLD_1_256,HOUSEHOLD_1,2770,2108,17019.0,6.1440434,10,277,11,5.8826027,0.35335952,0.05198555956678701,0.7610108303249098,0.060068566
FOODS_3_298,FOODS_3,2769,2107,8315.0,3.0028892,10,277,6,18.803232,0.460525,0.04730949801372337,0.7609245214879018,0.0244918
FOODS_2_324,FOODS_2,1108,843,5196.0,4.689531,10,114,5,2.4991968,0.089901,0.03790613718411552,0.7608303249097473,0.03597196
FOODS_2_148,FOODS_2,2044,1555,6798.0,3.3258317,10,226,9,2.6992612,0.16094892,0.11790606653620352,0.7607632093933464,0.059627026
FOODS_1_140,FOODS_1,2770,2107,9273.0,3.3476534,10,277,7,6.920116,0.2304366,0.007942238267148015,0.7606498194945849,0.033299528
FOODS_2_110,FOODS_2,1102,838,7570.0,6.8693285,10,119,5,2.33108,0.13739507,0.021778584392014518,0.7604355716878403,0.058940522
FOODS_2_027,FOODS_2,1870,1422,8651.0,4.626203,10,206,11,2.1486523,0.3025789,0.07005347593582888,0.760427807486631,0.14082265
FOODS_3_657,FOODS_3,2767,2104,31689.0,11.452476,10,277,7,3.1844125,0.25639698,0.08529092880375859,0.7603903144199494,0.08051626
HOUSEHOLD_1_435,HOUSEHOLD_1,1405,1068,3478.0,2.4754448,10,176,3,7.974747,0.12600613,0.027758007117437724,0.7601423487544484,0.015800642
FOODS_1_053,FOODS_1,2743,2085,7469.0,2.7229311,10,277,29,6.466264,1.1758641,0.052497265767407944,0.7601166605905942,0.18184598
HOBBIES_1_091,HOBBIES_1,1121,852,4044.0,3.6074934,10,115,2,0.6917752,0.009845555,0.0,0.760035682426405,0.014232304
HOBBIES_1_269,HOBBIES_1,679,516,1223.0,1.8011782,10,74,2,11.738836,0.046197295,0.0,0.759941089837997,0.0039354237
HOUSEHOLD_1_526,HOUSEHOLD_1,654,497,1889.0,2.888379,10,72,1,4.94,0.0,0.0,0.7599388379204893,0.0
FOODS_3_539,FOODS_3,2066,1570,6553.0,3.1718297,10,277,7,2.710968,0.2926958,0.00484027105517909,0.7599225556631172,0.10796726
HOUSEHOLD_1_414,HOUSEHOLD_1,2144,1629,65585.0,30.59002,10,224,4,0.960042,0.01620415,0.002798507462686567,0.7597947761194029,0.016878584
FOODS_1_160,FOODS_1,728,553,2175.0,2.9876373,10,74,1,2.24,0.0,0.0,0.7596153846153846,0.0
HOUSEHOLD_2_228,HOUSEHOLD_2,2761,2097,5924.0,2.1455994,10,277,3,5.180503,0.24752061,0.004708438971387179,0.7595074248460703,0.047779262
HOBBIES_1_221,HOBBIES_1,2767,2101,4914.0,1.7759306,10,277,3,2.9425912,0.16096479,0.0021684134441633538,0.7593061076978678,0.054701716
FOODS_2_072,FOODS_2,2367,1797,12088.0,5.1068864,10,277,13,2.7297719,0.24097462,0.11533586818757921,0.7591888466413181,0.08827647
FOODS_2_005,FOODS_2,2508,1904,12391.0,4.94059,10,277,13,3.8073964,0.16715895,0.0773524720893142,0.759170653907496,0.043903742
FOODS_2_149,FOODS_2,2388,1812,29873.0,12.509631,10,277,7,7.078425,0.25394452,0.07202680067001675,0.7587939698492462,0.03587585
FOODS_3_320,FOODS_3,2258,1711,16760.0,7.4224977,10,228,2,2.03031,0.08680003,0.058015943312666074,0.7577502214348981,0.04275211
HOUSEHOLD_1_368,HOUSEHOLD_1,2770,2098,5880.0,2.1227436,10,277,8,8.522949,0.49048316,0.0736462093862816,0.7574007220216606,0.057548527
HOUSEHOLD_2_231,HOUSEHOLD_2,2770,2098,5327.0,1.9231046,10,277,5,3.9784331,0.057611685,0.005054151624548736,0.7574007220216606,0.014480999
FOODS_2_335,FOODS_2,2168,1642,6280.0,2.896679,10,275,16,3.5161762,0.2581597,0.025830258302583026,0.757380073800738,0.07342058
FOODS_3_329,FOODS_3,1805,1367,149872.0,83.03158,10,181,3,2.9653518,0.11762219,0.016066481994459834,0.7573407202216067,0.03966551
HOBBIES_1_025,HOBBIES_1,2555,1935,8215.0,3.215264,10,277,9,3.8923051,0.13719235,0.0011741682974559687,0.7573385518590998,0.03524707
HOUSEHOLD_2_200,HOUSEHOLD_2,2729,2066,8081.0,2.961158,10,277,5,6.9316416,0.17650302,0.003297911322828875,0.7570538658849395,0.02546338
FOODS_3_216,FOODS_3,2193,1660,7432.0,3.388965,10,221,8,2.493689,0.0721896,0.017327861377108983,0.7569539443684451,0.028948918
HOUSEHOLD_2_383,HOUSEHOLD_2,2770,2096,7707.0,2.7823105,10,277,6,3.9370255,0.11624662,0.052346570397111915,0.7566787003610108,0.02952651
FOODS_3_092,FOODS_3,2646,2001,29290.0,11.069539,10,277,14,3.683564,0.28986388,0.08881330309901739,0.7562358276643991,0.07869115
FOODS_1_113,FOODS_1,2144,1621,54313.0,25.332556,10,220,2,0.9766045,0.011151209,0.0,0.7560634328358209,0.011418346
FOODS_3_435,FOODS_3,2770,2094,101052.0,36.480865,10,277,8,1.317278,0.1714827,0.11516245487364621,0.755956678700361,0.13017958
HOUSEHOLD_2_424,HOUSEHOLD_2,2625,1984,5043.0,1.9211428,10,277,3,2.8787124,0.046933595,0.0007619047619047619,0.7558095238095238,0.016303677
HOUSEHOLD_2_500,HOUSEHOLD_2,2715,2052,5960.0,2.195212,10,272,3,5.838055,0.07470337,0.0007366482504604051,0.7558011049723757,0.012795934
HOUSEHOLD_1_408,HOUSEHOLD_1,2768,2091,21580.0,7.7962427,10,277,7,5.575542,0.20248389,0.0559971098265896,0.7554190751445087,0.03631645
HOUSEHOLD_1_320,HOUSEHOLD_1,1540,1163,4894.0,3.177922,10,164,6,4.482104,0.21323584,0.06493506493506493,0.7551948051948052,0.047574945
FOODS_3_732,FOODS_3,2770,2090,37514.0,13.54296,10,277,6,2.024166,0.20598586,0.05848375451263538,0.7545126353790613,0.101763315
HOUSEHOLD_1_355,HOUSEHOLD_1,1770,1335,6810.0,3.8474576,10,187,5,8.183616,0.31804195,0.07344632768361582,0.7542372881355932,0.038863257
FOODS_3_355,FOODS_3,2770,2089,47855.0,17.276173,10,277,14,1.0505596,0.10010652,0.20613718411552345,0.7541516245487364,0.09528875
FOODS_3_318,FOODS_3,2770,2089,264474.0,95.47798,10,277,6,1.3177509,0.17136241,0.11299638989169675,0.7541516245487364,0.13004158
HOUSEHOLD_2_356,HOUSEHOLD_2,2741,2067,6333.0,2.3104706,10,277,4,9.86772,0.30756,0.0018241517694272164,0.7541043414812112,0.031168295
FOODS_2_393,FOODS_2,931,702,2358.0,2.5327604,10,106,4,3.9147797,0.16784155,0.06015037593984962,0.7540279269602578,0.04287382
HOUSEHOLD_2_025,HOUSEHOLD_2,2748,2072,7187.0,2.6153567,10,277,4,5.440706,0.14391154,0.06477438136826782,0.7540029112081513,0.026450895
HOUSEHOLD_1_116,HOUSEHOLD_1,852,642,2880.0,3.3802817,10,100,3,2.9676526,0.06749771,0.0011737089201877935,0.7535211267605634,0.022744479
HOBBIES_2_003,HOBBIES_2,2701,2035,6309.0,2.3358016,10,273,1,1.97,0.0,0.0,0.7534246575342466,0.0
FOODS_3_219,FOODS_3,2770,2086,86680.0,31.29242,10,277,9,1.3127328,0.17515141,0.11949458483754513,0.7530685920577618,0.13342503
FOODS_2_397,FOODS_2,2372,1786,16985.0,7.160624,10,277,13,2.969979,0.24607685,0.051011804384485666,0.7529510961214165,0.08285474
FOODS_2_056,FOODS_2,2770,2084,53777.0,19.41408,10,277,9,7.0529494,0.2579636,0.07870036101083032,0.752346570397112,0.03657528
FOODS_3_719,FOODS_3,2204,1658,15453.0,7.011343,10,222,7,2.38951,0.15686767,0.019056261343012703,0.7522686025408348,0.06564847
FOODS_2_348,FOODS_2,2337,1757,10381.0,4.4420195,10,277,5,5.8636203,0.7158702,0.044929396662387676,0.7518185708172871,0.122086726
HOUSEHOLD_1_482,HOUSEHOLD_1,2602,1956,17267.0,6.6360493,10,277,4,3.2296543,0.21614987,0.04996156802459646,0.7517294388931591,0.06692663
FOODS_2_344,FOODS_2,2505,1883,15855.0,6.3293414,10,277,12,2.7427225,0.24048014,0.11137724550898204,0.7516966067864271,0.08767936
FOODS_3_146,FOODS_3,2416,1816,20649.0,8.546771,10,277,12,5.305571,0.28581265,0.14693708609271522,0.7516556291390728,0.05387029
HOUSEHOLD_1_065,HOUSEHOLD_1,2299,1728,10509.0,4.571118,10,261,1,0.98,0.0,0.0,0.7516311439756416,0.0
HOBBIES_1_125,HOBBIES_1,687,516,1373.0,1.9985445,10,73,3,11.728675,0.28706792,0.001455604075691412,0.7510917030567685,0.024475733
FOODS_3_016,FOODS_3,1157,869,4222.0,3.6490924,10,116,2,2.9782715,0.041558553,0.001728608470181504,0.7510803802938635,0.013953917
HOUSEHOLD_1_271,HOUSEHOLD_1,1474,1107,3365.0,2.2829037,10,149,2,2.979335,0.025525682,0.0006784260515603799,0.7510176390773405,0.008567576
FOODS_3_726,FOODS_3,1731,1299,12305.0,7.108608,10,174,5,2.4921548,0.08104042,0.022530329289428077,0.7504332755632582,0.03251821
HOBBIES_1_199,HOBBIES_1,2376,1783,6898.0,2.9031987,10,256,5,3.6328874,0.24259524,0.0,0.7504208754208754,0.06677753
HOUSEHOLD_2_353,HOUSEHOLD_2,2427,1821,8517.0,3.5092707,10,244,5,4.66726,0.1960233,0.05686032138442522,0.7503090234857849,0.041999653
HOUSEHOLD_1_315,HOUSEHOLD_1,1693,1269,4228.0,2.497342,10,170,2,9.478535,0.060273044,0.0005906674542232723,0.7495569994093325,0.0063588987
FOODS_2_205,FOODS_2,2207,1654,7813.0,3.5400996,10,225,7,2.7508926,0.17780234,0.06932487539646578,0.7494336202990485,0.06463441
FOODS_2_057,FOODS_2,874,655,2161.0,2.4725401,10,106,3,3.9261327,0.11426909,0.04462242562929062,0.7494279176201373,0.029104745
FOODS_3_408,FOODS_3,2764,2071,7723.0,2.794139,10,277,8,2.9639509,0.07919531,0.020260492040520984,0.7492764109985528,0.026719509
HOUSEHOLD_2_185,HOUSEHOLD_2,1828,1369,8857.0,4.845186,10,183,2,3.340257,0.037870105,0.0,0.7489059080962801,0.011337482
HOBBIES_1_393,HOBBIES_1,1440,1078,2482.0,1.7236111,10,158,5,28.500153,0.6379389,0.002777777777777778,0.7486111111111111,0.022383701
FOODS_3_286,FOODS_3,2553,1911,12130.0,4.751273,10,271,3,3.9390285,0.20599782,0.0050920485703094395,0.7485311398354877,0.052296605
FOODS_3_518,FOODS_3,1542,1154,6401.0,4.1511025,10,163,5,2.8769002,0.05575384,0.005188067444876783,0.748378728923476,0.01937983
HOUSEHOLD_1_191,HOUSEHOLD_1,2770,2073,69936.0,25.247654,10,277,8,3.236296,0.18453364,0.05270758122743682,0.7483754512635379,0.057020016
HOUSEHOLD_2_139,HOUSEHOLD_2,2707,2025,6474.0,2.3915775,10,272,1,5.84,0.0,0.0,0.7480605836719616,0.0
HOUSEHOLD_1_067,HOUSEHOLD_1,2770,2072,17824.0,6.434657,10,277,14,4.3266244,0.23133528,0.05451263537906137,0.748014440433213,0.053467844
HOBBIES_2_059,HOBBIES_2,2729,2040,22086.0,8.093075,10,277,5,0.23190546,0.036395974,0.03810919750824478,0.7475265665078783,0.15694316
HOUSEHOLD_1_213,HOUSEHOLD_1,1116,834,6324.0,5.6666665,10,116,1,4.48,0.0,0.0,0.7473118279569892,0.0
HOUSEHOLD_2_193,HOUSEHOLD_2,2770,2070,9734.0,3.5140793,10,277,5,4.934444,0.114383735,0.002527075812274368,0.7472924187725631,0.023180673
HOUSEHOLD_2_115,HOUSEHOLD_2,2769,2069,18493.0,6.678584,10,277,8,3.5135753,0.30797687,0.018418201516793065,0.7472011556518598,0.08765341
FOODS_3_199,FOODS_3,2637,1969,18243.0,6.918089,10,264,5,2.4682329,0.13277613,0.010997345468335229,0.7466818354190368,0.053794004
FOODS_1_219,FOODS_1,2770,2068,41723.0,15.062455,10,277,8,2.1424153,0.18517846,0.07942238267148015,0.7465703971119133,0.08643444
HOUSEHOLD_2_259,HOUSEHOLD_2,2766,2065,5702.0,2.0614605,10,277,7,7.738796,0.40419358,0.011569052783803326,0.7465654374548084,0.052229516
HOUSEHOLD_1_401,HOUSEHOLD_1,2768,2066,5645.0,2.0393786,10,277,3,9.360969,0.2369655,0.000361271676300578,0.7463872832369942,0.025314208
FOODS_3_780,FOODS_3,895,668,7234.0,8.082682,10,98,2,2.9667263,0.1616633,0.0067039106145251395,0.7463687150837989,0.05449215
FOODS_1_217,FOODS_1,2770,2067,50097.0,18.08556,10,277,6,3.3242166,0.19146045,0.0184115523465704,0.7462093862815884,0.05759566
FOODS_3_241,FOODS_3,2714,2024,34952.0,12.878408,10,276,10,2.7883308,0.16450346,0.0733235077376566,0.7457627118644068,0.05899711
FOODS_1_201,FOODS_1,2770,2065,30346.0,10.955235,10,277,8,2.1589134,0.12762184,0.06787003610108304,0.7454873646209387,0.059113927
FOODS_2_036,FOODS_2,2671,1991,39618.0,14.832647,10,276,10,3.46237,0.18692939,0.12841632347435417,0.7454137027330587,0.053988855
FOODS_2_092,FOODS_2,2498,1862,19187.0,7.680945,10,276,12,3.456381,0.22071235,0.13370696557245795,0.745396317053643,0.06385648
FOODS_2_040,FOODS_2,1064,793,4792.0,4.5037594,10,112,4,2.4868891,0.08029697,0.02631578947368421,0.7453007518796992,0.03228812
HOUSEHOLD_2_043,HOUSEHOLD_2,2767,2062,5407.0,1.9541019,10,277,4,4.825367,0.17397326,0.005782435851102277,0.7452114203108059,0.036053892
HOBBIES_1_390,HOBBIES_1,2770,2064,5059.0,1.8263538,10,277,8,11.651252,0.17098705,0.005415162454873646,0.7451263537906138,0.0146754235
FOODS_3_343,FOODS_3,2428,1809,4209.0,1.7335255,10,277,10,3.4810379,0.22099186,0.0016474464579901153,0.7450576606260296,0.063484475
FOODS_2_111,FOODS_2,2007,1495,5033.0,2.5077229,10,259,10,6.0061235,0.29422888,0.09865470852017937,0.7448928749377179,0.04898815
HOBBIES_1_283,HOBBIES_1,929,692,1552.0,1.6706135,10,115,4,10.581916,0.5481394,0.016146393972012917,0.7448869752421959,0.051799636
FOODS_1_103,FOODS_1,2768,2061,19559.0,7.0661125,10,277,13,3.8974638,0.34837666,0.04335260115606936,0.7445809248554913,0.08938548
FOODS_3_077,FOODS_3,1321,983,40646.0,30.769114,10,133,5,2.7521348,0.20184116,0.267221801665405,0.7441332323996972,0.07333985
HOUSEHOLD_2_443,HOUSEHOLD_2,2770,2061,6598.0,2.3819494,10,277,4,4.6614223,0.03534794,0.004693140794223827,0.744043321299639,0.0075830803
HOUSEHOLD_1_186,HOUSEHOLD_1,2769,2060,39403.0,14.230047,10,277,7,3.1189926,0.24716885,0.05055976886962803,0.7439508847959552,0.07924637
HOBBIES_1_362,HOBBIES_1,1370,1019,2537.0,1.8518248,10,142,4,9.860693,0.28825074,0.00072992700729927,0.7437956204379562,0.0292323
FOODS_1_166,FOODS_1,2765,2056,34661.0,12.535624,10,277,7,2.1597614,0.12742786,0.06871609403254973,0.7435804701627486,0.0590009
HOUSEHOLD_2_112,HOUSEHOLD_2,2124,1579,4331.0,2.0390773,10,214,2,3.9537194,0.19991711,0.006120527306967985,0.7434086629001884,0.050564315
HOBBIES_1_088,HOBBIES_1,2766,2056,6271.0,2.2671728,10,277,1,2.57,0.0,0.0,0.7433116413593637,0.0
HOBBIES_1_239,HOBBIES_1,2769,2058,5709.0,2.0617552,10,277,1,2.9699998,0.0,0.0,0.7432286023835319,0.0
FOODS_2_386,FOODS_2,2012,1495,5971.0,2.9676938,10,224,10,2.7299356,0.18682688,0.07604373757455268,0.7430417495029821,0.06843637
FOODS_3_326,FOODS_3,2770,2058,44981.0,16.238628,10,277,8,1.3148627,0.17250225,0.11552346570397112,0.7429602888086643,0.13119411
FOODS_2_299,FOODS_2,2512,1866,38391.0,15.283041,10,277,10,1.9420024,0.1166447,0.046576433121019105,0.7428343949044586,0.06006414
FOODS_2_275,FOODS_2,2379,1766,14290.0,6.0067253,10,277,10,2.323943,0.2052716,0.0701975620008407,0.7423287095418243,0.088329025
HOUSEHOLD_2_232,HOUSEHOLD_2,2436,1808,6696.0,2.7487686,10,244,6,4.6660633,0.2008643,0.05747126436781609,0.7422003284072249,0.043047916
FOODS_3_040,FOODS_3,2091,1551,8108.0,3.8775706,10,219,7,2.4933047,0.090161644,0.015781922525107604,0.7417503586800573,0.0361615
FOODS_3_334,FOODS_3,2746,2036,24107.0,8.778952,10,276,11,2.7855535,0.16498652,0.06300072833211945,0.741442097596504,0.05922935
FOODS_2_018,FOODS_2,2386,1769,21495.0,9.008801,10,277,7,7.0808673,0.2454608,0.07208717518860017,0.7414082145850797,0.034665357
HOUSEHOLD_2_012,HOUSEHOLD_2,2385,1767,6349.0,2.6620545,10,244,6,4.6645784,0.19735977,0.053249475890985325,0.740880503144654,0.042310312
FOODS_2_297,FOODS_2,2491,1845,23346.0,9.37214,10,276,11,3.4674869,0.18620355,0.12966680048173423,0.7406663990365315,0.05369986
FOODS_2_218,FOODS_2,2548,1887,8095.0,3.1770015,10,277,14,3.803277,0.18458892,0.07456828885400314,0.7405808477237049,0.048534177
FOODS_3_164,FOODS_3,948,702,2739.0,2.8892405,10,95,4,2.7956963,0.17244148,0.05590717299578059,0.740506329113924,0.06168105
HOBBIES_1_300,HOBBIES_1,2756,2040,11691.0,4.2420173,10,277,11,9.464895,0.2804773,0.06494920174165457,0.7402031930333817,0.029633427
HOUSEHOLD_2_003,HOUSEHOLD_2,2766,2047,7585.0,2.742227,10,277,7,9.20867,0.33196244,0.05278380332610268,0.740057845263919,0.036048904
HOUSEHOLD_2_265,HOUSEHOLD_2,2196,1625,4832.0,2.2003644,10,229,4,4.9656873,0.12856321,0.001366120218579235,0.7399817850637522,0.025890315
FOODS_2_290,FOODS_2,946,700,6965.0,7.3625793,10,103,5,2.670666,0.20878606,0.08350951374207188,0.7399577167019028,0.07817753
HOBBIES_1_007,HOBBIES_1,1957,1448,3074.0,1.5707716,10,202,5,7.880235,0.11833044,0.0025549310168625446,0.7399080224833929,0.015016105
FOODS_3_238,FOODS_3,2680,1981,28917.0,10.789926,10,277,5,3.621,0.12235394,0.08171641791044776,0.7391791044776119,0.033790097
HOBBIES_1_187,HOBBIES_1,2758,2038,5471.0,1.9836838,10,277,8,6.9747972,0.15689488,0.0007251631617113851,0.7389412617839014,0.022494543
HOUSEHOLD_1_314,HOUSEHOLD_1,835,617,2305.0,2.760479,10,97,1,7.9799995,0.0,0.0,0.7389221556886227,0.0
HOBBIES_2_033,HOBBIES_2,2693,1989,13245.0,4.918307,10,275,5,2.7728333,0.111092985,0.0003713330857779428,0.7385815076123282,0.04006479
HOUSEHOLD_1_464,HOUSEHOLD_1,2735,2020,5968.0,2.182084,10,277,8,9.353565,0.2992129,0.005484460694698354,0.7385740402193784,0.031989183
HOUSEHOLD_2_024,HOUSEHOLD_2,1740,1285,5309.0,3.0511494,10,175,2,2.2195861,0.01726068,0.0005747126436781609,0.7385057471264368,0.007776531
FOODS_3_210,FOODS_3,2130,1573,5216.0,2.4488263,10,216,4,2.0594084,0.1061537,0.015492957746478873,0.7384976525821596,0.051545724
FOODS_2_028,FOODS_2,1403,1036,7426.0,5.2929435,10,144,6,3.8411262,0.07684038,0.015680684248039915,0.7384176764076978,0.020004649
HOUSEHOLD_1_299,HOUSEHOLD_1,1532,1131,8666.0,5.656658,10,161,4,4.9928327,0.17835762,0.0013054830287206266,0.7382506527415144,0.03572273
FOODS_3_662,FOODS_3,1245,919,4489.0,3.6056225,10,132,5,2.4988031,0.089400984,0.03453815261044177,0.738152610441767,0.03577752
HOUSEHOLD_2_001,HOUSEHOLD_2,2767,2042,5674.0,2.0505962,10,277,7,6.5863066,0.2109877,0.006505240332490061,0.737983375496928,0.032034297
FOODS_1_065,FOODS_1,2769,2043,11763.0,4.248104,10,277,8,3.284229,0.28536656,0.05994944023113037,0.7378114842903575,0.08688997
FOODS_2_377,FOODS_2,942,695,5775.0,6.1305733,10,103,5,2.6807005,0.15202263,0.08386411889596602,0.7377919320594479,0.05671004
HOUSEHOLD_1_496,HOUSEHOLD_1,804,593,1925.0,2.3942785,10,97,2,7.932861,0.011619819,0.0,0.7375621890547264,0.0014647703
FOODS_1_157,FOODS_1,1501,1107,5623.0,3.7461693,10,151,27,5.323631,0.6663824,0.014656895403064623,0.737508327781479,0.12517442
FOODS_3_398,FOODS_3,2770,2041,16629.0,6.003249,10,277,6,6.0235233,0.4453699,0.09783393501805054,0.7368231046931408,0.07393844
HOUSEHOLD_1_175,HOUSEHOLD_1,2757,2031,13778.0,4.997461,10,277,6,4.857356,0.15247978,0.04896626768226333,0.7366702937976061,0.03139152
HOBBIES_1_280,HOBBIES_1,2753,2027,9164.0,3.3287323,10,277,9,10.754544,0.4158988,0.05194333454413367,0.7362876861605522,0.038671914
HOUSEHOLD_1_073,HOUSEHOLD_1,2692,1982,8293.0,3.0806093,10,277,5,8.440595,0.31928608,0.001114413075780089,0.736255572065379,0.03782744
FOODS_2_191,FOODS_2,917,675,4272.0,4.6586695,10,97,3,8.878583,0.26529238,0.013086150490730643,0.7360959651035986,0.029880036
FOODS_3_039,FOODS_3,2697,1985,54558.0,20.229143,10,274,4,4.035914,0.1416156,0.06266221727845754,0.7360029662588061,0.035088856
FOODS_2_341,FOODS_2,969,713,2845.0,2.9360166,10,115,3,2.4924457,0.06877847,0.018575851393188854,0.7358101135190919,0.027594771
FOODS_3_357,FOODS_3,2762,2032,13763.0,4.982983,10,277,9,4.08143,0.25280496,0.1332367849384504,0.7356987690079653,0.061940294
HOBBIES_1_347,HOBBIES_1,2057,1513,3853.0,1.8731161,10,224,2,9.877627,0.10759763,0.0004861448711716091,0.7355371900826446,0.010893064
HOUSEHOLD_2_346,HOUSEHOLD_2,1822,1340,10230.0,5.614709,10,274,2,3.3108013,0.07726739,0.0,0.7354555433589463,0.023337973
HOUSEHOLD_1_477,HOUSEHOLD_1,2676,1968,9776.0,3.6532137,10,277,7,13.0510235,0.64560664,0.005605381165919282,0.7354260089686099,0.04946789
HOUSEHOLD_1_367,HOUSEHOLD_1,2672,1965,4285.0,1.6036676,10,269,1,3.97,0.0,0.0,0.7354041916167665,0.0
HOUSEHOLD_2_064,HOUSEHOLD_2,2719,1999,7134.0,2.6237588,10,277,2,3.8692641,0.0383553,0.0003677822728944465,0.7351967635159985,0.009912815
HOUSEHOLD_2_285,HOUSEHOLD_2,2768,2035,5684.0,2.0534682,10,277,11,4.670224,0.1993327,0.014450867052023121,0.7351878612716763,0.042681612
HOUSEHOLD_1_018,HOUSEHOLD_1,2175,1599,12091.0,5.5590806,10,277,2,10.055747,0.18851349,0.0,0.7351724137931035,0.01874684
HOBBIES_2_075,HOBBIES_2,2696,1982,18542.0,6.8775964,10,275,6,2.771621,0.12319624,0.000741839762611276,0.7351632047477745,0.044449165
FOODS_2_237,FOODS_2,2439,1792,10712.0,4.391964,10,277,7,2.4716976,0.17989694,0.026650266502665027,0.7347273472734728,0.07278275
FOODS_2_124,FOODS_2,2196,1613,8043.0,3.6625683,10,277,15,2.6748269,0.20586482,0.03642987249544627,0.7345173041894353,0.07696379
FOODS_2_359,FOODS_2,2425,1781,25696.0,10.596289,10,277,10,1.9571422,0.12381201,0.03793814432989691,0.7344329896907217,0.063261636
FOODS_3_620,FOODS_3,2439,1791,8516.0,3.491595,10,245,7,6.5665684,0.35459757,0.03280032800328003,0.7343173431734318,0.054000437
HOBBIES_1_318,HOBBIES_1,1128,828,2521.0,2.234929,10,114,2,4.196596,0.1405369,0.11524822695035461,0.7340425531914894,0.033488307
HOUSEHOLD_2_058,HOUSEHOLD_2,1331,977,2440.0,1.8332081,10,136,1,9.97,0.0,0.0,0.7340345604808415,0.0
FOODS_3_206,FOODS_3,2229,1636,13406.0,6.014356,10,277,5,2.5131986,0.0829637,0.00762673844773441,0.7339614176760879,0.033011198
HOUSEHOLD_2_031,HOUSEHOLD_2,1773,1300,3749.0,2.1144953,10,179,1,5.94,0.0,0.0,0.7332205301748449,0.0
HOBBIES_1_208,HOBBIES_1,1671,1225,5691.0,3.405745,10,176,2,3.2394075,0.024218485,0.0005984440454817474,0.7330939557151407,0.0074762083
FOODS_3_018,FOODS_3,1015,744,3988.0,3.929064,10,105,4,4.493281,0.10863132,0.015763546798029555,0.7330049261083744,0.024176393
HOUSEHOLD_1_335,HOUSEHOLD_1,1887,1383,4110.0,2.1780605,10,198,18,8.959857,0.5873948,0.01695813460519343,0.7329093799682035,0.0655585
FOODS_1_101,FOODS_1,2747,2013,11237.0,4.0906444,10,277,3,1.9767056,0.05775316,0.0032763014197306154,0.7327994175464143,0.029216876
HOUSEHOLD_2_017,HOUSEHOLD_2,864,633,1502.0,1.738426,10,92,1,3.72,0.0,0.0,0.7326388888888888,0.0
HOBBIES_1_195,HOBBIES_1,2689,1970,6565.0,2.441428,10,277,6,11.203459,0.27810383,0.01004090740052064,0.7326143547787282,0.024823032
FOODS_2_190,FOODS_2,2385,1747,8793.0,3.6867924,10,277,14,2.7209895,0.2625206,0.12075471698113208,0.7324947589098533,0.09647983
FOODS_2_132,FOODS_2,1778,1301,6997.0,3.9353206,10,216,10,2.7123396,0.22326413,0.11192350956130484,0.7317210348706412,0.08231422
HOUSEHOLD_2_133,HOUSEHOLD_2,2753,2014,5475.0,1.9887396,10,276,7,4.963371,0.12144077,0.0032691609153650564,0.7315655648383581,0.024467397
HOUSEHOLD_1_278,HOUSEHOLD_1,2429,1775,7245.0,2.982709,10,277,8,6.1794605,0.40293753,0.044462741869081925,0.7307533964594484,0.06520594
HOUSEHOLD_1_309,HOUSEHOLD_1,2770,2022,5798.0,2.0931408,10,277,8,6.798491,0.30082238,0.004693140794223827,0.7299638989169676,0.044248406
FOODS_2_017,FOODS_2,785,573,2219.0,2.8267517,10,82,6,3.6884074,0.17067882,0.10828025477707007,0.729936305732484,0.046274394
FOODS_2_168,FOODS_2,977,713,2194.0,2.24565,10,106,3,3.9277174,0.11453673,0.052200614124872056,0.72978505629478,0.029161144
HOUSEHOLD_2_272,HOUSEHOLD_2,1480,1080,3173.0,2.143919,10,152,3,5.4635944,0.06437758,0.011486486486486487,0.7297297297297297,0.011783009
HOBBIES_1_163,HOBBIES_1,2752,2007,4577.0,1.6631541,10,277,5,9.358329,0.6339114,0.014898255813953489,0.7292877906976745,0.06773767
FOODS_3_647,FOODS_3,687,501,7242.0,10.541485,10,70,3,1.183115,0.1036093,0.15138282387190685,0.7292576419213974,0.08757331
FOODS_1_104,FOODS_1,2770,2020,37233.0,13.441516,10,277,6,3.3254693,0.18581787,0.01407942238267148,0.7292418772563177,0.055877186
FOODS_2_004,FOODS_2,1439,1049,10963.0,7.618485,10,144,6,3.833287,0.08211631,0.022932592077831826,0.7289784572619875,0.021421906
HOBBIES_1_133,HOBBIES_1,2025,1476,4299.0,2.122963,10,204,4,12.626257,0.33068603,0.0,0.7288888888888889,0.026190346
HOUSEHOLD_2_367,HOUSEHOLD_2,2766,2016,4637.0,1.6764281,10,277,5,7.170264,0.26774034,0.005061460592913955,0.7288503253796096,0.037340377
HOBBIES_2_067,HOBBIES_2,896,653,1507.0,1.6819197,10,93,1,2.97,0.0,0.0,0.7287946428571429,0.0
FOODS_2_160,FOODS_2,2379,1733,4396.0,1.8478352,10,277,6,2.8305802,0.17658025,0.005044136191677175,0.7284573350147121,0.06238306
HOUSEHOLD_1_386,HOUSEHOLD_1,1818,1324,28180.0,15.50055,10,211,3,2.939274,0.03494195,0.0,0.7282728272827282,0.011887952
HOUSEHOLD_2_167,HOUSEHOLD_2,953,694,4032.0,4.2308497,10,102,1,2.88,0.0,0.0,0.7282266526757608,0.0
FOODS_1_005,FOODS_1,2767,2015,23383.0,8.450668,10,277,10,3.3255656,0.19590314,0.014094687387061799,0.728225514998193,0.058908217
HOUSEHOLD_2_471,HOUSEHOLD_2,2767,2015,6744.0,2.4372966,10,277,6,3.1407409,0.25034148,0.009757860498735092,0.728225514998193,0.07970778
HOBBIES_2_100,HOBBIES_2,2752,2004,5733.0,2.0832121,10,277,4,0.8444695,0.066669285,0.03306686046511628,0.7281976744186046,0.078948125
FOODS_3_004,FOODS_3,1551,1129,3873.0,2.4970987,10,157,3,5.060703,0.82445204,0.0,0.7279174725983236,0.16291256
FOODS_1_034,FOODS_1,2640,1921,6477.0,2.4534092,10,267,30,6.4514775,1.1735065,0.05454545454545454,0.7276515151515152,0.18189733
HOBBIES_1_296,HOBBIES_1,2767,2013,6285.0,2.271413,10,277,8,7.155262,0.32466957,0.0007228044813877846,0.7275027105168052,0.045374937
HOBBIES_1_236,HOBBIES_1,2708,1970,25077.0,9.26034,10,272,6,11.774033,0.4677354,0.0048005908419497785,0.7274741506646972,0.039726015
FOODS_2_023,FOODS_2,1031,750,6677.0,6.476237,10,109,2,1.2737536,0.04137178,0.020368574199806012,0.7274490785645005,0.032480206
FOODS_3_266,FOODS_3,2718,1977,7933.0,2.9186902,10,273,14,3.7855778,0.16460554,0.05849889624724062,0.7273730684326711,0.043482278
FOODS_3_558,FOODS_3,2666,1939,9401.0,3.5262566,10,277,7,2.9904125,0.12773792,0.05776444111027757,0.7273068267066767,0.04271582
FOODS_2_288,FOODS_2,2760,2007,14894.0,5.3963766,10,277,11,2.7543044,0.23408137,0.10543478260869565,0.7271739130434782,0.08498748
HOUSEHOLD_1_206,HOUSEHOLD_1,2767,2012,6639.0,2.3993495,10,277,5,4.8757534,0.1803444,0.0003614022406938923,0.7271413082761113,0.03698801
FOODS_3_538,FOODS_3,1990,1447,14466.0,7.2693467,10,202,6,1.4098743,0.08217161,0.06582914572864322,0.7271356783919598,0.058282934
FOODS_2_339,FOODS_2,2671,1942,19365.0,7.2500935,10,276,14,3.455657,0.20630425,0.14002246349681768,0.7270685136652939,0.05970044
FOODS_2_161,FOODS_2,2275,1654,4085.0,1.7956043,10,271,4,7.177952,0.25877497,0.004835164835164835,0.727032967032967,0.036051366
FOODS_1_111,FOODS_1,1077,783,2303.0,2.1383471,10,117,1,5.98,0.0,0.0,0.7270194986072424,0.0
FOODS_3_686,FOODS_3,2679,1947,8985.0,3.3538635,10,277,5,3.734356,0.18502036,0.05412467338559164,0.7267637178051511,0.049545452
HOBBIES_1_191,HOBBIES_1,1127,819,1864.0,1.6539485,10,116,2,8.9629545,0.16716704,0.001774622892635315,0.7267080745341615,0.018650886
HOUSEHOLD_2_377,HOUSEHOLD_2,2751,1999,5187.0,1.8854961,10,277,8,4.95743,0.17143895,0.0061795710650672485,0.7266448564158487,0.034582224
HOBBIES_1_309,HOBBIES_1,2758,2004,7430.0,2.6939812,10,277,5,5.113571,0.055908468,0.0007251631617113851,0.7266134880348079,0.010933351
HOBBIES_1_240,HOBBIES_1,2480,1802,8140.0,3.282258,10,260,9,2.8808227,0.17283264,0.07016129032258064,0.7266129032258064,0.059994195
HOUSEHOLD_1_433,HOUSEHOLD_1,968,703,1758.0,1.8161157,10,101,4,8.9575615,0.22768803,0.0030991735537190084,0.7262396694214877,0.025418527
FOODS_2_026,FOODS_2,2770,2011,31536.0,11.384837,10,277,9,2.335971,0.19715367,0.06534296028880866,0.7259927797833935,0.08439902
HOBBIES_2_009,HOBBIES_2,2769,2010,7373.0,2.6626942,10,277,7,5.30282,0.6565672,0.04730949801372337,0.7258938244853738,0.123814724
HOUSEHOLD_1_244,HOUSEHOLD_1,1393,1011,5508.0,3.954056,10,160,2,3.1680403,0.2100663,0.08399138549892318,0.7257717157214645,0.06630796
FOODS_3_317,FOODS_3,2770,2010,33800.0,12.202166,10,277,12,1.0490974,0.09408804,0.21588447653429602,0.7256317689530686,0.08968475
FOODS_1_186,FOODS_1,2131,1546,5564.0,2.6109807,10,220,4,5.976964,0.089471206,0.0014077897700610043,0.7254809948381041,0.01496934
HOUSEHOLD_1_366,HOUSEHOLD_1,2473,1794,46002.0,18.601698,10,248,3,5.955536,0.07131314,0.0040436716538617065,0.7254346947027901,0.011974261
FOODS_3_198,FOODS_3,1595,1157,4913.0,3.0802507,10,171,5,5.8795233,0.56031114,0.03260188087774295,0.7253918495297805,0.09529874
FOODS_2_291,FOODS_2,2614,1896,30244.0,11.570007,10,277,10,7.014518,0.40374324,0.09181331293037491,0.7253251721499617,0.05755823
FOODS_3_380,FOODS_3,2767,2006,5059.0,1.828334,10,277,3,1.9917095,0.032936588,0.0,0.7249728948319479,0.016536843
HOBBIES_2_147,HOBBIES_2,1486,1077,3300.0,2.2207267,10,161,1,0.97,0.0,0.0,0.724764468371467,0.0
HOBBIES_2_142,HOBBIES_2,2749,1992,24946.0,9.074573,10,277,5,0.23127684,0.036309052,0.04183339396144052,0.7246271371407784,0.1569939
FOODS_2_022,FOODS_2,2425,1757,19957.0,8.229691,10,277,9,7.055406,0.26268694,0.07298969072164949,0.7245360824742269,0.037232008
FOODS_3_593,FOODS_3,2524,1828,8386.0,3.322504,10,255,9,6.5205107,0.435237,0.032091917591125195,0.7242472266244057,0.06674891
FOODS_3_748,FOODS_3,2548,1845,11528.0,4.524333,10,266,2,3.9052749,0.043467212,0.0,0.7240973312401884,0.011130385
FOODS_2_118,FOODS_2,2160,1564,10457.0,4.8412037,10,277,13,2.9857268,0.2579156,0.04351851851851852,0.7240740740740741,0.08638285
FOODS_2_219,FOODS_2,2405,1741,10514.0,4.3717256,10,277,12,2.7413888,0.2312154,0.11060291060291061,0.7239085239085239,0.084342435
HOUSEHOLD_1_062,HOUSEHOLD_1,2494,1805,21259.0,8.524057,10,277,1,4.98,0.0,0.0,0.7237369687249399,0.0
HOUSEHOLD_2_401,HOUSEHOLD_2,1791,1295,7521.0,4.19933,10,274,2,3.3086264,0.08124112,0.0,0.7230597431602457,0.024554336
FOODS_2_233,FOODS_2,2605,1883,43000.0,16.506718,10,277,10,4.3327756,0.3294244,0.014971209213051824,0.7228406909788867,0.076030806
HOBBIES_1_135,HOBBIES_1,1283,927,2016.0,1.5713172,10,149,3,19.805696,0.8816617,0.010911925175370226,0.7225253312548714,0.04451556
HOUSEHOLD_2_457,HOUSEHOLD_2,2770,2001,7494.0,2.7054152,10,277,4,6.462527,0.1436451,0.013718411552346571,0.7223826714801445,0.022227388
HOUSEHOLD_2_273,HOUSEHOLD_2,2764,1996,6732.0,2.4356005,10,277,5,5.27106,0.07154668,0.011577424023154847,0.7221418234442837,0.01357349
FOODS_3_644,FOODS_3,2540,1833,29509.0,11.617717,10,277,5,1.7316023,0.15856633,0.08937007874015748,0.7216535433070866,0.091572024
HOUSEHOLD_2_062,HOUSEHOLD_2,2767,1996,12446.0,4.498012,10,277,6,2.9274957,0.04635112,0.0007228044813877846,0.7213588724250091,0.015833028
FOODS_3_414,FOODS_3,2146,1548,8437.0,3.9315004,10,220,5,5.0688815,0.17070253,0.0130475302889096,0.7213420316868593,0.03367657
HOBBIES_1_128,HOBBIES_1,2759,1990,4757.0,1.7241755,10,277,9,8.522533,0.36784387,0.013048205871692642,0.7212758245741211,0.04316133
HOUSEHOLD_1_525,HOUSEHOLD_1,2770,1997,6526.0,2.3559568,10,277,10,4.0298557,0.17815812,0.008664259927797834,0.7209386281588448,0.04420955
HOUSEHOLD_1_059,HOUSEHOLD_1,2764,1991,18425.0,6.666064,10,277,8,2.927308,0.14669377,0.015195369030390739,0.7203328509406657,0.050112173
HOUSEHOLD_1_326,HOUSEHOLD_1,2763,1990,9705.0,3.5124865,10,277,9,4.8595657,0.13660899,0.04668838219326819,0.7202316322837495,0.028111357
HOUSEHOLD_2_423,HOUSEHOLD_2,2770,1995,11547.0,4.168592,10,277,7,3.5127327,0.30338857,0.020577617328519857,0.720216606498195,0.08636825
HOUSEHOLD_2_497,HOUSEHOLD_2,2766,1992,5564.0,2.011569,10,277,8,5.7937856,0.53427327,0.004699927693420101,0.720173535791757,0.09221488
FOODS_3_670,FOODS_3,2769,1994,5946.0,2.1473455,10,277,5,1.9896785,0.040233284,0.00288912964969303,0.7201155651859877,0.020220997
HOUSEHOLD_1_451,HOUSEHOLD_1,2161,1556,5525.0,2.5566866,10,218,5,6.953855,0.31461146,0.04257288292457196,0.7200370198981952,0.04524274
FOODS_3_742,FOODS_3,2605,1875,33518.0,12.866795,10,277,7,1.2174357,0.13475083,0.17619961612284069,0.7197696737044146,0.11068414
FOODS_2_195,FOODS_2,2371,1706,7966.0,3.3597639,10,277,14,3.1773767,0.2908407,0.05693800084352594,0.7195276254744833,0.091534846
HOUSEHOLD_1_313,HOUSEHOLD_1,2770,1993,11532.0,4.163177,10,277,8,4.1999784,0.25820464,0.0555956678700361,0.7194945848375451,0.061477613
HOUSEHOLD_2_338,HOUSEHOLD_2,1108,797,1917.0,1.7301444,10,114,1,4.92,0.0,0.0,0.7193140794223827,0.0
HOUSEHOLD_1_223,HOUSEHOLD_1,2440,1755,10916.0,4.4737706,10,248,4,9.463673,0.12597159,0.004098360655737705,0.7192622950819673,0.013311068
HOUSEHOLD_2_071,HOUSEHOLD_2,2717,1954,6593.0,2.4265735,10,277,5,6.399518,0.21820045,0.06919396393080604,0.7191755612808245,0.034096386
HOUSEHOLD_1_182,HOUSEHOLD_1,2768,1990,11200.0,4.0462427,10,277,11,4.1941257,0.2699249,0.058164739884393066,0.7189306358381503,0.06435785
FOODS_3_722,FOODS_3,964,693,3972.0,4.120332,10,101,4,2.5026765,0.05068886,0.006224066390041493,0.7188796680497925,0.02025386
HOUSEHOLD_2_079,HOUSEHOLD_2,2697,1938,4453.0,1.6510938,10,277,3,4.476848,0.059841566,0.005190952910641453,0.7185761957730812,0.013366897
HOUSEHOLD_2_066,HOUSEHOLD_2,778,559,1365.0,1.7544987,10,81,1,6.9399996,0.0,0.0,0.718508997429306,0.0
HOUSEHOLD_1_054,HOUSEHOLD_1,923,663,1650.0,1.7876489,10,96,1,3.92,0.0,0.0,0.7183098591549296,0.0
FOODS_1_123,FOODS_1,2760,1982,15715.0,5.6938405,10,277,8,3.3224747,0.19969746,0.017028985507246377,0.7181159420289855,0.060105037
FOODS_2_198,FOODS_2,2376,1706,23012.0,9.685185,10,277,9,9.35088,0.47691235,0.05092592592592592,0.718013468013468,0.05100187
FOODS_3_285,FOODS_3,2763,1983,54026.0,19.553385,10,277,9,1.2124032,0.13423537,0.18096272167933405,0.7176981541802389,0.11071842
HOBBIES_1_142,HOBBIES_1,2267,1627,28589.0,12.61094,10,236,2,0.94457877,0.015933344,0.04278782531980591,0.717688575209528,0.0168682
FOODS_1_124,FOODS_1,2750,1973,18134.0,6.594182,10,277,7,2.1556036,0.15083127,0.025454545454545455,0.7174545454545455,0.06997171
FOODS_2_170,FOODS_2,2603,1867,26189.0,10.061084,10,262,10,2.9716482,0.26959205,0.0457164809834806,0.7172493276988091,0.09072138
HOUSEHOLD_2_119,HOUSEHOLD_2,2705,1940,6582.0,2.4332716,10,272,1,5.84,0.0,0.0,0.7171903881700554,0.0
HOBBIES_1_002,HOBBIES_1,2669,1914,5107.0,1.9134507,10,272,3,3.9674113,0.06878908,0.0014986886474334957,0.7171225177969277,0.01733853
HOBBIES_1_051,HOBBIES_1,1610,1154,2639.0,1.6391305,10,163,1,5.98,0.0,0.0,0.7167701863354037,0.0
FOODS_3_341,FOODS_3,2370,1698,6847.0,2.8890295,10,277,7,3.9314263,0.17299534,0.009704641350210971,0.7164556962025317,0.044003204
HOUSEHOLD_1_298,HOUSEHOLD_1,2191,1567,8848.0,4.0383387,10,221,6,3.6243358,0.4211244,0.01323596531264263,0.7151985394796896,0.11619354
HOUSEHOLD_2_153,HOUSEHOLD_2,1025,733,2534.0,2.4721951,10,103,5,9.413484,0.49737334,0.006829268292682927,0.7151219512195122,0.05283627
HOUSEHOLD_1_293,HOUSEHOLD_1,1173,838,7409.0,6.316283,10,118,4,12.366062,0.40232998,0.06479113384484228,0.7144075021312873,0.032535013
FOODS_2_251,FOODS_2,2380,1700,20566.0,8.641176,10,277,6,7.628647,0.42770144,0.06470588235294118,0.7142857142857143,0.05606518
HOUSEHOLD_1_203,HOUSEHOLD_1,2764,1974,15700.0,5.680174,10,277,5,4.954392,0.08624021,0.005426917510853835,0.7141823444283647,0.01740682
FOODS_3_370,FOODS_3,969,692,23220.0,23.962849,10,120,3,6.7932096,0.25851396,0.013415892672858616,0.7141382868937048,0.03805476
FOODS_3_244,FOODS_3,2676,1911,5591.0,2.0893123,10,277,8,9.6233225,0.5559942,0.008968609865470852,0.7141255605381166,0.057775702
HOUSEHOLD_1_437,HOUSEHOLD_1,2769,1977,34531.0,12.470567,10,277,6,3.235988,0.18137038,0.05236547490068617,0.71397616468039,0.056047916
FOODS_3_213,FOODS_3,2755,1967,27181.0,9.866062,10,277,11,2.1944065,0.22389363,0.0954627949183303,0.7139745916515426,0.10202924
HOUSEHOLD_1_089,HOUSEHOLD_1,2692,1922,6793.0,2.5234027,10,277,8,5.086634,0.20061176,0.002228826151560178,0.7139673105497771,0.039438996
FOODS_3_091,FOODS_3,2673,1908,12224.0,4.5731387,10,277,7,6.0719943,0.4039979,0.05312383090160868,0.7138047138047138,0.06653463
FOODS_3_055,FOODS_3,2194,1566,8360.0,3.810392,10,225,13,3.2656064,0.27550265,0.06472196900638104,0.7137648131267093,0.08436493
HOBBIES_1_027,HOBBIES_1,1173,837,2088.0,1.7800511,10,118,3,19.969582,0.7095455,0.00937766410912191,0.7135549872122762,0.035531316
HOBBIES_1_207,HOBBIES_1,2768,1975,5925.0,2.1405346,10,277,5,2.708786,0.09184991,0.0,0.7135115606936416,0.033908144
FOODS_2_329,FOODS_2,2379,1697,6368.0,2.676755,10,277,14,3.4334972,0.5292465,0.047078604455653636,0.7133249264396805,0.15414211
HOUSEHOLD_2_431,HOUSEHOLD_2,2751,1962,5624.0,2.0443475,10,277,6,9.429161,0.2639993,0.010905125408942203,0.7131952017448201,0.027998175
HOBBIES_1_293,HOBBIES_1,2524,1800,4297.0,1.7024565,10,253,2,3.6180348,0.14475735,0.0,0.7131537242472267,0.04000994
HOUSEHOLD_1_166,HOUSEHOLD_1,2589,1846,11819.0,4.565083,10,277,7,4.949718,0.1524279,0.005793742757821553,0.7130166087292391,0.030795269
FOODS_3_008,FOODS_3,1620,1155,28507.0,17.596914,10,169,5,0.76123464,0.05186772,0.09506172839506173,0.7129629629629629,0.06813631
FOODS_2_249,FOODS_2,951,678,7332.0,7.7097793,10,101,8,3.0845003,0.3921484,0.06624605678233439,0.7129337539432177,0.12713514
HOUSEHOLD_2_244,HOUSEHOLD_2,2732,1947,7101.0,2.5991948,10,277,4,3.9724302,0.040469877,0.005124450951683748,0.7126647144948756,0.010187687
HOUSEHOLD_2_070,HOUSEHOLD_2,2749,1958,8404.0,3.0571117,10,277,4,2.9698617,0.054379344,0.005092761004001455,0.7122590032739178,0.018310396
HOUSEHOLD_2_434,HOUSEHOLD_2,2356,1678,9162.0,3.8887947,10,277,1,1.8799999,0.0,0.0,0.7122241086587436,0.0
HOUSEHOLD_1_427,HOUSEHOLD_1,2469,1757,53233.0,21.56055,10,248,3,5.949923,0.0996633,0.01012555690562981,0.711624139327663,0.01675035
FOODS_3_530,FOODS_3,1948,1385,47097.0,24.177105,10,264,3,1.6262525,0.065615624,0.0,0.7109856262833676,0.040347748
FOODS_3_281,FOODS_3,2763,1964,178919.0,64.75534,10,277,10,1.2136409,0.13455074,0.17951501990589938,0.7108215707564242,0.110865355
FOODS_3_627,FOODS_3,2638,1875,9073.0,3.439348,10,271,7,2.8349054,0.0982095,0.04814253222137983,0.7107657316148598,0.034642953
HOUSEHOLD_1_274,HOUSEHOLD_1,684,486,1892.0,2.7660818,10,74,2,4.9313745,0.15940091,0.0029239766081871343,0.7105263157894737,0.03232383
FOODS_2_135,FOODS_2,2669,1896,20257.0,7.589734,10,277,11,2.3180068,0.20585854,0.07006369426751592,0.710378418883477,0.08880843
FOODS_2_107,FOODS_2,2388,1696,15083.0,6.316164,10,277,15,1.9684675,0.08446236,0.09840871021775545,0.7102177554438861,0.042907674
HOUSEHOLD_1_340,HOUSEHOLD_1,2766,1964,4581.0,1.6561822,10,277,5,4.959859,0.11754675,0.0014461315979754157,0.7100506146059291,0.023699617
HOBBIES_2_070,HOBBIES_2,876,622,1637.0,1.8687215,10,99,3,9.961348,0.18957822,0.00228310502283105,0.7100456621004566,0.019031383
FOODS_3_214,FOODS_3,2770,1966,26409.0,9.533935,10,277,16,1.0475379,0.0981306,0.21552346570397113,0.7097472924187725,0.09367737
HOUSEHOLD_1_310,HOUSEHOLD_1,2770,1966,33639.0,12.144043,10,277,4,7.4862957,0.44194922,0.10469314079422383,0.7097472924187725,0.059034433
FOODS_3_769,FOODS_3,2763,1961,75047.0,27.161419,10,277,8,1.2171046,0.13283332,0.17227651103872602,0.7097357944263482,0.10913879
FOODS_1_125,FOODS_1,1226,870,4480.0,3.6541598,10,135,5,5.137863,0.2032753,0.01631321370309951,0.7096247960848288,0.03956417
HOBBIES_2_007,HOBBIES_2,2765,1961,6894.0,2.4933093,10,277,2,0.97217,0.020722996,0.009403254972875226,0.7092224231464738,0.021316227
FOODS_1_158,FOODS_1,2369,1680,6196.0,2.6154497,10,240,5,4.68092,0.22399248,0.058674546222034614,0.7091599831152385,0.047852233
HOBBIES_1_048,HOBBIES_1,2660,1886,77772.0,29.237595,10,277,7,0.46999627,0.040127195,0.06390977443609022,0.7090225563909774,0.085377686
HOUSEHOLD_2_155,HOUSEHOLD_2,2769,1962,5957.0,2.151318,10,277,7,6.588241,0.21575986,0.031058143734200072,0.7085590465872156,0.032749236
FOODS_3_148,FOODS_3,2770,1962,41899.0,15.125993,10,277,12,1.0512383,0.09606194,0.2072202166064982,0.7083032490974729,0.09137979
FOODS_3_264,FOODS_3,1657,1173,6976.0,4.210018,10,277,4,3.8960533,0.1283794,0.0,0.7079058539529269,0.032951143
FOODS_1_117,FOODS_1,2757,1951,14219.0,5.1574173,10,277,8,2.1609612,0.12275466,0.023213638012332245,0.7076532462821908,0.056805585
FOODS_2_155,FOODS_2,980,693,3226.0,3.2918367,10,114,3,2.4877346,0.079200365,0.025510204081632654,0.7071428571428572,0.031836342
FOODS_3_745,FOODS_3,2144,1516,4551.0,2.122668,10,217,3,2.052444,0.096546054,0.013059701492537313,0.707089552238806,0.047039557
FOODS_2_319,FOODS_2,2215,1566,6719.0,3.0334086,10,277,17,2.6361444,0.30664298,0.06139954853273138,0.7069977426636569,0.116322525
HOUSEHOLD_2_498,HOUSEHOLD_2,1017,719,2962.0,2.9124877,10,112,2,2.9779942,0.0060108085,0.0,0.7069813176007866,0.0020184084
FOODS_3_336,FOODS_3,2770,1958,16720.0,6.036101,10,277,7,2.5331588,0.20220013,0.04296028880866426,0.7068592057761733,0.07982134
HOBBIES_2_120,HOBBIES_2,2769,1957,7471.0,2.698086,10,277,4,2.423911,0.14804426,0.0527266161068978,0.7067533405561575,0.061076604
HOUSEHOLD_2_359,HOUSEHOLD_2,1023,723,2066.0,2.0195503,10,104,4,9.408837,0.5519748,0.0019550342130987292,0.7067448680351907,0.058665566
FOODS_3_270,FOODS_3,1247,881,3252.0,2.607859,10,127,3,2.9788294,0.030892173,0.0008019246190858059,0.706495589414595,0.010370575
FOODS_3_666,FOODS_3,2770,1956,15495.0,5.593863,10,277,8,2.534065,0.20201355,0.038628158844765344,0.7061371841155235,0.07971917
HOUSEHOLD_1_276,HOUSEHOLD_1,2524,1782,3475.0,1.3767829,10,255,4,17.16353,1.0656683,0.001584786053882726,0.7060221870047544,0.06208911
HOBBIES_1_255,HOBBIES_1,2143,1513,6689.0,3.1213253,10,222,7,1.8766589,0.042194016,0.008866075594960336,0.7060195986934205,0.022483584
FOODS_2_158,FOODS_2,976,689,8632.0,8.844262,10,109,2,1.2722541,0.045945793,0.02459016393442623,0.7059426229508197,0.03611369
FOODS_1_159,FOODS_1,1506,1063,5578.0,3.7038512,10,151,29,5.335724,0.66338736,0.055776892430278883,0.7058432934926959,0.1243294
HOBBIES_1_215,HOBBIES_1,2762,1949,8789.0,3.1821144,10,277,12,10.7458105,0.4500456,0.05322230267921796,0.7056480811006517,0.04188103
HOBBIES_1_166,HOBBIES_1,1968,1388,11224.0,5.703252,10,199,4,11.197225,0.7152867,0.2027439024390244,0.7052845528455285,0.06388071
HOUSEHOLD_1_207,HOUSEHOLD_1,2624,1850,8452.0,3.2210367,10,277,8,7.9354954,0.2767302,0.007621951219512195,0.7050304878048781,0.034872457
HOUSEHOLD_1_150,HOUSEHOLD_1,2093,1475,4002.0,1.9120879,10,221,5,12.241013,0.35833585,0.002866698518872432,0.7047300525561395,0.029273383
FOODS_2_094,FOODS_2,1029,725,3783.0,3.676385,10,109,3,1.2729154,0.044024814,0.022351797862001945,0.7045675413022352,0.034585815
FOODS_2_277,FOODS_2,1025,722,5697.0,5.5580487,10,109,3,1.2704976,0.05321358,0.03024390243902439,0.704390243902439,0.04188405
FOODS_1_179,FOODS_1,734,517,2336.0,3.1825614,10,76,2,3.5775611,0.0660701,0.0013623978201634877,0.7043596730245232,0.018467916
FOODS_2_208,FOODS_2,2698,1900,13383.0,4.960341,10,277,10,7.0726905,0.26448372,0.07116382505559674,0.704225352112676,0.037395064
FOODS_3_358,FOODS_3,1599,1126,4740.0,2.9643526,10,162,7,2.8716636,0.0718266,0.016885553470919325,0.7041901188242652,0.025012191
FOODS_3_659,FOODS_3,2180,1535,16494.0,7.566055,10,269,3,3.1336696,0.27834547,0.05871559633027523,0.7041284403669725,0.08882412
HOBBIES_1_021,HOBBIES_1,2690,1894,6862.0,2.5509293,10,271,5,11.813097,0.17319335,0.0,0.704089219330855,0.01466113
HOBBIES_1_116,HOBBIES_1,2043,1438,5438.0,2.661772,10,215,1,6.47,0.0,0.0,0.7038668624571708,0.0
HOBBIES_1_265,HOBBIES_1,2020,1421,4172.0,2.0653465,10,213,1,3.97,0.0,0.0,0.7034653465346534,0.0
FOODS_2_380,FOODS_2,2697,1896,59319.0,21.994438,10,273,9,5.0925508,0.259783,0.12866147571375602,0.7030033370411568,0.051012352
HOBBIES_1_024,HOBBIES_1,2018,1418,3874.0,1.9197226,10,204,5,8.8722,0.22582383,0.0014866204162537165,0.7026759167492567,0.02545297
FOODS_2_323,FOODS_2,2390,1679,6929.0,2.8991632,10,277,13,3.7777364,0.27257565,0.06778242677824267,0.702510460251046,0.072153166
HOUSEHOLD_1_421,HOUSEHOLD_1,2070,1454,10564.0,5.1033816,10,223,4,6.174966,0.34006926,0.05652173913043478,0.702415458937198,0.05507225
HOUSEHOLD_1_250,HOUSEHOLD_1,1354,951,2009.0,1.4837519,10,139,1,2.68,0.0,0.0,0.7023633677991138,0.0
HOUSEHOLD_1_010,HOUSEHOLD_1,1186,833,7457.0,6.287521,10,119,5,3.036703,0.15916671,0.0008431703204047217,0.7023608768971332,0.052414313
HOUSEHOLD_1_161,HOUSEHOLD_1,1591,1117,4131.0,2.5964801,10,160,4,12.572904,0.4624061,0.08610936517913262,0.7020741671904462,0.036777988
HOBBIES_1_093,HOBBIES_1,2022,1419,2831.0,1.4000989,10,204,5,19.780638,0.8112062,0.006429277942631058,0.701780415430267,0.041010115
FOODS_3_827,FOODS_3,1002,703,12077.0,12.052895,10,116,2,0.999501,0.0157956,0.000998003992015968,0.7015968063872255,0.015803486
FOODS_1_197,FOODS_1,2758,1935,8156.0,2.9572153,10,277,6,4.867226,0.33251393,0.004713560551124003,0.7015953589557651,0.06831693
HOBBIES_1_218,HOBBIES_1,1678,1177,2584.0,1.5399284,10,170,3,10.602884,0.107226126,0.0005959475566150178,0.701430274135876,0.010112921
FOODS_3_314,FOODS_3,2716,1905,11191.0,4.1203976,10,277,6,2.5335972,0.20362747,0.044182621502209134,0.7013991163475699,0.08037089
HOUSEHOLD_1_002,HOUSEHOLD_1,2715,1904,8769.0,3.2298343,10,277,11,6.067193,0.37580404,0.061878453038674036,0.7012891344383058,0.061940346
HOBBIES_1_354,HOBBIES_1,1101,772,30968.0,28.127157,10,124,3,23.16438,0.8725987,0.03996366939146231,0.701180744777475,0.037669852
HOUSEHOLD_2_277,HOUSEHOLD_2,1653,1158,3222.0,1.9491833,10,181,2,3.3291953,0.03271261,0.0006049606775559589,0.7005444646098004,0.009825981
FOODS_2_007,FOODS_2,1192,835,3164.0,2.6543624,10,128,13,2.7203522,0.23995669,0.06543624161073826,0.700503355704698,0.08820795
FOODS_2_001,FOODS_2,1955,1369,11530.0,5.8976984,10,277,10,1.9281995,0.10120024,0.037340153452685425,0.7002557544757033,0.05248432
HOUSEHOLD_1_290,HOUSEHOLD_1,2631,1842,13660.0,5.191942,10,274,3,9.8640175,0.12767358,0.0003800836183960471,0.7001140250855188,0.012943366
FOODS_1_049,FOODS_1,2769,1938,11888.0,4.2932467,10,277,6,2.2239761,0.1348773,0.05597688696280245,0.6998916576381365,0.060646918
HOUSEHOLD_2_035,HOUSEHOLD_2,2769,1937,8285.0,2.992055,10,277,10,6.158808,0.5011962,0.06897797038642109,0.6995305164319249,0.081378765
FOODS_3_307,FOODS_3,2080,1455,35216.0,16.930769,10,242,3,3.9904325,0.1085202,0.0375,0.6995192307692307,0.027195098
FOODS_3_421,FOODS_3,1830,1280,4975.0,2.7185793,10,186,1,2.48,0.0,0.0,0.6994535519125683,0.0
FOODS_2_011,FOODS_2,2385,1668,8012.0,3.3593292,10,277,10,2.7364612,0.23905256,0.10817610062893082,0.6993710691823899,0.08735829
HOUSEHOLD_2_444,HOUSEHOLD_2,2737,1914,6270.0,2.2908294,10,277,6,6.4050384,0.22263196,0.06905370843989769,0.6993058092802338,0.03475888
HOUSEHOLD_2_323,HOUSEHOLD_2,1716,1200,4343.0,2.5308857,10,184,1,3.97,0.0,0.0,0.6993006993006993,0.0
FOODS_1_204,FOODS_1,2667,1865,65253.0,24.466816,10,268,4,0.9754481,0.015671274,0.0,0.6992875890513686,0.016065719
FOODS_3_521,FOODS_3,1083,757,2940.0,2.7146814,10,124,2,2.5390027,0.023194965,0.0018467220683287165,0.6989843028624192,0.009135463
HOUSEHOLD_2_321,HOUSEHOLD_2,2770,1936,6544.0,2.362455,10,277,5,5.2725954,0.06958121,0.007220216606498195,0.6989169675090253,0.013196766
HOBBIES_2_071,HOBBIES_2,1466,1024,2572.0,1.7544339,10,160,1,0.97,0.0,0.0,0.6984993178717599,0.0
FOODS_3_609,FOODS_3,1979,1382,13305.0,6.7230926,10,199,4,2.9751036,0.07244416,0.00606366851945427,0.6983324911571501,0.02435013
HOBBIES_1_111,HOBBIES_1,2742,1914,7704.0,2.809628,10,277,8,3.0477426,0.12279797,0.05324580598103574,0.6980306345733042,0.04029145
FOODS_2_053,FOODS_2,2351,1641,5585.0,2.3755848,10,277,6,7.0735693,0.19138706,0.0029774564015312634,0.698000850701829,0.027056646
FOODS_2_264,FOODS_2,2377,1659,8168.0,3.4362643,10,277,14,3.77793,0.26832238,0.06184265881363063,0.6979385780395456,0.07102365
FOODS_1_143,FOODS_1,2767,1931,14829.0,5.359234,10,277,5,1.9704481,0.07909522,0.012287676183592338,0.697867726779906,0.04014073
FOODS_2_370,FOODS_2,2340,1633,15491.0,6.6200852,10,277,6,5.034051,0.1673267,0.10384615384615385,0.6978632478632478,0.033238977
HOUSEHOLD_2_052,HOUSEHOLD_2,2770,1932,7336.0,2.6483755,10,277,5,5.139191,0.250322,0.05631768953068592,0.6974729241877257,0.048708446
HOBBIES_1_107,HOBBIES_1,1984,1383,3196.0,1.610887,10,257,3,3.9789767,0.031743925,0.0010080645161290322,0.6970766129032258,0.007977911
HOBBIES_1_279,HOBBIES_1,1306,910,4963.0,3.8001533,10,193,2,3.9213474,0.09108639,0.0995405819295559,0.6967840735068913,0.02322834
HOBBIES_1_306,HOBBIES_1,1827,1273,4087.0,2.2370005,10,194,3,13.967247,0.06657322,0.0010946907498631637,0.6967706622879036,0.004766381
FOODS_1_019,FOODS_1,2770,1930,65200.0,23.537907,10,277,10,1.0257798,0.070306994,0.0631768953068592,0.6967509025270758,0.068540044
HOUSEHOLD_2_129,HOUSEHOLD_2,1104,769,2525.0,2.2871377,10,112,2,5.813886,0.10290184,0.0,0.6965579710144928,0.017699322
FOODS_2_345,FOODS_2,1239,863,4490.0,3.6238902,10,136,6,8.0872965,0.26685104,0.004842615012106538,0.6965294592413237,0.032996323
HOBBIES_1_384,HOBBIES_1,1973,1374,9302.0,4.714648,10,198,4,11.22075,0.69940704,0.1956411556006082,0.6964014191586416,0.062331576
FOODS_3_342,FOODS_3,2760,1922,69075.0,25.027174,10,277,8,1.2173262,0.13245673,0.1746376811594203,0.696376811594203,0.10880957
HOUSEHOLD_1_224,HOUSEHOLD_1,2766,1926,12065.0,4.3618946,10,277,8,8.2646675,0.4726339,0.09869848156182212,0.6963123644251626,0.057187285
FOODS_2_127,FOODS_2,2341,1630,3753.0,1.6031611,10,271,4,7.175049,0.3367359,0.005553182400683468,0.6962836394703118,0.046931513
HOUSEHOLD_2_386,HOUSEHOLD_2,1748,1217,3991.0,2.2831807,10,176,1,3.97,0.0,0.0,0.6962242562929062,0.0
HOUSEHOLD_1_359,HOUSEHOLD_1,2231,1553,12981.0,5.818467,10,225,5,6.7934065,0.33001903,0.029134917077543704,0.6961004034065441,0.048579313
FOODS_1_191,FOODS_1,2402,1672,7473.0,3.1111574,10,264,34,6.022223,0.6363099,0.054954204829308906,0.6960865945045795,0.105660304
HOBBIES_2_089,HOBBIES_2,2713,1888,6284.0,2.316255,10,272,2,2.9692738,0.037821725,0.00036859565057132326,0.6959085882786583,0.012737702
HOBBIES_1_220,HOBBIES_1,2741,1907,7381.0,2.692813,10,277,9,3.056578,0.13500886,0.07989784750091207,0.6957314848595403,0.044169936
HOUSEHOLD_1_152,HOUSEHOLD_1,1421,988,2688.0,1.8916256,10,163,3,9.955763,0.31414592,0.012667135819845179,0.6952850105559465,0.031554177
FOODS_3_779,FOODS_3,1765,1227,3776.0,2.1393769,10,177,2,2.4790425,0.040226694,0.0005665722379603399,0.6951841359773371,0.016226705
FOODS_2_041,FOODS_2,2444,1699,8796.0,3.599018,10,277,10,3.7850125,0.24904443,0.05237315875613748,0.6951718494271686,0.06579752
FOODS_2_305,FOODS_2,2296,1596,4914.0,2.140244,10,277,15,8.846559,0.8406181,0.05139372822299652,0.6951219512195121,0.095022045
HOUSEHOLD_2_406,HOUSEHOLD_2,2767,1922,4864.0,1.7578605,10,277,15,12.853264,4.8277216,0.042645464401879295,0.694615106613661,0.37560278
HOBBIES_1_137,HOBBIES_1,2769,1923,7345.0,2.6525822,10,277,13,9.433777,0.5708842,0.07078367641747924,0.6944745395449621,0.060514916
HOBBIES_1_366,HOBBIES_1,1688,1172,2528.0,1.4976304,10,171,1,3.97,0.0,0.0,0.6943127962085308,0.0
FOODS_2_318,FOODS_2,2237,1553,31579.0,14.116674,10,277,6,5.063947,0.27094355,0.09119356280733125,0.6942333482342423,0.05350442
FOODS_3_504,FOODS_3,2770,1923,31347.0,11.3166065,10,277,7,1.303296,0.18400683,0.10866425992779784,0.6942238267148014,0.14118576
FOODS_2_310,FOODS_2,1092,758,2737.0,2.5064104,10,128,10,3.9182236,0.18078746,0.07692307692307693,0.6941391941391941,0.046140157
FOODS_3_293,FOODS_3,2648,1837,10166.0,3.839124,10,277,4,1.9768732,0.10448159,0.04078549848942598,0.6937311178247734,0.052851945
FOODS_3_152,FOODS_3,1074,745,10638.0,9.905028,10,109,4,2.604227,0.1996876,0.05493482309124767,0.6936685288640596,0.07667826
FOODS_3_642,FOODS_3,2172,1506,7785.0,3.584254,10,225,8,3.2631078,0.27791148,0.07136279926335175,0.6933701657458563,0.08516773
HOUSEHOLD_2_148,HOUSEHOLD_2,1780,1234,3657.0,2.0544944,10,180,2,5.9386234,0.05807057,0.0005617977528089888,0.6932584269662921,0.009778457
HOUSEHOLD_2_391,HOUSEHOLD_2,2769,1918,4988.0,1.8013723,10,277,6,11.461633,0.796807,0.0010834236186348862,0.692668833513904,0.069519505
HOUSEHOLD_2_143,HOUSEHOLD_2,2767,1916,5836.0,2.1091435,10,277,7,6.447329,0.1785166,0.014817491868449585,0.6924466931694977,0.027688457
HOBBIES_1_316,HOBBIES_1,1992,1379,13013.0,6.5326304,10,211,1,0.94,0.0,0.0,0.6922690763052208,0.0
FOODS_2_365,FOODS_2,824,570,3510.0,4.259709,10,88,4,10.776566,0.48500195,0.07281553398058252,0.691747572815534,0.045005243
FOODS_3_825,FOODS_3,2767,1914,13837.0,5.000723,10,277,7,4.110195,0.20083497,0.08529092880375859,0.6917238886881099,0.048862636
FOODS_2_052,FOODS_2,2770,1916,28288.0,10.212275,10,277,15,12.52743,1.2037865,0.16931407942238266,0.691696750902527,0.09609206
HOUSEHOLD_2_328,HOUSEHOLD_2,2769,1915,5000.0,1.805706,10,277,5,7.1727157,0.26205197,0.008306247742867461,0.6915854098952691,0.036534555
HOUSEHOLD_2_229,HOUSEHOLD_2,2425,1677,4800.0,1.9793814,10,244,6,4.6670637,0.19944559,0.06020618556701031,0.6915463917525774,0.042734705
HOBBIES_1_363,HOBBIES_1,2767,1911,5653.0,2.043007,10,277,7,2.8540585,0.052482605,0.0010842067220816769,0.6906396819660282,0.018388763
HOUSEHOLD_1_466,HOUSEHOLD_1,1482,1023,2216.0,1.4952767,10,150,3,3.963266,0.01011725,0.0,0.6902834008097166,0.0025527556
HOBBIES_1_281,HOBBIES_1,2182,1506,8472.0,3.8826764,10,228,3,4.197571,0.096756406,0.0,0.69019248395967,0.02305057
FOODS_2_037,FOODS_2,2384,1644,5236.0,2.1963086,10,277,16,7.263154,0.6282106,0.07214765100671142,0.6895973154362416,0.08649281
FOODS_2_163,FOODS_2,2306,1590,7734.0,3.3538594,10,277,11,2.7319212,0.23376891,0.10928013876843018,0.6895056374674762,0.08556942
HOBBIES_1_340,HOBBIES_1,1568,1081,2917.0,1.8603317,10,160,3,7.9519515,0.101780064,0.00701530612244898,0.6894132653061225,0.012799382
FOODS_2_046,FOODS_2,923,636,2757.0,2.986999,10,99,5,3.8802168,0.06832962,0.010834236186348862,0.6890574214517876,0.017609742
FOODS_2_350,FOODS_2,1410,971,4555.0,3.2304964,10,154,11,4.9106097,0.35212916,0.02695035460992908,0.6886524822695036,0.07170783
HOBBIES_2_053,HOBBIES_2,2714,1869,6102.0,2.248342,10,273,3,4.9603276,0.06924533,0.0018422991893883567,0.6886514369933677,0.01395983
HOUSEHOLD_2_007,HOUSEHOLD_2,2250,1549,4329.0,1.924,10,247,1,2.58,0.0,0.0,0.6884444444444444,0.0
FOODS_3_784,FOODS_3,2770,1906,18362.0,6.628881,10,277,15,1.2980253,0.18514234,0.12743682310469315,0.688086642599278,0.14263386
HOUSEHOLD_1_423,HOUSEHOLD_1,654,450,1727.0,2.6406727,10,104,2,2.9618044,0.0057341442,0.0,0.6880733944954128,0.0019360307
FOODS_1_050,FOODS_1,2330,1603,5213.0,2.237339,10,240,1,5.98,0.0,0.0,0.6879828326180257,0.0
HOUSEHOLD_2_337,HOUSEHOLD_2,2769,1905,4294.0,1.5507404,10,277,6,6.5944963,0.21133299,0.00902853015529072,0.6879739978331527,0.032046873
HOUSEHOLD_2_124,HOUSEHOLD_2,2764,1901,7475.0,2.704414,10,277,4,5.1987085,0.13990925,0.005065123010130246,0.6877713458755427,0.02691231
HOUSEHOLD_1_501,HOUSEHOLD_1,2504,1722,3547.0,1.4165336,10,277,2,3.9661303,0.0048715603,0.0,0.6876996805111821,0.0012282905
FOODS_2_312,FOODS_2,1845,1268,6347.0,3.4401083,10,197,4,5.012043,0.21204111,0.07967479674796749,0.6872628726287263,0.042306323
HOBBIES_2_026,HOBBIES_2,680,467,1980.0,2.9117646,10,109,1,0.23000002,0.0,0.0,0.6867647058823529,0.0
HOBBIES_1_333,HOBBIES_1,2225,1528,3657.0,1.6435955,10,225,4,4.9614334,0.18156806,0.0022471910112359553,0.6867415730337079,0.03659589
HOUSEHOLD_2_296,HOUSEHOLD_2,2429,1668,4455.0,1.8340881,10,244,6,4.664146,0.20163955,0.05681350349938246,0.6867023466447097,0.043231826
FOODS_1_093,FOODS_1,2317,1590,5891.0,2.542512,10,264,34,6.0320673,0.67058504,0.050496331463098836,0.686232196806215,0.111170016
HOBBIES_2_129,HOBBIES_2,2666,1829,13855.0,5.196924,10,277,7,0.24012378,0.05055734,0.03975993998499625,0.686046511627907,0.210547
FOODS_2_084,FOODS_2,1591,1091,5054.0,3.1766186,10,230,5,3.1682339,0.21679159,0.1049654305468259,0.6857322438717788,0.06842664
HOBBIES_1_414,HOBBIES_1,2759,1891,8388.0,3.040232,10,277,3,7.1591043,0.14875194,0.0010873504893077202,0.6853932584269663,0.02077801
HOUSEHOLD_1_253,HOUSEHOLD_1,838,574,2987.0,3.564439,10,85,4,3.5349045,0.118672125,0.017899761336515514,0.684964200477327,0.033571523
FOODS_3_554,FOODS_3,2708,1854,6321.0,2.334195,10,273,16,3.7793946,0.19108178,0.06277695716395865,0.6846381093057607,0.05055883
HOUSEHOLD_2_187,HOUSEHOLD_2,1730,1184,5276.0,3.049711,10,174,2,3.3274336,0.05332769,0.0023121387283236996,0.684393063583815,0.016026674
HOBBIES_2_103,HOBBIES_2,2724,1864,5126.0,1.8817915,10,277,5,2.7695742,0.24321246,0.048458149779735685,0.684287812041116,0.087815836
FOODS_2_213,FOODS_2,1572,1075,4951.0,3.149491,10,173,10,3.9163802,0.17484103,0.07442748091603053,0.6838422391857506,0.04464353
HOBBIES_2_124,HOBBIES_2,2128,1455,9933.0,4.667763,10,215,1,0.23,0.0,0.0,0.6837406015037594,0.0
FOODS_2_273,FOODS_2,1808,1236,4827.0,2.669801,10,226,10,2.7394469,0.20264174,0.08296460176991151,0.6836283185840708,0.07397177
FOODS_3_180,FOODS_3,1338,914,3014.0,2.252616,10,143,4,2.9355233,0.09171714,0.007473841554559043,0.6831091180866966,0.031243881
HOUSEHOLD_2_209,HOUSEHOLD_2,2754,1881,4536.0,1.6470588,10,277,6,8.320098,0.25871244,0.04793028322440087,0.6830065359477124,0.031094879
FOODS_1_015,FOODS_1,2674,1826,12713.0,4.7543006,10,275,13,3.1824796,0.30529058,0.08489154824233358,0.6828721017202692,0.09592853
HOUSEHOLD_2_375,HOUSEHOLD_2,2753,1879,7921.0,2.877225,10,277,11,6.5518956,0.36622095,0.027969487831456592,0.6825281511078823,0.055895418
HOUSEHOLD_2_207,HOUSEHOLD_2,2768,1889,4868.0,1.7586706,10,277,8,6.877959,0.4932818,0.011921965317919074,0.682442196531792,0.071719214
HOUSEHOLD_2_048,HOUSEHOLD_2,2765,1886,4943.0,1.7877034,10,277,4,3.7116673,0.21890768,0.0032549728752260397,0.6820976491862568,0.05897826
FOODS_1_193,FOODS_1,1850,1261,10669.0,5.767027,10,264,33,5.458054,0.7042755,0.05189189189189189,0.6816216216216217,0.12903418
HOUSEHOLD_2_195,HOUSEHOLD_2,2763,1883,4869.0,1.762215,10,277,7,14.899345,0.4789549,0.003981179876945349,0.681505609844372,0.032146037
FOODS_3_402,FOODS_3,2160,1472,5646.0,2.613889,10,231,4,5.488991,0.69172394,0.001388888888888889,0.6814814814814815,0.12602024
HOUSEHOLD_2_114,HOUSEHOLD_2,1249,851,3057.0,2.4475582,10,126,3,5.935877,0.10439564,0.0016012810248198558,0.6813450760608487,0.017587231
HOUSEHOLD_2_123,HOUSEHOLD_2,1114,759,2328.0,2.0897665,10,227,2,1.979632,0.01228404,0.0,0.6813285457809695,0.006205214
FOODS_1_151,FOODS_1,1730,1178,4183.0,2.4179192,10,176,6,11.389601,0.6131984,0.07803468208092486,0.6809248554913295,0.053838447
FOODS_2_287,FOODS_2,965,657,2625.0,2.7202072,10,114,5,2.4855545,0.09443668,0.027979274611398965,0.6808290155440414,0.037994213
FOODS_2_212,FOODS_2,2406,1638,26113.0,10.853284,10,277,14,4.6690273,0.38540804,0.07107231920199501,0.6807980049875312,0.08254568
HOUSEHOLD_1_229,HOUSEHOLD_1,2691,1832,5122.0,1.9033816,10,271,4,2.875273,0.15864374,0.014492753623188406,0.6807878112225938,0.055175193
HOUSEHOLD_2_223,HOUSEHOLD_2,2766,1883,4135.0,1.4949385,10,277,5,14.95008,0.3384853,0.005784526391901663,0.680766449746927,0.022641037
HOBBIES_1_308,HOBBIES_1,1979,1347,6457.0,3.262759,10,199,4,11.212693,0.71901613,0.19504800404244568,0.6806467913087418,0.064125195
FOODS_1_209,FOODS_1,2770,1885,16119.0,5.8191338,10,277,8,2.343758,0.155037,0.07942238267148015,0.6805054151624549,0.06614889
FOODS_1_044,FOODS_1,2770,1885,28591.0,10.321661,10,277,6,2.750545,0.15931289,0.04368231046931408,0.6805054151624549,0.057920482
HOUSEHOLD_1_032,HOUSEHOLD_1,1809,1231,27057.0,14.956882,10,231,4,10.740873,0.4628962,0.009397457158651189,0.6804864566058596,0.0430967
FOODS_1_205,FOODS_1,2087,1420,9016.0,4.3200765,10,220,3,4.9636993,0.26894602,0.007187350263536177,0.6804024916147581,0.054182578
FOODS_3_322,FOODS_3,1741,1184,14278.0,8.201034,10,180,6,2.4955313,0.07038577,0.015508328546812177,0.6800689259046525,0.028204722
FOODS_3_649,FOODS_3,2178,1481,5821.0,2.6726356,10,219,7,5.773549,0.51731926,0.07162534435261708,0.679981634527089,0.089601606
HOUSEHOLD_1_509,HOUSEHOLD_1,1189,808,7476.0,6.2876368,10,119,4,3.0389488,0.1481264,0.0,0.6795626576955425,0.04874264
HOUSEHOLD_2_241,HOUSEHOLD_2,2745,1865,5841.0,2.127869,10,277,6,4.9802766,0.13082574,0.008743169398907104,0.6794171220400729,0.02626877
FOODS_2_048,FOODS_2,1589,1079,4745.0,2.9861548,10,173,6,7.957174,0.16662227,0.007551919446192574,0.6790434235368156,0.020939881
HOBBIES_1_058,HOBBIES_1,2757,1872,5127.0,1.85963,10,277,8,8.419524,0.37360045,0.0018135654697134566,0.6789989118607181,0.044373106
HOUSEHOLD_2_068,HOUSEHOLD_2,2769,1880,7884.0,2.8472373,10,277,1,2.88,0.0,0.0,0.678945467677862,0.0
HOBBIES_1_127,HOBBIES_1,2766,1877,8489.0,3.0690527,10,277,3,1.0753723,0.10770661,0.009761388286334056,0.6785972523499638,0.1001575
FOODS_3_371,FOODS_3,1093,741,2697.0,2.4675205,10,123,5,2.500723,0.07726511,0.03110704483074108,0.6779505946935042,0.03089711
HOUSEHOLD_2_305,HOUSEHOLD_2,2765,1873,5531.0,2.0003617,10,277,4,5.347251,0.12648404,0.008318264014466547,0.6773960216998192,0.02365403
HOUSEHOLD_1_237,HOUSEHOLD_1,1013,686,2763.0,2.727542,10,115,2,5.876663,0.10619694,0.0009871668311944718,0.6771964461994077,0.018070959
FOODS_1_136,FOODS_1,2769,1875,6078.0,2.1950161,10,277,5,4.705872,0.23824072,0.0007222824124232575,0.6771397616468039,0.050626263
HOUSEHOLD_2_041,HOUSEHOLD_2,2768,1874,4421.0,1.597182,10,277,5,5.3278394,0.43350375,0.052745664739884394,0.6770231213872833,0.08136577
FOODS_3_284,FOODS_3,1405,951,3067.0,2.182918,10,144,2,1.9793024,0.026144957,0.0007117437722419929,0.6768683274021352,0.013209178
FOODS_1_090,FOODS_1,2769,1873,12751.0,4.6049113,10,277,9,3.3215528,0.20163073,0.01805706031058144,0.6764174792343807,0.060703754
FOODS_2_366,FOODS_2,2125,1437,6217.0,2.925647,10,243,14,2.7143528,0.26687357,0.14023529411764707,0.676235294117647,0.09831941
FOODS_3_497,FOODS_3,2767,1871,17117.0,6.186122,10,277,9,2.4493892,0.21806258,0.028912179255511383,0.6761835923382725,0.08902733
FOODS_1_075,FOODS_1,2767,1871,10813.0,3.9078424,10,277,8,3.3192484,0.2066466,0.02204553668232743,0.6761835923382725,0.062257048
FOODS_3_049,FOODS_3,1953,1320,5155.0,2.639529,10,204,6,4.67704,0.094172105,0.006144393241167435,0.6758832565284179,0.02013498
FOODS_1_037,FOODS_1,2714,1834,18067.0,6.656964,10,277,16,3.2049446,0.29339972,0.07811348563006633,0.6757553426676493,0.091545954
FOODS_1_156,FOODS_1,2192,1481,7595.0,3.4648724,10,220,9,2.3571215,0.2521397,0.12408759124087591,0.6756386861313869,0.10696932
FOODS_3_396,FOODS_3,1891,1277,4785.0,2.5304072,10,192,6,10.532511,0.52025825,0.06980433632998413,0.6753040719196193,0.049395464
HOUSEHOLD_2_137,HOUSEHOLD_2,2762,1865,4267.0,1.544895,10,277,5,2.945431,0.11811163,0.007965242577842143,0.6752353367125271,0.04009995
FOODS_1_164,FOODS_1,2316,1562,6050.0,2.6122625,10,264,32,6.1052847,0.77702606,0.03367875647668394,0.6744386873920553,0.12727106
FOODS_3_549,FOODS_3,1201,810,4390.0,3.6552873,10,122,4,2.4799833,0.25264534,0.06078268109908409,0.6744379683597003,0.10187381
FOODS_3_724,FOODS_3,2764,1864,5870.0,2.1237338,10,277,11,6.5134373,0.38591403,0.05535455861070912,0.6743849493487699,0.059248906
FOODS_2_313,FOODS_2,2162,1458,3584.0,1.6577244,10,248,5,9.172447,0.6108532,0.006938020351526364,0.6743755781683626,0.06659654
FOODS_2_209,FOODS_2,881,594,4960.0,5.629966,10,174,5,6.064211,0.16471915,0.04426787741203178,0.674233825198638,0.027162503
HOBBIES_1_226,HOBBIES_1,2769,1866,11223.0,4.0530877,10,277,12,14.757841,0.60232073,0.04225352112676056,0.6738894907908992,0.040813606
HOUSEHOLD_2_163,HOUSEHOLD_2,2742,1847,4816.0,1.7563822,10,277,4,7.9908314,0.0802593,0.0007293946024799417,0.6735959153902261,0.010043924
HOBBIES_1_185,HOBBIES_1,2763,1861,5340.0,1.9326819,10,277,5,3.152349,0.13153283,0.04813608396670286,0.6735432500904813,0.04172534
FOODS_3_417,FOODS_3,983,662,3087.0,3.1403866,10,104,5,4.4961953,0.085336104,0.009155645981688708,0.6734486266531028,0.018979626
FOODS_1_192,FOODS_1,2770,1865,19674.0,7.102527,10,277,9,2.3424513,0.15012583,0.1003610108303249,0.6732851985559567,0.0640892
HOBBIES_1_282,HOBBIES_1,2770,1865,8488.0,3.06426,10,277,5,4.250469,0.22451968,0.05162454873646209,0.6732851985559567,0.05282233
FOODS_2_043,FOODS_2,2604,1753,10033.0,3.8529186,10,277,9,2.757811,0.22878754,0.10407066052227343,0.6731950844854071,0.08295983
HOUSEHOLD_1_375,HOUSEHOLD_1,2770,1864,7251.0,2.6176896,10,277,4,7.949487,0.3610259,0.0036101083032490976,0.6729241877256318,0.04541499
HOUSEHOLD_2_257,HOUSEHOLD_2,2757,1855,9053.0,3.2836416,10,277,6,5.8765397,0.14873049,0.01378309756982227,0.6728327892636924,0.025309194
FOODS_2_010,FOODS_2,2388,1606,9966.0,4.173367,10,277,9,2.4916165,0.09439276,0.024706867671691793,0.6725293132328308,0.037884146
FOODS_3_436,FOODS_3,910,612,4067.0,4.4692307,10,93,5,2.4748242,0.12583591,0.016483516483516484,0.6725274725274726,0.050846405
HOBBIES_2_032,HOBBIES_2,2765,1859,8061.0,2.9153707,10,277,2,0.98192406,0.014683872,0.0,0.6723327305605786,0.014954183
HOUSEHOLD_2_090,HOUSEHOLD_2,2768,1861,6539.0,2.3623555,10,277,6,5.96311,0.14268744,0.002890173410404624,0.6723265895953757,0.02392836
FOODS_2_159,FOODS_2,1095,735,2334.0,2.131507,10,115,6,3.94958,0.10273947,0.0365296803652968,0.6712328767123288,0.026012758
FOODS_3_160,FOODS_3,2770,1858,13153.0,4.7483754,10,277,11,2.532141,0.20608722,0.04404332129963899,0.6707581227436823,0.081388526
FOODS_1_017,FOODS_1,2188,1467,7728.0,3.5319927,10,220,7,2.355617,0.24762271,0.12431444241316271,0.6704753199268738,0.10512011
FOODS_2_259,FOODS_2,1333,892,2488.0,1.8664666,10,162,6,3.5612905,0.22136009,0.05326331582895724,0.6691672918229558,0.06215727
HOUSEHOLD_2_238,HOUSEHOLD_2,2768,1850,6550.0,2.3663294,10,277,7,10.320463,0.50837547,0.05491329479768786,0.6683526011560693,0.049258977
HOUSEHOLD_2_178,HOUSEHOLD_2,2673,1786,7184.0,2.6876168,10,269,6,6.99471,1.2609801,0.020202020202020204,0.668163112607557,0.18027626
HOUSEHOLD_2_303,HOUSEHOLD_2,1585,1059,3054.0,1.9268138,10,164,4,7.02489,0.2607819,0.08201892744479496,0.6681388012618297,0.037122563
FOODS_2_031,FOODS_2,1949,1302,28655.0,14.702412,10,277,9,2.0724525,0.15758295,0.08517188301693177,0.668034889687019,0.076036945
HOUSEHOLD_1_263,HOUSEHOLD_1,2027,1354,3658.0,1.8046374,10,203,5,7.5643516,0.25449583,0.0651208682782437,0.6679822397631968,0.033644103
HOUSEHOLD_1_388,HOUSEHOLD_1,836,558,2737.0,3.2739234,10,85,5,3.510586,0.1625552,0.05741626794258373,0.6674641148325359,0.046304293
FOODS_3_024,FOODS_3,1153,769,22125.0,19.189072,10,116,5,0.984137,0.029831216,0.062445793581960105,0.6669557675628794,0.030312056
HOUSEHOLD_2_373,HOUSEHOLD_2,2762,1842,5907.0,2.1386676,10,277,5,4.67874,0.100241676,0.008689355539464157,0.666908037653874,0.02142493
FOODS_2_343,FOODS_2,2377,1585,7246.0,3.0483804,10,277,11,3.7809212,0.2560848,0.05637358014303744,0.6668068994530921,0.06773079
FOODS_1_114,FOODS_1,2769,1846,8923.0,3.222463,10,277,9,3.3206067,0.21251892,0.020946189960274468,0.6666666666666666,0.064000025
HOUSEHOLD_2_280,HOUSEHOLD_2,1169,779,1928.0,1.6492729,10,126,1,5.97,0.0,0.0,0.6663815226689478,0.0
HOUSEHOLD_2_057,HOUSEHOLD_2,728,485,1083.0,1.4876374,10,73,1,4.97,0.0,0.0,0.6662087912087912,0.0
FOODS_2_368,FOODS_2,2770,1845,51604.0,18.629602,10,277,7,7.4965124,0.5882495,0.07328519855595668,0.6660649819494585,0.07846975
HOBBIES_1_273,HOBBIES_1,2767,1843,4042.0,1.4607879,10,277,12,12.184896,0.7330375,0.0007228044813877846,0.6660643295988435,0.060159516
HOUSEHOLD_2_463,HOUSEHOLD_2,907,604,1994.0,2.1984565,10,92,3,5.4585004,0.16473323,0.005512679162072767,0.6659316427783903,0.03017921
HOUSEHOLD_2_267,HOUSEHOLD_2,2129,1417,5248.0,2.465007,10,277,3,1.9774636,0.010888709,0.0,0.665570690465007,0.0055064014
FOODS_2_295,FOODS_2,2343,1559,7884.0,3.3649168,10,277,16,12.514435,1.2828482,0.1553563807084934,0.6653862569355528,0.10250948
FOODS_1_074,FOODS_1,2770,1843,20413.0,7.369314,10,277,10,2.2195704,0.08929399,0.0296028880866426,0.6653429602888087,0.0402303
HOUSEHOLD_1_264,HOUSEHOLD_1,1308,870,2082.0,1.5917431,10,144,5,7.257125,0.29411337,0.0,0.6651376146788991,0.040527534
HOBBIES_1_069,HOBBIES_1,2104,1399,3329.0,1.5822244,10,234,6,13.527134,0.29666537,0.005228136882129277,0.6649239543726235,0.021931132
FOODS_2_203,FOODS_2,1562,1038,4620.0,2.9577465,10,192,7,3.370224,0.20328972,0.01088348271446863,0.6645326504481434,0.06031935
FOODS_3_066,FOODS_3,2179,1448,30278.0,13.895365,10,218,4,2.9958053,0.20373966,0.16200091785222578,0.6645250114731528,0.06800831
FOODS_1_041,FOODS_1,2770,1840,14902.0,5.3797836,10,277,9,2.2081516,0.14193185,0.035018050541516244,0.6642599277978339,0.064276315
HOUSEHOLD_1_209,HOUSEHOLD_1,832,552,2594.0,3.1177886,10,84,5,3.5374398,0.11347395,0.01201923076923077,0.6634615384615384,0.032077987
FOODS_3_815,FOODS_3,1756,1164,4421.0,2.5176537,10,176,3,2.4738438,0.06390499,0.007972665148063782,0.662870159453303,0.025832267
HOUSEHOLD_2_095,HOUSEHOLD_2,2003,1327,3267.0,1.6310534,10,204,3,6.4298153,0.13864917,0.07239141288067898,0.6625062406390414,0.021563476
HOUSEHOLD_2_407,HOUSEHOLD_2,2767,1833,3494.0,1.2627394,10,277,2,4.982906,0.1445913,0.009035056017347307,0.6624503071919046,0.029017465
HOUSEHOLD_1_500,HOUSEHOLD_1,1672,1107,3535.0,2.1142344,10,169,2,4.439701,0.012227899,0.0005980861244019139,0.6620813397129187,0.0027542168
FOODS_3_001,FOODS_3,2680,1774,10020.0,3.738806,10,277,10,2.4576457,0.19986469,0.028358208955223882,0.6619402985074627,0.08132364
FOODS_2_042,FOODS_2,2770,1832,21048.0,7.598556,10,277,13,2.0916533,0.15747975,0.09097472924187726,0.6613718411552346,0.0752896
HOBBIES_1_020,HOBBIES_1,2713,1794,4550.0,1.6771102,10,277,9,12.184718,0.7256547,0.0,0.6612605971249539,0.059554495
HOUSEHOLD_1_013,HOUSEHOLD_1,2741,1812,14467.0,5.278001,10,276,4,4.95031,0.16180643,0.005472455308281649,0.6610726012404232,0.03268612
FOODS_3_381,FOODS_3,1790,1183,16468.0,9.2,10,182,6,2.9407375,0.10261321,0.024022346368715083,0.6608938547486034,0.0348937
HOBBIES_2_028,HOBBIES_2,2758,1822,7018.0,2.5445976,10,277,7,0.8435931,0.06872826,0.03444525018129079,0.6606236403190718,0.08147086
HOBBIES_1_377,HOBBIES_1,2766,1827,3504.0,1.2668113,10,277,15,9.726836,0.4352464,0.0025307302964569776,0.6605206073752712,0.044746965
HOBBIES_1_322,HOBBIES_1,2141,1414,2977.0,1.3904717,10,224,2,3.9639282,0.077703804,0.0,0.6604390471742176,0.019602727
HOUSEHOLD_1_037,HOUSEHOLD_1,2769,1828,6566.0,2.3712533,10,277,10,4.028917,0.18942389,0.011917659804983749,0.6601661249548574,0.047016084
HOUSEHOLD_2_461,HOUSEHOLD_2,2765,1825,4304.0,1.5566003,10,277,5,9.972214,0.16960073,0.009041591320072333,0.6600361663652803,0.01700733
HOBBIES_1_243,HOBBIES_1,1547,1021,2575.0,1.6645119,10,163,2,13.878765,0.048561063,0.0006464124111182935,0.6599870717517776,0.003498947
FOODS_3_003,FOODS_3,694,458,3302.0,4.757925,10,72,3,3.9134293,0.1517214,0.1628242074927954,0.659942363112392,0.038769424
HOUSEHOLD_2_330,HOUSEHOLD_2,888,586,1238.0,1.3941442,10,93,6,3.6904955,0.2356085,0.015765765765765764,0.6599099099099099,0.06384197
FOODS_3_575,FOODS_3,946,624,2402.0,2.539112,10,103,3,6.5416913,0.067990705,0.0,0.6596194503171248,0.010393444
FOODS_3_352,FOODS_3,2632,1736,16134.0,6.129939,10,277,8,4.099001,0.23376605,0.11702127659574468,0.6595744680851063,0.057030007
FOODS_1_171,FOODS_1,1847,1218,5973.0,3.233893,10,264,34,5.583611,0.8707309,0.04006497022198159,0.6594477531131565,0.15594405
HOBBIES_1_049,HOBBIES_1,2272,1498,4441.0,1.9546655,10,248,3,8.043557,0.21809626,0.0,0.659330985915493,0.027114404
FOODS_3_645,FOODS_3,2770,1826,17912.0,6.466426,10,277,9,2.394545,0.2228776,0.14115523465703972,0.6592057761732852,0.09307722
HOBBIES_1_386,HOBBIES_1,2679,1766,5281.0,1.9712579,10,277,2,5.734894,0.08288624,0.0,0.6592011944755506,0.014452969
HOBBIES_2_107,HOBBIES_2,2113,1392,5038.0,2.3842878,10,215,3,0.5374681,0.03417281,0.06152389966871746,0.6587789872219593,0.0635811
HOUSEHOLD_2_082,HOUSEHOLD_2,2570,1693,8049.0,3.1319065,10,263,6,4.717027,0.5337201,0.0015564202334630351,0.6587548638132296,0.11314755
HOBBIES_1_418,HOBBIES_1,2554,1682,4844.0,1.8966328,10,277,7,3.8887784,0.13746344,0.00039154267815191856,0.658574784651527,0.035348743
FOODS_3_185,FOODS_3,2259,1487,21906.0,9.697211,10,226,11,2.3115451,0.18284135,0.11598052235502435,0.6582558654271802,0.079099186
HOBBIES_1_406,HOBBIES_1,2765,1820,4436.0,1.60434,10,277,1,3.88,0.0,0.0,0.6582278481012658,0.0
FOODS_1_141,FOODS_1,2759,1815,7800.0,2.8271112,10,277,8,3.3178978,0.2028168,0.03008336353751359,0.6578470460311707,0.061128102
HOUSEHOLD_2_385,HOUSEHOLD_2,2706,1779,4853.0,1.793422,10,276,7,7.1635327,0.2843932,0.011825572801182557,0.6574279379157428,0.039700132
FOODS_3_187,FOODS_3,2770,1821,16660.0,6.0144405,10,277,10,2.4457004,0.22627999,0.038628158844765344,0.6574007220216607,0.09252155
HOUSEHOLD_2_268,HOUSEHOLD_2,2770,1821,5526.0,1.9949459,10,277,5,5.439144,0.2010838,0.04332129963898917,0.6574007220216607,0.036969747
FOODS_3_496,FOODS_3,2408,1583,19273.0,8.003737,10,252,2,3.9922094,0.05928902,0.01079734219269103,0.657392026578073,0.01485118
HOUSEHOLD_2_326,HOUSEHOLD_2,2767,1819,4181.0,1.5110228,10,277,1,5.94,0.0,0.0,0.6573906758221901,0.0
FOODS_2_265,FOODS_2,1656,1088,4145.0,2.5030193,10,185,10,3.584686,0.18651004,0.05253623188405797,0.6570048309178744,0.052029673
HOUSEHOLD_1_406,HOUSEHOLD_1,2194,1440,6451.0,2.9402916,10,240,12,4.879216,0.37218326,0.02871467639015497,0.6563354603463992,0.07627931
HOBBIES_1_170,HOBBIES_1,1251,821,1548.0,1.2374101,10,161,1,17.97,0.0,0.0,0.6562749800159872,0.0
HOBBIES_1_223,HOBBIES_1,1663,1091,4959.0,2.9819603,10,168,2,1.0479134,0.058787692,0.0,0.656043295249549,0.05609976
HOUSEHOLD_2_347,HOUSEHOLD_2,2769,1816,5959.0,2.1520405,10,277,8,9.193217,0.3480971,0.058143734200072225,0.6558324304803178,0.037864555
FOODS_3_796,FOODS_3,703,461,2739.0,3.8961594,10,80,3,2.924296,0.14099477,0.01422475106685633,0.6557610241820768,0.048214946
FOODS_2_114,FOODS_2,944,619,4394.0,4.654661,10,102,4,2.683909,0.14954747,0.0826271186440678,0.6557203389830508,0.055720024
FOODS_3_150,FOODS_3,2770,1814,149622.0,54.015163,10,277,8,2.134852,0.15720494,0.049819494584837545,0.6548736462093863,0.073637396
FOODS_3_022,FOODS_3,1396,914,2092.0,1.4985673,10,144,1,1.98,0.0,0.0,0.6547277936962751,0.0
HOBBIES_1_331,HOBBIES_1,2218,1452,4959.0,2.2357981,10,223,1,0.93999994,0.0,0.0,0.654643823264202,0.0
HOBBIES_2_063,HOBBIES_2,2035,1332,4097.0,2.0132678,10,215,4,0.9632187,0.039324548,0.005405405405405406,0.6545454545454545,0.04082619
FOODS_3_260,FOODS_3,726,475,1549.0,2.1336088,10,74,2,1.9693526,0.017443337,0.0013774104683195593,0.6542699724517906,0.008857396
HOUSEHOLD_2_300,HOUSEHOLD_2,1824,1193,2501.0,1.3711623,10,185,5,7.959616,0.24809216,0.0537280701754386,0.6540570175438597,0.03116886
HOUSEHOLD_1_520,HOUSEHOLD_1,2768,1810,10698.0,3.8648844,10,277,5,5.581008,0.18374684,0.05852601156069364,0.6539017341040463,0.032923594
HOUSEHOLD_2_088,HOUSEHOLD_2,2750,1798,5017.0,1.8243636,10,277,4,6.9685817,0.11580216,0.010181818181818183,0.6538181818181819,0.016617753
FOODS_2_126,FOODS_2,2536,1658,11086.0,4.371451,10,277,15,4.609227,0.37660205,0.06821766561514196,0.6537854889589906,0.081706114
HOUSEHOLD_2_067,HOUSEHOLD_2,935,611,4249.0,4.544385,10,116,1,0.97,0.0,0.0,0.653475935828877,0.0
HOBBIES_1_219,HOBBIES_1,1263,825,1736.0,1.3745052,10,127,1,1.7400001,0.0,0.0,0.6532066508313539,0.0
FOODS_3_364,FOODS_3,1182,772,3086.0,2.610829,10,121,2,2.776193,0.03359453,0.010998307952622674,0.6531302876480541,0.012100935
FOODS_3_824,FOODS_3,2770,1809,8469.0,3.0574007,10,277,6,2.5218844,0.21201672,0.04404332129963899,0.6530685920577617,0.08407075
HOBBIES_1_419,HOBBIES_1,2202,1438,3883.0,1.7633969,10,223,1,5.98,0.0,0.0,0.6530426884650318,0.0
HOBBIES_1_095,HOBBIES_1,2218,1448,3801.0,1.713706,10,223,3,7.6758966,0.15375713,0.0009017132551848512,0.6528403967538323,0.020031162
HOBBIES_1_114,HOBBIES_1,2171,1417,3165.0,1.4578536,10,224,2,5.9370565,0.38241187,0.0,0.6526946107784432,0.06441102
FOODS_2_336,FOODS_2,2044,1333,7619.0,3.7274952,10,241,9,2.5443444,0.1465612,0.060665362035225046,0.6521526418786693,0.057602737
FOODS_1_091,FOODS_1,2768,1805,12017.0,4.3414016,10,277,10,2.3350074,0.18977572,0.09609826589595376,0.6520953757225434,0.08127414
HOUSEHOLD_1_400,HOUSEHOLD_1,1685,1098,4315.0,2.5608308,10,212,1,6.9699993,0.0,0.0,0.6516320474777448,0.0
HOBBIES_1_158,HOBBIES_1,1237,806,26005.0,21.022635,10,150,3,22.040565,1.3272941,0.0016168148746968471,0.6515763945028294,0.06022051
FOODS_1_078,FOODS_1,1683,1095,5117.0,3.040404,10,170,6,3.3281343,0.19697224,0.0243612596553773,0.6506238859180036,0.05918398
FOODS_3_601,FOODS_3,1053,685,1556.0,1.4776828,10,148,1,1.9799999,0.0,0.0,0.6505223171889839,0.0
FOODS_1_105,FOODS_1,2186,1422,9870.0,4.515096,10,231,6,1.9086641,0.10586703,0.009149130832570906,0.6505032021957914,0.05546656
HOUSEHOLD_2_480,HOUSEHOLD_2,2748,1787,5242.0,1.9075692,10,277,5,5.268177,0.05782796,0.010189228529839884,0.6502911208151383,0.0109768445
HOUSEHOLD_2_040,HOUSEHOLD_2,1123,730,1874.0,1.6687444,10,114,1,3.97,0.0,0.0,0.6500445235975066,0.0
FOODS_3_088,FOODS_3,1122,729,2325.0,2.0721924,10,115,3,2.7791264,0.02403432,0.00089126559714795,0.6497326203208557,0.008648156
FOODS_3_548,FOODS_3,2377,1543,3401.0,1.4307951,10,277,9,2.551994,0.08036985,0.004627681952040387,0.6491375683634834,0.031492963
HOUSEHOLD_1_523,HOUSEHOLD_1,880,571,1426.0,1.6204545,10,92,5,20.467955,0.5277637,0.017045454545454544,0.6488636363636363,0.025784878
FOODS_3_486,FOODS_3,2755,1787,8340.0,3.0272233,10,277,4,2.728842,0.18392761,0.10344827586206896,0.6486388384754991,0.06740134
FOODS_2_358,FOODS_2,2664,1727,9323.0,3.4996247,10,277,7,2.5746434,0.1373663,0.06006006006006006,0.6482732732732732,0.053353522
FOODS_1_109,FOODS_1,2007,1301,8529.0,4.249626,10,202,3,2.2300498,0.054032758,0.0004982561036372695,0.6482311908320877,0.024229394
FOODS_1_030,FOODS_1,2712,1758,7777.0,2.8676255,10,277,15,3.185177,0.29108462,0.07853982300884955,0.6482300884955752,0.091387264
FOODS_3_409,FOODS_3,1012,656,3081.0,3.0444665,10,106,5,2.7713933,0.1322847,0.004940711462450593,0.6482213438735178,0.0477322
FOODS_3_751,FOODS_3,1472,954,4907.0,3.3335598,10,155,3,4.9489264,0.32953823,0.0006793478260869565,0.6480978260869565,0.06658782
HOUSEHOLD_1_139,HOUSEHOLD_1,1465,949,2029.0,1.384983,10,149,1,4.98,0.0,0.0,0.6477815699658703,0.0
HOBBIES_1_359,HOBBIES_1,1543,999,2312.0,1.4983798,10,157,2,1.4693519,0.017995385,0.0012961762799740765,0.6474400518470512,0.012247158
HOUSEHOLD_2_016,HOUSEHOLD_2,2748,1779,6351.0,2.3111353,10,277,5,1.8153894,0.10903369,0.056768558951965066,0.6473799126637555,0.060060773
HOUSEHOLD_2_435,HOUSEHOLD_2,2768,1791,3809.0,1.3760839,10,277,5,5.976608,0.12104508,0.006141618497109827,0.6470375722543352,0.02025314
FOODS_2_076,FOODS_2,2734,1769,5676.0,2.076079,10,277,15,10.085227,0.72572654,0.07900512070226774,0.647037307973665,0.07195937
FOODS_2_070,FOODS_2,1728,1118,16235.0,9.395255,10,193,9,5.9883685,0.43230855,0.09895833333333333,0.6469907407407407,0.07219137
FOODS_2_252,FOODS_2,728,471,1421.0,1.9519231,10,76,4,3.9065385,0.14511807,0.09065934065934066,0.646978021978022,0.037147485
FOODS_1_133,FOODS_1,2747,1777,12586.0,4.5817256,10,277,14,3.1874335,0.29073268,0.07389879868947943,0.646887513651256,0.09121215
FOODS_1_029,FOODS_1,2470,1597,4686.0,1.897166,10,269,9,3.9625628,0.48801914,0.008502024291497975,0.6465587044534413,0.12315745
FOODS_1_147,FOODS_1,1895,1225,5862.0,3.0934036,10,238,34,5.288871,0.6673777,0.047493403693931395,0.6464379947229552,0.1261853
HOUSEHOLD_2_105,HOUSEHOLD_2,2487,1606,3311.0,1.3313229,10,277,5,4.989095,0.09153969,0.0056292722155207075,0.6457579412947326,0.018347954
HOUSEHOLD_1_036,HOUSEHOLD_1,951,614,2177.0,2.2891693,10,100,2,2.970631,0.16663614,0.0031545741324921135,0.6456361724500526,0.056094527
HOUSEHOLD_2_235,HOUSEHOLD_2,2768,1786,4449.0,1.6072977,10,277,5,7.1613655,0.27973583,0.0050578034682080926,0.6452312138728323,0.0390618
HOBBIES_1_224,HOBBIES_1,2124,1370,2780.0,1.3088512,10,225,5,3.9596424,0.1705798,0.003766478342749529,0.6450094161958568,0.0430796
FOODS_1_010,FOODS_1,2315,1492,6223.0,2.6881208,10,264,35,6.015356,0.64020365,0.057883369330453564,0.6444924406047516,0.10642822
FOODS_2_394,FOODS_2,2385,1535,7792.0,3.267086,10,277,6,2.6815848,0.23836252,0.005450733752620545,0.6436058700209644,0.088888675
HOUSEHOLD_1_117,HOUSEHOLD_1,2753,1770,8468.0,3.0759172,10,277,6,8.252949,0.47813624,0.10170722847802398,0.6429349800217944,0.0579352
HOUSEHOLD_2_055,HOUSEHOLD_2,2758,1771,4001.0,1.450689,10,277,2,8.964199,0.15224972,0.0014503263234227702,0.6421319796954315,0.016984196
HOUSEHOLD_1_431,HOUSEHOLD_1,1643,1055,12485.0,7.5989046,10,169,7,7.416531,0.30442625,0.09373097991479001,0.6421180766889836,0.04104699
HOBBIES_2_076,HOBBIES_2,2685,1724,6243.0,2.3251398,10,275,4,2.7737207,0.11001418,0.0,0.6420856610800745,0.03966303
HOUSEHOLD_2_146,HOUSEHOLD_2,1097,704,2045.0,1.8641751,10,121,4,6.454129,0.17746952,0.011850501367365542,0.6417502278942571,0.027497051
FOODS_3_664,FOODS_3,2758,1769,69436.0,25.176214,10,277,8,2.1380312,0.15691763,0.046773023930384336,0.6414068165337201,0.073393516
HOUSEHOLD_1_115,HOUSEHOLD_1,2235,1433,5861.0,2.6223714,10,224,6,4.953454,0.12336001,0.0017897091722595079,0.6411633109619687,0.024903836
HOBBIES_1_397,HOBBIES_1,1964,1259,6712.0,3.4175153,10,218,4,4.2541957,0.25297517,0.06619144602851323,0.6410386965376782,0.059464864
FOODS_2_069,FOODS_2,1946,1247,3623.0,1.8617678,10,215,3,9.47075,0.51022124,0.0565262076053443,0.6408016443987667,0.053873375
HOBBIES_2_139,HOBBIES_2,1675,1073,2276.0,1.358806,10,169,2,4.9679103,0.03226502,0.00417910447761194,0.6405970149253731,0.0064946865
FOODS_3_175,FOODS_3,2652,1698,9668.0,3.6455505,10,270,6,7.243401,0.29001653,0.057692307692307696,0.6402714932126696,0.040038723
HOUSEHOLD_1_300,HOUSEHOLD_1,870,557,1190.0,1.3678161,10,96,3,4.873253,0.14066625,0.0022988505747126436,0.6402298850574712,0.02886496
HOBBIES_1_346,HOBBIES_1,1437,920,2880.0,2.0041754,10,171,4,3.9599097,0.16501813,0.0041753653444676405,0.640222686151705,0.041672196
FOODS_3_685,FOODS_3,2770,1773,20014.0,7.2252707,10,277,9,2.4585667,0.17789449,0.02888086642599278,0.640072202166065,0.07235699
HOBBIES_1_234,HOBBIES_1,2111,1351,59720.0,28.28991,10,245,2,0.2981999,0.018893061,0.006158218853623875,0.6399810516342965,0.06335703
HOUSEHOLD_2_103,HOUSEHOLD_2,1612,1031,3103.0,1.924938,10,172,2,1.970577,0.013365031,0.024193548387096774,0.6395781637717122,0.0067822933
FOODS_3_360,FOODS_3,2752,1760,16485.0,5.990189,10,277,7,2.1981177,0.2223295,0.09593023255813954,0.6395348837209303,0.1011454
FOODS_1_195,FOODS_1,2770,1771,14340.0,5.176895,10,277,9,2.2212021,0.0743191,0.025631768953068592,0.6393501805054151,0.033458956
HOUSEHOLD_1_012,HOUSEHOLD_1,2618,1673,7423.0,2.8353705,10,277,7,3.9120626,0.10771583,0.002291825821237586,0.6390374331550802,0.02753428
HOBBIES_1_113,HOBBIES_1,1543,986,2271.0,1.4718082,10,157,3,1.4693713,0.017463882,0.0012961762799740765,0.6390149060272197,0.011885274
HOBBIES_1_180,HOBBIES_1,1144,731,1382.0,1.2080419,10,116,3,19.94792,0.62592894,0.0026223776223776225,0.638986013986014,0.031378157
FOODS_2_362,FOODS_2,972,621,1669.0,1.7170782,10,113,8,7.4866157,0.45686457,0.22119341563786007,0.6388888888888888,0.061024178
HOUSEHOLD_2_206,HOUSEHOLD_2,2715,1734,3761.0,1.385267,10,277,6,2.8724053,0.08378394,0.002578268876611418,0.6386740331491713,0.029168565
HOBBIES_1_165,HOBBIES_1,2524,1612,3992.0,1.5816165,10,266,4,4.9570165,0.19627932,0.004358161648177496,0.6386687797147385,0.03959626
HOUSEHOLD_2_378,HOUSEHOLD_2,2762,1764,4277.0,1.5485156,10,277,2,6.9904776,0.009990373,0.0,0.6386676321506155,0.0014291402
HOUSEHOLD_2_256,HOUSEHOLD_2,2741,1749,10745.0,3.9201021,10,277,5,5.792043,0.23521279,0.09959868661072602,0.6380882889456403,0.04060964
FOODS_1_146,FOODS_1,2739,1747,11895.0,4.342826,10,277,7,2.2240198,0.05715128,0.02227090178897408,0.637824023366192,0.025697289
FOODS_2_080,FOODS_2,2401,1531,39046.0,16.26239,10,277,10,2.0957143,0.14120318,0.09246147438567263,0.6376509787588505,0.06737711
HOBBIES_1_349,HOBBIES_1,1975,1259,10251.0,5.1903796,10,198,4,11.238734,0.7014556,0.17518987341772152,0.6374683544303797,0.06241411
FOODS_2_246,FOODS_2,1070,682,6171.0,5.7672896,10,114,7,2.0857196,0.15227063,0.11962616822429907,0.6373831775700934,0.07300628
HOBBIES_1_141,HOBBIES_1,2770,1765,14966.0,5.4028883,10,277,12,14.789526,0.59920585,0.04223826714801444,0.6371841155234657,0.040515553
HOUSEHOLD_2_179,HOUSEHOLD_2,2769,1762,3757.0,1.3568075,10,277,11,5.934778,0.33412623,0.020946189960274468,0.6363308053448898,0.0562997
HOUSEHOLD_2_491,HOUSEHOLD_2,2652,1687,5493.0,2.071267,10,269,4,6.9625754,0.07962736,0.007541478129713424,0.6361236802413273,0.01143648
HOBBIES_1_121,HOBBIES_1,1669,1061,4464.0,2.6746554,10,170,2,1.0474535,0.05869115,0.0,0.6357100059916118,0.056032225
FOODS_3_147,FOODS_3,1043,663,8879.0,8.512943,10,167,2,3.5052156,0.19828151,0.10450623202301054,0.6356663470757431,0.056567565
HOUSEHOLD_1_533,HOUSEHOLD_1,2387,1516,6732.0,2.8202765,10,241,13,4.8963256,0.29429847,0.016338500209467952,0.6351068286552157,0.060105983
HOUSEHOLD_2_236,HOUSEHOLD_2,2758,1751,3597.0,1.3042059,10,277,3,8.478368,0.06943697,0.0007251631617113851,0.6348803480783176,0.008189898
HOBBIES_2_038,HOBBIES_2,1043,662,1856.0,1.7794822,10,106,1,0.97,0.0,0.0,0.6347075743048898,0.0
HOUSEHOLD_1_183,HOUSEHOLD_1,2242,1423,8223.0,3.6677074,10,252,8,4.7815123,0.4864861,0.04727921498661909,0.6347011596788582,0.10174315
FOODS_1_069,FOODS_1,2710,1719,17458.0,6.442066,10,277,7,2.50924,0.12767455,0.023247232472324724,0.6343173431734317,0.050881762
HOUSEHOLD_2_150,HOUSEHOLD_2,1904,1207,2596.0,1.3634454,10,196,1,6.97,0.0,0.0,0.6339285714285714,0.0
HOBBIES_1_251,HOBBIES_1,2338,1482,3716.0,1.5893927,10,277,6,15.483242,0.48288828,0.01710863986313088,0.6338751069289992,0.031187803
HOUSEHOLD_2_237,HOUSEHOLD_2,2075,1315,4377.0,2.1093976,10,209,2,5.9383903,0.051834356,0.0009638554216867469,0.6337349397590362,0.008728688
FOODS_3_453,FOODS_3,2295,1454,5253.0,2.288889,10,263,9,2.8003051,0.15628505,0.0579520697167756,0.6335511982570806,0.05581001
FOODS_3_800,FOODS_3,2757,1745,91608.0,33.22742,10,277,8,2.1372976,0.1569389,0.04570184983677911,0.6329343489299963,0.07342866
HOUSEHOLD_2_046,HOUSEHOLD_2,1686,1067,2908.0,1.7247924,10,170,3,7.0607233,0.29660004,0.08540925266903915,0.632858837485172,0.042007033
FOODS_2_133,FOODS_2,2274,1439,6368.0,2.8003519,10,277,11,2.7200925,0.23011379,0.10466138962181179,0.6328056288478452,0.08459778
HOUSEHOLD_2_165,HOUSEHOLD_2,2028,1283,2406.0,1.1863905,10,204,4,5.8407054,0.15546021,0.010355029585798817,0.6326429980276134,0.026616683
FOODS_2_166,FOODS_2,2770,1752,46415.0,16.756317,10,277,12,2.0947871,0.15184164,0.08628158844765343,0.6324909747292419,0.07248548
HOBBIES_1_197,HOBBIES_1,2505,1583,2768.0,1.10499,10,265,7,12.779286,0.30549833,0.0027944111776447107,0.631936127744511,0.023905743
HOUSEHOLD_2_507,HOUSEHOLD_2,2752,1739,8960.0,3.2558138,10,276,7,6.9555125,0.1640248,0.018168604651162792,0.6319040697674418,0.023581985
HOBBIES_1_259,HOBBIES_1,2436,1539,3803.0,1.5611658,10,277,3,1.0292037,0.14694403,0.03201970443349754,0.6317733990147784,0.14277449
HOUSEHOLD_2_327,HOUSEHOLD_2,2619,1654,4116.0,1.5715922,10,277,3,2.9895036,0.009995305,0.0,0.6315387552500955,0.0033434664
HOUSEHOLD_1_020,HOUSEHOLD_1,899,567,2853.0,3.173526,10,167,1,6.97,0.0,0.0,0.6307007786429366,0.0
HOBBIES_1_098,HOBBIES_1,2770,1747,10950.0,3.9530685,10,277,12,14.791028,0.59978384,0.04223826714801444,0.6306859205776173,0.04055052
HOBBIES_1_184,HOBBIES_1,2358,1487,3379.0,1.432994,10,275,7,12.323063,0.64962554,0.0,0.6306191687871077,0.05271624
HOUSEHOLD_2_205,HOUSEHOLD_2,2029,1278,2402.0,1.1838344,10,204,3,5.8482356,0.09599081,0.006899950714637753,0.629866929521932,0.016413635
HOBBIES_1_140,HOBBIES_1,1661,1046,5152.0,3.1017458,10,168,2,1.0473931,0.058678277,0.0,0.6297411198073449,0.056023166
HOUSEHOLD_2_269,HOUSEHOLD_2,2765,1741,3431.0,1.240868,10,277,5,10.357856,0.53448266,0.010488245931283906,0.6296564195298372,0.05160167
FOODS_2_177,FOODS_2,1795,1129,6567.0,3.658496,10,224,6,3.291727,0.13451436,0.0038997214484679664,0.6289693593314764,0.040864374
HOBBIES_2_117,HOBBIES_2,2692,1689,6369.0,2.3658988,10,275,4,2.7722511,0.110335454,0.0,0.6274145616641902,0.03979995
HOBBIES_1_368,HOBBIES_1,2767,1736,3786.0,1.3682688,10,277,4,4.2182794,0.06166352,0.0010842067220816769,0.627394289844597,0.014618169
HOUSEHOLD_2_452,HOUSEHOLD_2,2747,1723,6362.0,2.3159811,10,277,8,6.1983433,0.37925023,0.06115762650163815,0.6272297051328722,0.06118574
HOBBIES_2_088,HOBBIES_2,2754,1727,4913.0,1.7839506,10,277,3,2.7622657,0.069153085,0.00944081336238199,0.6270878721859114,0.025034914
FOODS_2_240,FOODS_2,2770,1736,54164.0,19.553791,10,277,14,2.0929387,0.15427822,0.09025270758122744,0.6267148014440433,0.07371368
HOUSEHOLD_1_402,HOUSEHOLD_1,859,538,1500.0,1.7462165,10,111,3,6.944819,0.16053613,0.024447031431897557,0.6263096623981373,0.023115955
HOUSEHOLD_2_345,HOUSEHOLD_2,2704,1693,3402.0,1.2581362,10,272,1,5.84,0.0,0.0,0.6261094674556213,0.0
HOBBIES_1_257,HOBBIES_1,2670,1671,3328.0,1.246442,10,277,9,16.801954,0.38641346,0.006741573033707865,0.6258426966292134,0.022998126
FOODS_3_500,FOODS_3,692,433,2105.0,3.0419075,10,71,5,2.3982804,0.3822124,0.03901734104046243,0.6257225433526011,0.15936935
HOBBIES_1_099,HOBBIES_1,2770,1733,15493.0,5.5931406,10,277,12,14.794185,0.59668857,0.038628158844765344,0.6256317689530686,0.04033264
HOUSEHOLD_2_475,HOUSEHOLD_2,2239,1400,4419.0,1.9736489,10,225,3,4.9626617,0.04699996,0.005806163465832961,0.6252791424743189,0.009470716
HOUSEHOLD_1_470,HOUSEHOLD_1,2746,1717,9609.0,3.4992716,10,277,2,2.978558,0.05342577,0.0007283321194464676,0.6252731245447924,0.01793679
FOODS_3_338,FOODS_3,1160,725,1797.0,1.549138,10,120,2,3.678069,0.046485405,0.0017241379310344827,0.625,0.012638535
FOODS_2_243,FOODS_2,2382,1488,4613.0,1.9366078,10,277,11,7.274324,0.62614346,0.06087321578505458,0.6246851385390428,0.08607583
HOUSEHOLD_1_108,HOUSEHOLD_1,2764,1726,2993.0,1.0828509,10,277,4,4.8522,0.06918813,0.004703328509406657,0.6244573082489147,0.014259126
HOBBIES_1_227,HOBBIES_1,2758,1721,4377.0,1.5870196,10,277,2,1.9692459,0.0054414035,0.0,0.6240029006526469,0.0027631915
FOODS_2_317,FOODS_2,2770,1728,6770.0,2.4440434,10,277,17,12.509523,1.2169287,0.151985559566787,0.623826714801444,0.09728018
FOODS_1_169,FOODS_1,2009,1253,7123.0,3.545545,10,206,6,3.2782779,0.23415615,0.0547536087605774,0.6236933797909407,0.07142657
FOODS_1_095,FOODS_1,2770,1725,7898.0,2.8512635,10,277,46,3.821195,0.73711574,0.06101083032490975,0.6227436823104693,0.1929019
HOUSEHOLD_1_333,HOUSEHOLD_1,2699,1680,11178.0,4.141534,10,277,3,2.9497852,0.22608103,0.0385327899221934,0.6224527602815858,0.07664321
HOBBIES_1_035,HOBBIES_1,2540,1581,3103.0,1.2216536,10,255,5,2.0216336,0.15911493,0.004330708661417323,0.6224409448818897,0.078706115
HOUSEHOLD_2_166,HOUSEHOLD_2,2769,1723,4624.0,1.669917,10,277,6,9.400318,0.4286549,0.014806789454676778,0.6222462983026363,0.04560004
HOUSEHOLD_2_214,HOUSEHOLD_2,2766,1721,3916.0,1.4157628,10,277,11,6.9142914,0.2599574,0.013015184381778741,0.6221981200289226,0.037597116
FOODS_3_600,FOODS_3,1641,1021,6827.0,4.1602683,10,165,6,2.500378,0.049728315,0.006093845216331505,0.6221815965874467,0.01988832
HOUSEHOLD_2_293,HOUSEHOLD_2,2768,1722,3793.0,1.3703035,10,277,5,7.1705275,0.28014466,0.006141618497109827,0.6221098265895953,0.039068907
FOODS_2_117,FOODS_2,976,607,6425.0,6.5829916,10,174,5,6.0476947,0.16200079,0.039959016393442626,0.6219262295081968,0.026787197
HOUSEHOLD_2_215,HOUSEHOLD_2,2766,1720,6254.0,2.2610269,10,277,6,1.902104,0.03378558,0.005422993492407809,0.6218365871294288,0.017762216
HOUSEHOLD_1_357,HOUSEHOLD_1,2766,1719,19299.0,6.9772234,10,277,13,12.018048,0.49763614,0.023138105567606652,0.6214750542299349,0.0414074
FOODS_3_718,FOODS_3,2638,1639,20999.0,7.960197,10,277,8,1.3000644,0.18889184,0.09893858984078847,0.6213040181956028,0.14529422
FOODS_2_186,FOODS_2,1859,1155,5122.0,2.7552447,10,197,4,5.372534,0.23427367,0.0849919311457773,0.621301775147929,0.04360581
FOODS_3_117,FOODS_3,2770,1721,65875.0,23.781588,10,277,8,2.1371913,0.15702146,0.04548736462093863,0.6212996389891696,0.07347094
FOODS_3_347,FOODS_3,2753,1710,33298.0,12.095169,10,277,9,2.1394043,0.15653199,0.04794769342535416,0.6211405739193607,0.073166154
FOODS_2_207,FOODS_2,2457,1526,4175.0,1.6992267,10,277,10,7.2789087,0.6225152,0.06267806267806268,0.6210826210826211,0.08552315
HOBBIES_1_117,HOBBIES_1,2761,1713,3555.0,1.2875769,10,277,11,12.1930895,0.7295059,0.0014487504527345165,0.6204273813835567,0.059829455
FOODS_3_483,FOODS_3,1791,1111,11932.0,6.6622,10,181,6,2.9477108,0.09335344,0.01954215522054718,0.620323841429369,0.03166981
FOODS_2_067,FOODS_2,2119,1314,14073.0,6.6413403,10,277,14,2.1123974,0.13684532,0.09060877772534215,0.6201038225578103,0.06478199
HOUSEHOLD_1_001,HOUSEHOLD_1,2756,1707,5873.0,2.130987,10,277,10,6.0769987,0.40428686,0.07148040638606676,0.6193759071117562,0.06652739
HOBBIES_2_029,HOBBIES_2,2673,1655,5246.0,1.9625889,10,275,6,2.7709203,0.11384374,0.001122334455667789,0.6191545080433969,0.041085172
FOODS_1_028,FOODS_1,1600,990,14563.0,9.101875,10,161,5,2.7548127,0.19682747,0.0925,0.61875,0.07144859
HOUSEHOLD_2_506,HOUSEHOLD_2,1792,1107,2546.0,1.420759,10,180,4,6.8076224,0.25916132,0.0016741071428571428,0.6177455357142857,0.038069285
HOBBIES_2_011,HOBBIES_2,2764,1706,4674.0,1.6910275,10,277,1,0.97,0.0,0.0,0.6172214182344429,0.0
FOODS_1_176,FOODS_1,2698,1665,8035.0,2.978132,10,277,10,3.215315,0.26302058,0.07301704966641957,0.617123795404003,0.08180243
HOUSEHOLD_2_436,HOUSEHOLD_2,2275,1401,3700.0,1.6263736,10,231,3,1.9578815,0.029184088,0.00043956043956043956,0.6158241758241758,0.014905953
HOUSEHOLD_1_216,HOUSEHOLD_1,937,577,1097.0,1.1707578,10,98,1,11.97,0.0,0.0,0.615795090715048,0.0
HOUSEHOLD_1_502,HOUSEHOLD_1,1142,702,1241.0,1.0866901,10,117,3,4.144221,0.12956697,0.0,0.6147110332749562,0.031264495
FOODS_3_451,FOODS_3,2351,1445,16098.0,6.847299,10,265,3,1.4646534,0.053779278,0.0004253509145044662,0.6146320714589536,0.036718093
HOBBIES_1_403,HOBBIES_1,2667,1639,3269.0,1.2257218,10,277,9,13.3998995,0.4795301,0.007124109486314211,0.6145481814773154,0.035786096
HOUSEHOLD_2_260,HOUSEHOLD_2,2769,1701,3731.0,1.3474178,10,277,4,6.9705057,0.1017891,0.0065005417118093175,0.6143011917659805,0.014602829
HOUSEHOLD_2_098,HOUSEHOLD_2,2768,1700,4305.0,1.5552746,10,277,4,3.299588,0.18233892,0.004696531791907515,0.6141618497109826,0.05526112
FOODS_1_039,FOODS_1,1954,1200,4725.0,2.4181166,10,201,2,2.4786184,0.027287971,0.00255885363357216,0.6141248720573184,0.011009348
HOBBIES_1_118,HOBBIES_1,2759,1693,3025.0,1.0964117,10,277,4,11.091591,0.08232163,0.004711852120333454,0.6136281261326567,0.0074219857
HOBBIES_2_060,HOBBIES_2,2740,1681,4728.0,1.7255474,10,277,3,0.97215337,0.021425083,0.010583941605839416,0.6135036496350365,0.02203879
HOUSEHOLD_2_430,HOUSEHOLD_2,1653,1013,2491.0,1.506957,10,184,2,3.9677799,0.09026713,0.0006049606775559589,0.6128251663641864,0.022750035
HOBBIES_2_085,HOBBIES_2,2763,1693,6015.0,2.1769814,10,277,2,0.9726059,0.022684092,0.009410061527325372,0.6127397756062252,0.023323005
FOODS_2_270,FOODS_2,1572,963,4257.0,2.7080152,10,173,11,3.4082696,0.20148161,0.11323155216284987,0.6125954198473282,0.059115514
HOBBIES_2_022,HOBBIES_2,2763,1691,3288.0,1.1900109,10,277,1,4.97,0.0,0.0,0.6120159247195078,0.0
FOODS_3_798,FOODS_3,1657,1014,3440.0,2.076041,10,171,1,1.98,0.0,0.0,0.611949305974653,0.0
FOODS_3_619,FOODS_3,1674,1024,3596.0,2.148148,10,172,5,2.826207,0.12020061,0.0017921146953405018,0.6117084826762246,0.04253072
FOODS_2_338,FOODS_2,2086,1276,11814.0,5.6634707,10,209,3,2.9332647,0.05809065,0.00047938638542665386,0.6116970278044104,0.019804094
HOBBIES_2_096,HOBBIES_2,2759,1687,4189.0,1.5183038,10,277,5,2.717528,0.11418045,0.0007249003262051468,0.6114534251540413,0.04201629
FOODS_3_345,FOODS_3,2768,1692,8382.0,3.0281792,10,277,8,2.5216763,0.2221803,0.043713872832369945,0.611271676300578,0.08810818
FOODS_2_354,FOODS_2,1417,866,4144.0,2.9244883,10,154,5,4.9525266,0.14354809,0.012702893436838392,0.611150317572336,0.028984819
FOODS_3_261,FOODS_3,2672,1631,13408.0,5.017964,10,277,6,4.4415455,0.16366236,0.049775449101796404,0.6104041916167665,0.036848065
HOBBIES_2_098,HOBBIES_2,2748,1677,5165.0,1.8795488,10,277,5,0.8444978,0.066510096,0.03784570596797671,0.6102620087336245,0.07875698
HOBBIES_1_094,HOBBIES_1,2653,1619,3775.0,1.4229175,10,267,4,12.96322,0.1668379,0.0022615906520919715,0.6102525442894836,0.0128700975
FOODS_2_230,FOODS_2,2381,1453,11483.0,4.8227634,10,277,11,2.1185887,0.13048853,0.09197816043679126,0.6102477950440991,0.061592195
HOUSEHOLD_2_484,HOUSEHOLD_2,2247,1371,3900.0,1.7356476,10,226,4,6.94174,0.18084532,0.024477080551846907,0.6101468624833111,0.026051871
FOODS_3_123,FOODS_3,2770,1690,9613.0,3.470397,10,277,7,2.5368013,0.19831656,0.04187725631768953,0.6101083032490975,0.078175835
FOODS_2_032,FOODS_2,1986,1211,19060.0,9.59718,10,277,11,2.084406,0.16274868,0.10926485397784491,0.6097683786505539,0.07807917
HOUSEHOLD_2_069,HOUSEHOLD_2,2220,1353,2440.0,1.099099,10,225,5,10.068951,0.44393873,0.0022522522522522522,0.6094594594594595,0.044089872
FOODS_3_068,FOODS_3,2644,1610,8123.0,3.072239,10,277,11,2.385352,0.22430046,0.12745839636913767,0.6089258698940998,0.09403244
HOUSEHOLD_2_039,HOUSEHOLD_2,2378,1448,4457.0,1.8742641,10,238,6,9.538596,0.62573034,0.012615643397813289,0.6089150546677881,0.06559984
HOBBIES_2_104,HOBBIES_2,1593,970,2095.0,1.3151287,10,161,2,2.967489,0.07084361,0.0012554927809165098,0.6089139987445072,0.023873251
FOODS_1_022,FOODS_1,1684,1025,3077.0,1.8271972,10,208,30,5.310024,0.6687878,0.03147268408551069,0.6086698337292161,0.12594818
HOBBIES_1_045,HOBBIES_1,907,552,1078.0,1.1885337,10,95,1,10.58,0.0,0.0,0.6085997794928335,0.0
HOBBIES_2_087,HOBBIES_2,1486,904,2251.0,1.5148048,10,163,1,0.97,0.0,0.0,0.6083445491251682,0.0
HOUSEHOLD_1_184,HOUSEHOLD_1,2770,1684,13969.0,5.04296,10,277,11,12.024012,0.45919484,0.023104693140794223,0.607942238267148,0.03818982
HOUSEHOLD_2_432,HOUSEHOLD_2,1125,683,1628.0,1.4471111,10,121,2,5.4651113,0.049220897,0.009777777777777778,0.6071111111111112,0.009006385
HOUSEHOLD_2_045,HOUSEHOLD_2,2768,1680,4246.0,1.5339595,10,277,8,8.365019,0.38487178,0.003973988439306358,0.6069364161849711,0.046009675
HOUSEHOLD_2_332,HOUSEHOLD_2,2765,1678,3673.0,1.3283906,10,277,10,6.5704017,0.23297666,0.03725135623869801,0.606871609403255,0.035458513
HOBBIES_1_405,HOBBIES_1,2668,1619,3791.0,1.4209145,10,277,6,12.184131,0.72938955,0.0,0.6068215892053973,0.0598639
FOODS_1_211,FOODS_1,2314,1404,4237.0,1.8310286,10,264,37,6.03239,0.6759789,0.04969749351771824,0.6067415730337079,0.11205822
HOBBIES_2_041,HOBBIES_2,1040,631,2283.0,2.1951923,10,128,2,1.9736539,0.117832996,0.0125,0.6067307692307692,0.059702966
FOODS_1_138,FOODS_1,2769,1680,11227.0,4.0545325,10,277,9,2.4995234,0.14297669,0.024918743228602384,0.6067172264355363,0.05720158
HOUSEHOLD_2_460,HOUSEHOLD_2,2283,1385,2541.0,1.1130092,10,244,4,5.931419,0.2307897,0.004380201489268506,0.6066579062636881,0.038909696
FOODS_3_379,FOODS_3,2064,1252,6306.0,3.0552325,10,210,5,2.1967878,0.23797253,0.11724806201550388,0.6065891472868217,0.1083275
HOUSEHOLD_2_455,HOUSEHOLD_2,2751,1668,3706.0,1.3471465,10,277,6,7.4401965,0.2942227,0.0007270083605961468,0.6063249727371864,0.03954502
FOODS_2_298,FOODS_2,2341,1417,4991.0,2.131995,10,277,18,12.514857,1.293961,0.15762494660401538,0.6052968816744981,0.103393994
HOUSEHOLD_2_077,HOUSEHOLD_2,812,491,869.0,1.070197,10,86,2,4.159643,1.3070004,0.16009852216748768,0.604679802955665,0.31420973
FOODS_3_696,FOODS_3,918,555,2199.0,2.3954248,10,97,3,4.5050983,0.028517356,0.002178649237472767,0.6045751633986928,0.0063300184
HOUSEHOLD_1_410,HOUSEHOLD_1,2769,1674,40488.0,14.621885,10,277,14,4.2647057,0.3941582,0.07006139400505598,0.6045503791982665,0.09242331
HOUSEHOLD_2_028,HOUSEHOLD_2,2768,1673,3550.0,1.2825145,10,277,2,5.939321,0.025262792,0.000722543352601156,0.604407514450867,0.0042534815
FOODS_3_630,FOODS_3,2770,1674,6589.0,2.3787003,10,277,8,2.5307004,0.20288587,0.03790613718411552,0.604332129963899,0.08016985
FOODS_1_119,FOODS_1,2769,1672,6509.0,2.3506682,10,277,9,3.3105056,0.20926176,0.03539183820873962,0.6038280967858433,0.06321142
FOODS_3_762,FOODS_3,2679,1617,6172.0,2.3038447,10,277,6,3.619597,0.13298854,0.08137364688316535,0.6035834266517357,0.036741257
FOODS_2_235,FOODS_2,2153,1299,7252.0,3.3683233,10,264,11,2.7071993,0.3267918,0.13376683697166744,0.6033441709242917,0.12071213
HOUSEHOLD_1_052,HOUSEHOLD_1,2207,1331,4337.0,1.965111,10,222,7,4.0446305,0.20827734,0.014952424105120073,0.6030811055731763,0.051494777
FOODS_1_089,FOODS_1,1499,904,3157.0,2.1060708,10,169,8,3.3359706,0.20875315,0.03135423615743829,0.6030687124749833,0.062576436
HOUSEHOLD_2_320,HOUSEHOLD_2,2242,1352,4203.0,1.8746655,10,226,5,8.513132,0.19294477,0.06868867082961641,0.6030330062444246,0.022664368
FOODS_3_540,FOODS_3,2683,1616,60046.0,22.38017,10,271,4,3.024905,0.12842102,0.09616101379053299,0.6023108460678345,0.042454563
HOUSEHOLD_2_186,HOUSEHOLD_2,616,371,940.0,1.525974,10,72,1,9.98,0.0,0.0,0.6022727272727273,0.0
HOUSEHOLD_2_387,HOUSEHOLD_2,1697,1022,2438.0,1.4366529,10,171,6,5.9886036,0.34327725,0.07955215085444903,0.6022392457277549,0.05732175
HOBBIES_2_132,HOBBIES_2,648,390,1336.0,2.0617285,10,97,2,2.8712964,0.12771994,0.004629629629629629,0.6018518518518519,0.044481628
HOUSEHOLD_2_416,HOUSEHOLD_2,2670,1606,8275.0,3.099251,10,277,6,3.2461047,0.11022455,0.0026217228464419477,0.601498127340824,0.033955947
FOODS_2_165,FOODS_2,1395,839,2670.0,1.9139785,10,155,10,3.9266021,0.16201054,0.06953405017921147,0.6014336917562724,0.04125973
FOODS_2_188,FOODS_2,2583,1553,6876.0,2.662021,10,277,12,2.680728,0.30413997,0.10181958962446767,0.6012388695315525,0.113454245
HOUSEHOLD_1_267,HOUSEHOLD_1,1280,769,4976.0,3.8875,10,163,5,9.721398,0.20933236,0.034375,0.60078125,0.021533154
HOBBIES_2_058,HOBBIES_2,1242,746,2561.0,2.0619967,10,277,2,0.49584544,0.010366465,0.0,0.6006441223832528,0.020906646
HOUSEHOLD_2_302,HOUSEHOLD_2,1904,1143,3745.0,1.9669118,10,191,4,3.0665126,0.19485155,0.06932773109243698,0.6003151260504201,0.06354174
HOUSEHOLD_1_157,HOUSEHOLD_1,2686,1612,15709.0,5.8484735,10,272,7,4.346009,0.26898825,0.05249441548771407,0.6001489203276247,0.06189317
HOBBIES_1_110,HOBBIES_1,2761,1657,2994.0,1.0843897,10,277,1,3.67,0.0,0.0,0.6001448750452735,0.0
HOBBIES_2_072,HOBBIES_2,1599,959,1960.0,1.2257661,10,162,4,7.2482986,0.90702206,0.0006253908692933083,0.5997498436522827,0.12513585
HOUSEHOLD_2_029,HOUSEHOLD_2,2768,1660,4161.0,1.5032514,10,277,8,10.41723,0.4764337,0.059248554913294796,0.5997109826589595,0.04573516
FOODS_3_790,FOODS_3,1193,715,2646.0,2.217938,10,122,5,2.489321,0.25276783,0.05951383067896061,0.5993294216261525,0.10154088
HOUSEHOLD_2_459,HOUSEHOLD_2,1138,682,1519.0,1.3347979,10,121,3,18.807743,0.9413481,0.0026362038664323375,0.5992970123022847,0.050051093
HOUSEHOLD_2_220,HOUSEHOLD_2,2770,1660,4522.0,1.632491,10,277,7,7.1059637,0.26248255,0.06209386281588448,0.5992779783393501,0.036938347
HOUSEHOLD_2_014,HOUSEHOLD_2,2767,1657,3076.0,1.1116732,10,277,4,5.9731255,0.07666034,0.005059631369714492,0.5988435128297795,0.012834209
HOUSEHOLD_1_035,HOUSEHOLD_1,2284,1366,5188.0,2.2714536,10,258,4,4.6185594,0.13163243,0.006567425569176883,0.5980735551663747,0.028500756
HOBBIES_1_307,HOBBIES_1,2113,1263,2242.0,1.0610507,10,225,1,3.9700003,0.0,0.0,0.5977283483199243,0.0
FOODS_2_006,FOODS_2,1892,1130,2393.0,1.2647991,10,215,9,10.278906,0.6456089,0.10359408033826638,0.5972515856236786,0.06280911
FOODS_3_422,FOODS_3,2769,1652,25186.0,9.095702,10,277,10,2.1376164,0.16246639,0.044420368364030335,0.5966052726616107,0.07600353
HOUSEHOLD_2_053,HOUSEHOLD_2,2286,1363,4089.0,1.7887139,10,230,5,1.9554374,0.058350466,0.003499562554680665,0.5962379702537183,0.02984011
FOODS_1_008,FOODS_1,2281,1360,4014.0,1.7597545,10,240,5,3.3486629,0.20687737,0.04690925032880316,0.5962297238053486,0.061779097
FOODS_1_009,FOODS_1,2192,1306,7399.0,3.375456,10,220,10,2.391752,0.19564483,0.13914233576642335,0.5958029197080292,0.0817998
HOBBIES_1_003,HOBBIES_1,1143,681,1504.0,1.3158355,10,120,4,2.9655468,0.14896029,0.014873140857392825,0.5958005249343832,0.050230294
HOUSEHOLD_2_462,HOUSEHOLD_2,2768,1649,3256.0,1.1763005,10,277,12,8.280423,0.5231698,0.05491329479768786,0.5957369942196532,0.063181534
HOBBIES_1_102,HOBBIES_1,1718,1023,1974.0,1.1490104,10,211,1,4.98,0.0,0.0,0.5954598370197904,0.0
FOODS_3_149,FOODS_3,2237,1331,7129.0,3.1868575,10,229,8,2.4651318,0.20581254,0.030844881537773806,0.5949932945909701,0.08348947
HOBBIES_2_065,HOBBIES_2,1056,628,1339.0,1.2679924,10,109,1,0.5,0.0,0.0,0.5946969696969697,0.0
HOBBIES_2_145,HOBBIES_2,2691,1600,5450.0,2.0252695,10,275,5,2.770747,0.11136637,0.0003716090672612412,0.5945745076179859,0.04019363
HOUSEHOLD_2_263,HOUSEHOLD_2,1216,723,1777.0,1.4613487,10,125,1,5.47,0.0,0.0,0.5945723684210527,0.0
FOODS_2_090,FOODS_2,974,579,1762.0,1.809035,10,120,5,8.928398,0.2918441,0.014373716632443531,0.5944558521560575,0.032687172
HOUSEHOLD_2_198,HOUSEHOLD_2,2766,1644,3710.0,1.341287,10,277,7,7.8651876,0.2190957,0.0010845986984815619,0.5943600867678959,0.027856387
FOODS_3_359,FOODS_3,1259,747,2571.0,2.0420969,10,127,2,2.7792058,0.028182995,0.0007942811755361397,0.5933280381254964,0.010140665
HOUSEHOLD_2_182,HOUSEHOLD_2,2767,1640,3594.0,1.2988796,10,277,4,6.9841166,0.17518136,0.0014456089627755693,0.5926996747379834,0.025082823
HOBBIES_2_051,HOBBIES_2,2765,1638,3422.0,1.237613,10,277,4,1.8203436,0.20064312,0.009403254972875226,0.5924050632911393,0.11022267
FOODS_1_189,FOODS_1,2200,1303,4597.0,2.0895455,10,221,7,2.3591864,0.23902757,0.12318181818181818,0.5922727272727273,0.1013178
FOODS_3_457,FOODS_3,2190,1297,5987.0,2.73379,10,229,10,2.4593651,0.21865156,0.036073059360730596,0.5922374429223745,0.08890569
HOUSEHOLD_2_226,HOUSEHOLD_2,2768,1637,5160.0,1.8641618,10,277,5,6.962121,0.08619835,0.010115606936416185,0.5914017341040463,0.012381048
HOUSEHOLD_2_466,HOUSEHOLD_2,2676,1582,4749.0,1.7746637,10,275,16,7.542963,4.4317226,0.10164424514200299,0.5911808669656203,0.58753073
HOUSEHOLD_2_177,HOUSEHOLD_2,1263,746,2027.0,1.604909,10,129,1,2.98,0.0,0.0,0.5906571654790183,0.0
HOUSEHOLD_1_154,HOUSEHOLD_1,2326,1373,6499.0,2.7940671,10,277,5,3.244239,0.17462909,0.04557179707652623,0.5902837489251934,0.053827442
HOBBIES_1_294,HOBBIES_1,1706,1004,2153.0,1.2620164,10,172,1,3.88,0.0,0.0,0.5885111371629543,0.0
FOODS_2_281,FOODS_2,2387,1404,3575.0,1.4976958,10,277,9,7.248974,0.65089977,0.07038123167155426,0.5881860075408463,0.08979199
FOODS_3_472,FOODS_3,684,402,1170.0,1.7105263,10,72,1,1.97,0.0,0.0,0.5877192982456141,0.0
FOODS_2_303,FOODS_2,2372,1394,12988.0,5.4755483,10,277,17,2.1134655,0.14334959,0.09822934232715008,0.5876897133220911,0.06782679
FOODS_2_263,FOODS_2,2435,1431,7185.0,2.9507186,10,274,18,5.9500327,0.79317254,0.09609856262833676,0.5876796714579056,0.13330558
HOBBIES_1_271,HOBBIES_1,2209,1298,3182.0,1.4404708,10,224,1,5.77,0.0,0.0,0.5875961973743775,0.0
HOBBIES_2_131,HOBBIES_2,2645,1554,6175.0,2.3345935,10,277,6,6.0458565,0.13905701,0.005671077504725898,0.587523629489603,0.023000382
FOODS_3_059,FOODS_3,2667,1566,36333.0,13.623172,10,277,9,2.1369967,0.1589206,0.04349456317960255,0.5871766029246345,0.07436633
HOUSEHOLD_2_478,HOUSEHOLD_2,2018,1184,2086.0,1.0336968,10,204,2,4.939331,0.03005199,0.0004955401387512388,0.5867195242814668,0.0060842223
HOUSEHOLD_2_015,HOUSEHOLD_2,2769,1623,4304.0,1.5543518,10,277,5,4.400661,0.08738068,0.006861682918020947,0.5861321776814734,0.019856261
FOODS_3_200,FOODS_3,2513,1472,14832.0,5.902109,10,277,11,2.158078,0.20975481,0.05411858336649423,0.5857540787902905,0.09719519
HOBBIES_1_250,HOBBIES_1,2224,1302,2781.0,1.2504497,10,224,6,4.8770776,0.075440235,0.0085431654676259,0.585431654676259,0.015468328
HOBBIES_2_149,HOBBIES_2,1558,912,3121.0,2.0032094,10,160,3,1.51276,0.7226783,0.08600770218228498,0.5853658536585366,0.4777217
HOUSEHOLD_2_334,HOUSEHOLD_2,2599,1520,3462.0,1.3320508,10,277,5,2.980531,0.062227905,0.001923816852635629,0.5848403232012312,0.020878127
HOBBIES_2_044,HOBBIES_2,1951,1141,2099.0,1.0758586,10,212,2,4.465387,0.083076976,0.0030753459764223477,0.5848282931829831,0.018604653
HOUSEHOLD_2_121,HOUSEHOLD_2,2277,1331,3249.0,1.4268775,10,231,3,1.9581774,0.029045591,0.0004391743522178305,0.5845410628019324,0.014832972
HOBBIES_1_190,HOBBIES_1,1290,754,1327.0,1.0286821,10,130,2,9.962264,0.19640484,0.0015503875968992248,0.5844961240310077,0.01971488
FOODS_3_443,FOODS_3,1403,820,3344.0,2.383464,10,143,7,2.482623,0.13053043,0.022808267997148968,0.5844618674269423,0.052577626
HOBBIES_2_018,HOBBIES_2,1951,1140,3637.0,1.8641722,10,214,4,3.3588262,0.07130077,0.015889287544848796,0.5843157355202461,0.021227883
HOBBIES_1_145,HOBBIES_1,2648,1547,6048.0,2.283988,10,277,6,1.296401,0.049890727,0.017371601208459216,0.584214501510574,0.038484022
HOBBIES_2_081,HOBBIES_2,1582,924,2428.0,1.5347661,10,164,3,2.052554,0.1885369,0.0897597977243995,0.584070796460177,0.09185479
HOBBIES_2_116,HOBBIES_2,2766,1614,3762.0,1.3600868,10,277,3,2.9717355,0.043994375,0.009761388286334056,0.5835140997830802,0.01480427
HOBBIES_2_046,HOBBIES_2,2768,1615,3299.0,1.1918353,10,277,2,2.7781646,0.24318352,0.0,0.5834537572254336,0.08753388
HOUSEHOLD_2_019,HOUSEHOLD_2,2755,1606,3442.0,1.2493647,10,277,4,9.435278,0.27857423,0.010526315789473684,0.5829401088929219,0.029524751
HOUSEHOLD_2_454,HOUSEHOLD_2,1764,1028,3720.0,2.1088436,10,179,2,7.9665813,0.08284396,0.0017006802721088435,0.5827664399092971,0.010398935
FOODS_3_799,FOODS_3,2759,1606,3182.0,1.1533164,10,277,4,2.0990286,0.06697388,0.0,0.5820949619427329,0.03190708
FOODS_2_096,FOODS_2,1131,658,1334.0,1.1794872,10,133,3,7.957914,0.17746663,0.0008841732979664014,0.5817860300618921,0.022300648
FOODS_1_148,FOODS_1,1781,1036,3635.0,2.0409882,10,208,32,5.2842226,0.64443034,0.04884896125772038,0.5816956765861875,0.12195367
HOBBIES_2_095,HOBBIES_2,1054,613,1450.0,1.3757116,10,110,1,0.88,0.0,0.0,0.5815939278937381,0.0
HOBBIES_1_315,HOBBIES_1,2717,1580,3208.0,1.180714,10,277,5,4.3460765,0.6593456,0.001840264998159735,0.5815237394184762,0.15171054
HOUSEHOLD_2_107,HOUSEHOLD_2,2651,1541,2672.0,1.0079216,10,277,2,11.972377,0.04072469,0.004903809883062995,0.5812900792153904,0.0034015544
HOUSEHOLD_1_222,HOUSEHOLD_1,2704,1571,21965.0,8.123151,10,271,6,10.324572,0.5199796,0.06878698224852071,0.580991124260355,0.05036331
HOBBIES_1_299,HOBBIES_1,2523,1465,3654.0,1.4482758,10,253,2,1.2696275,0.018714111,0.00039635354736424893,0.5806579468886246,0.014739845
FOODS_2_223,FOODS_2,2271,1318,9456.0,4.1638045,10,272,12,2.1181507,0.1328741,0.0959929546455306,0.5803610744165566,0.062731184
FOODS_2_073,FOODS_2,945,548,1126.0,1.1915344,10,101,2,5.93327,0.09508479,0.0,0.5798941798941799,0.016025698
HOUSEHOLD_2_152,HOUSEHOLD_2,2750,1592,3942.0,1.4334545,10,277,6,12.339007,0.75724113,0.04363636363636364,0.5789090909090909,0.061369695
FOODS_2_227,FOODS_2,1472,852,6113.0,4.1528535,10,164,6,4.3754754,0.21619418,0.06657608695652174,0.5788043478260869,0.049410444
FOODS_2_268,FOODS_2,1713,991,3007.0,1.7554,10,185,9,3.5589375,0.17343703,0.04203152364273205,0.5785172212492703,0.04873281
HOUSEHOLD_2_234,HOUSEHOLD_2,2740,1585,4470.0,1.6313869,10,277,5,5.8789854,0.11150141,0.004744525547445255,0.5784671532846716,0.018966097
HOUSEHOLD_2_032,HOUSEHOLD_2,1838,1063,2328.0,1.2665942,10,186,7,8.272819,0.72258675,0.008705114254624592,0.5783460282916213,0.08734468
FOODS_3_758,FOODS_3,2197,1270,4447.0,2.024124,10,228,6,2.4560082,0.22887932,0.04005461993627674,0.5780609922621757,0.093191594
HOUSEHOLD_1_332,HOUSEHOLD_1,1436,830,3093.0,2.1538997,10,162,6,9.741246,0.30599707,0.008356545961002786,0.5779944289693594,0.03141252
FOODS_1_056,FOODS_1,1322,764,3232.0,2.4447806,10,134,3,2.2308698,0.0714323,0.0264750378214826,0.5779122541603631,0.03201993
HOUSEHOLD_2_151,HOUSEHOLD_2,957,553,1237.0,1.292581,10,97,2,4.436562,0.04007041,0.0073145245559038665,0.5778474399164054,0.009031861
HOUSEHOLD_2_394,HOUSEHOLD_2,2770,1599,4439.0,1.602527,10,277,6,6.1884117,0.18290924,0.01552346570397112,0.5772563176895307,0.029556733
HOUSEHOLD_1_163,HOUSEHOLD_1,1395,805,1579.0,1.1318996,10,171,2,9.977863,0.07978644,0.0007168458781362007,0.5770609318996416,0.007996346
HOBBIES_2_017,HOBBIES_2,2120,1223,2786.0,1.3141509,10,214,5,0.5370472,0.036646307,0.06179245283018868,0.5768867924528301,0.06823666
FOODS_2_260,FOODS_2,2248,1296,6744.0,3.0,10,263,11,2.7381408,0.23415469,0.11165480427046263,0.5765124555160143,0.08551594
FOODS_3_057,FOODS_3,2649,1527,9900.0,3.7372594,10,277,6,2.8074708,0.1602305,0.12306530766326916,0.5764439411098528,0.0570729
FOODS_2_154,FOODS_2,2342,1350,4290.0,1.8317677,10,277,14,12.522631,1.2600099,0.1511528608027327,0.5764304013663536,0.10061862
HOBBIES_2_136,HOBBIES_2,2688,1547,4442.0,1.6525297,10,275,9,2.770971,0.112644576,0.002976190476190476,0.5755208333333334,0.04065166
HOUSEHOLD_2_351,HOUSEHOLD_2,2710,1559,3059.0,1.1287823,10,277,2,5.936723,0.12059607,0.0007380073800738007,0.5752767527675277,0.020313576
HOUSEHOLD_2_173,HOUSEHOLD_2,2669,1535,4519.0,1.6931435,10,269,7,6.925642,0.19946854,0.06219557886849007,0.575121768452604,0.02880145
HOUSEHOLD_1_056,HOUSEHOLD_1,2770,1593,8794.0,3.1747293,10,277,14,11.87721,1.0562501,0.03032490974729242,0.5750902527075812,0.08893083
HOUSEHOLD_2_311,HOUSEHOLD_2,2766,1590,5044.0,1.8235719,10,277,7,5.90359,0.20043199,0.03506869125090383,0.5748373101952278,0.033950865
HOUSEHOLD_2_362,HOUSEHOLD_2,2767,1590,2948.0,1.0654138,10,277,4,3.7154138,0.20641322,0.0021684134441633538,0.5746295627032888,0.055555917
HOUSEHOLD_1_085,HOUSEHOLD_1,2245,1290,2419.0,1.0775056,10,225,5,16.552263,0.50443363,0.0026726057906458797,0.5746102449888641,0.030475207
FOODS_1_011,FOODS_1,2750,1579,10367.0,3.769818,10,277,6,2.514949,0.11396673,0.01818181818181818,0.5741818181818181,0.04531572
HOUSEHOLD_2_261,HOUSEHOLD_2,2768,1589,4561.0,1.6477602,10,277,7,7.0956144,0.26408795,0.06213872832369942,0.5740606936416185,0.037218474
FOODS_1_135,FOODS_1,2737,1571,9283.0,3.3916698,10,277,7,2.507088,0.13037774,0.018268176835951774,0.5739861161856047,0.052003656
HOUSEHOLD_2_093,HOUSEHOLD_2,2731,1567,7823.0,2.8645184,10,277,7,3.2241595,0.24575736,0.012449652142072502,0.5737824972537532,0.076223694
HOBBIES_2_048,HOBBIES_2,2688,1540,4715.0,1.7540922,10,275,8,2.771172,0.11237572,0.0018601190476190475,0.5729166666666666,0.040551696
FOODS_3_640,FOODS_3,1501,859,7806.0,5.200533,10,162,4,1.4993072,0.019675355,0.0013324450366422385,0.5722851432378414,0.013122965
HOUSEHOLD_2_020,HOUSEHOLD_2,1295,741,1395.0,1.0772201,10,131,1,8.47,0.0,0.0,0.5722007722007721,0.0
FOODS_1_098,FOODS_1,1840,1052,6104.0,3.3173914,10,193,36,5.412625,0.94533366,0.18532608695652175,0.5717391304347826,0.17465346
FOODS_3_737,FOODS_3,1200,686,1706.0,1.4216666,10,122,1,3.48,0.0,0.0,0.5716666666666667,0.0
HOBBIES_1_289,HOBBIES_1,2767,1581,4049.0,1.4633176,10,277,1,4.97,0.0,0.0,0.5713769425370437,0.0
FOODS_2_123,FOODS_2,2063,1178,5628.0,2.728066,10,209,3,2.9339359,0.049227066,0.0009694619486185168,0.5710130877363063,0.016778508
FOODS_3_374,FOODS_3,2308,1317,7742.0,3.3544195,10,277,10,2.4050348,0.20240287,0.09142114384748701,0.5706239168110918,0.08415798
HOBBIES_1_303,HOBBIES_1,2719,1551,3323.0,1.2221406,10,277,3,8.892747,0.32125813,0.002206693637366679,0.5704303052592865,0.03612586
HOBBIES_1_274,HOBBIES_1,2046,1165,2825.0,1.3807429,10,223,2,9.8785925,0.06367071,0.0004887585532746823,0.5694037145650049,0.006445322
HOUSEHOLD_1_104,HOUSEHOLD_1,1465,834,1488.0,1.0156996,10,149,1,2.9699998,0.0,0.0,0.5692832764505119,0.0
HOBBIES_2_133,HOBBIES_2,2690,1530,4689.0,1.7431227,10,275,5,2.7726023,0.111340635,0.0,0.5687732342007435,0.04015745
FOODS_1_116,FOODS_1,2770,1574,11005.0,3.9729242,10,277,8,2.4949133,0.16295753,0.02851985559566787,0.5682310469314079,0.06531591
FOODS_3_173,FOODS_3,1909,1084,3024.0,1.5840755,10,192,9,11.218732,0.6519263,0.10110005238344683,0.5678365636458879,0.058110513
HOUSEHOLD_2_120,HOUSEHOLD_2,849,482,1027.0,1.2096584,10,86,1,7.94,0.0,0.0,0.5677267373380448,0.0
HOUSEHOLD_2_128,HOUSEHOLD_2,2769,1571,5657.0,2.042976,10,277,3,5.9176493,0.14724717,0.02275189599133261,0.5673528349584688,0.024882713
FOODS_3_165,FOODS_3,2383,1351,2906.0,1.2194712,10,277,11,3.4902897,0.22567716,0.001258917331095258,0.5669324381032312,0.064658575
HOUSEHOLD_2_255,HOUSEHOLD_2,2754,1561,3352.0,1.2171386,10,277,3,9.991206,0.13904029,0.005083514887436456,0.5668119099491649,0.013916267
FOODS_3_757,FOODS_3,2767,1568,62036.0,22.419949,10,277,12,2.5806072,0.18244384,0.15684857246114925,0.5666787134080231,0.07069803
HOBBIES_1_305,HOBBIES_1,2739,1552,3119.0,1.1387367,10,277,1,2.87,0.0,0.0,0.5666301569916028,0.0
FOODS_1_072,FOODS_1,2619,1484,7870.0,3.0049636,10,269,6,4.8642917,0.29217538,0.0057273768613974796,0.5666284841542574,0.06006535
HOUSEHOLD_2_476,HOUSEHOLD_2,1725,977,3073.0,1.7814493,10,217,4,3.9676347,0.059622508,0.0017391304347826088,0.566376811594203,0.015027217
HOBBIES_1_229,HOBBIES_1,1457,825,2062.0,1.4152368,10,171,9,6.446548,0.26006275,0.009608785175017159,0.5662319835277968,0.040341396
HOUSEHOLD_2_156,HOUSEHOLD_2,2484,1405,3364.0,1.3542674,10,277,5,7.0665774,0.20009589,0.005636070853462158,0.5656199677938808,0.028315814
HOUSEHOLD_2_224,HOUSEHOLD_2,2754,1557,2957.0,1.0737109,10,277,1,3.97,0.0,0.0,0.565359477124183,0.0
FOODS_3_093,FOODS_3,2611,1476,44560.0,17.066257,10,277,9,2.1159594,0.15818083,0.0497893527384144,0.5653006510915358,0.07475608
FOODS_3_017,FOODS_3,2767,1564,3021.0,1.0917962,10,277,3,2.023585,0.04988643,0.0,0.5652331044452475,0.0246525
HOBBIES_2_123,HOBBIES_2,2113,1193,2828.0,1.3383814,10,215,3,0.5384146,0.03415781,0.06152389966871746,0.5646000946521533,0.06344146
HOUSEHOLD_2_339,HOUSEHOLD_2,2679,1512,3266.0,1.2191116,10,269,6,6.9336505,0.17510827,0.05412467338559164,0.5643896976483762,0.025254846
HOBBIES_2_035,HOBBIES_2,1108,625,1148.0,1.0361011,10,140,2,4.465487,0.047307204,0.0,0.5640794223826715,0.010593963
FOODS_2_395,FOODS_2,1394,785,2435.0,1.7467719,10,154,9,3.9229412,0.16283019,0.07173601147776183,0.5631276901004304,0.04150717
HOUSEHOLD_1_033,HOUSEHOLD_1,2769,1557,14520.0,5.24377,10,277,13,4.252409,0.42371306,0.06753340556157457,0.562296858071506,0.09964071
HOBBIES_2_083,HOBBIES_2,2693,1513,5106.0,1.8960267,10,275,5,2.7700112,0.1319926,0.0014853323431117712,0.5618269587820275,0.047650564
HOBBIES_2_090,HOBBIES_2,1104,620,1594.0,1.4438406,10,119,2,1.5930073,0.06384203,0.0,0.5615942028985508,0.04007642
HOUSEHOLD_2_063,HOUSEHOLD_2,2764,1552,3049.0,1.1031114,10,277,5,4.666469,0.3940251,0.06439942112879884,0.5615050651230101,0.08443752
HOUSEHOLD_1_057,HOUSEHOLD_1,2559,1435,3580.0,1.398984,10,257,5,1.6867213,0.05790786,0.0011723329425556857,0.5607659241891364,0.034331612
FOODS_3_557,FOODS_3,1268,711,14456.0,11.400631,10,128,5,2.470694,0.14439212,0.04337539432176656,0.5607255520504731,0.058441926
HOBBIES_2_042,HOBBIES_2,2488,1395,4895.0,1.9674437,10,272,3,0.87655956,0.21805549,0.07837620578778134,0.5606913183279743,0.24876289
HOUSEHOLD_2_352,HOUSEHOLD_2,2769,1551,3554.0,1.2834959,10,277,5,2.9647598,0.120050065,0.007945106536655833,0.5601300108342362,0.04049234
FOODS_2_239,FOODS_2,1197,670,1438.0,1.2013366,10,148,8,12.607435,1.4921103,0.003341687552213868,0.5597326649958229,0.11835161
HOBBIES_2_069,HOBBIES_2,2721,1523,3445.0,1.2660786,10,277,3,2.971617,0.040551737,0.01065784638000735,0.559720690922455,0.013646354
HOBBIES_2_128,HOBBIES_2,2754,1541,3582.0,1.3006536,10,277,4,4.4902544,0.5435937,0.004357298474945534,0.5595497458242557,0.12106078
FOODS_3_249,FOODS_3,2770,1549,23232.0,8.387004,10,277,14,2.5602024,0.2190385,0.19458483754512634,0.5592057761732852,0.08555515
FOODS_3_646,FOODS_3,2769,1548,22954.0,8.289636,10,277,18,2.5682194,0.21341087,0.16251354279523295,0.5590465872156013,0.08309682
HOBBIES_2_054,HOBBIES_2,1650,922,2009.0,1.2175758,10,210,3,4.4557757,0.5021463,0.07939393939393939,0.5587878787878788,0.1126956
FOODS_1_212,FOODS_1,2191,1224,3090.0,1.4103149,10,220,11,6.127613,0.24567351,0.01597444089456869,0.5586490187129165,0.040092856
HOBBIES_2_068,HOBBIES_2,2626,1467,3261.0,1.2418126,10,273,3,1.9611272,0.092405036,0.005331302361005331,0.5586443259710586,0.04711833
HOUSEHOLD_1_258,HOUSEHOLD_1,1462,816,1345.0,0.91997266,10,149,2,2.9689193,0.041322198,0.0006839945280437756,0.5581395348837209,0.013918263
HOUSEHOLD_1_487,HOUSEHOLD_1,2404,1341,23733.0,9.872296,10,241,4,1.9389685,0.05403811,0.05449251247920133,0.5578202995008319,0.027869513
HOUSEHOLD_1_145,HOUSEHOLD_1,2770,1545,22156.0,7.998556,10,277,2,2.0417619,0.1106705,0.0,0.5577617328519856,0.054203432
HOBBIES_1_082,HOBBIES_1,2764,1540,2886.0,1.0441389,10,277,3,3.8477495,0.1625993,0.009406657018813314,0.557163531114327,0.042258285
HOUSEHOLD_2_360,HOUSEHOLD_2,1237,689,1610.0,1.301536,10,126,1,7.97,0.0,0.0,0.5569927243330639,0.0
HOUSEHOLD_2_489,HOUSEHOLD_2,2108,1174,2321.0,1.1010437,10,226,5,14.451467,0.32268494,0.003320683111954459,0.5569259962049335,0.022328872
HOUSEHOLD_2_433,HOUSEHOLD_2,2769,1542,3493.0,1.2614663,10,277,6,6.189906,0.19081248,0.010111953773925604,0.5568797399783315,0.030826394
HOBBIES_2_004,HOBBIES_2,2746,1529,3256.0,1.1857247,10,277,2,2.4710925,0.010396895,0.0,0.5568099053168245,0.0042074085
HOBBIES_2_137,HOBBIES_2,2077,1156,2326.0,1.1198845,10,216,2,2.9695184,0.02194228,0.00048146364949446316,0.5565719788155994,0.007389171
HOUSEHOLD_2_477,HOUSEHOLD_2,1555,864,7234.0,4.65209,10,159,4,5.908322,0.09471806,0.002572347266881029,0.5556270096463023,0.016031297
FOODS_2_169,FOODS_2,2270,1261,6330.0,2.7885463,10,227,10,5.864859,0.263825,0.018502202643171806,0.5555066079295155,0.04498403
FOODS_3_036,FOODS_3,1554,863,3826.0,2.4620335,10,159,2,2.870219,0.060195696,0.014800514800514801,0.5553410553410554,0.020972509
HOUSEHOLD_2_370,HOUSEHOLD_2,2769,1537,4931.0,1.7807872,10,277,5,6.107494,0.26769984,0.005417118093174431,0.5550740339472734,0.04383137
HOBBIES_2_093,HOBBIES_2,2623,1455,3274.0,1.2481891,10,272,1,1.97,0.0,0.0,0.5547083492184521,0.0
HOUSEHOLD_1_210,HOUSEHOLD_1,2729,1513,7408.0,2.7145474,10,277,13,4.6018286,0.2399164,0.021986075485525832,0.5544155368266764,0.052135013
FOODS_3_470,FOODS_3,2768,1534,13976.0,5.049133,10,277,5,1.8089379,0.11284551,0.04841040462427745,0.5541907514450867,0.06238219
HOUSEHOLD_2_252,HOUSEHOLD_2,2458,1361,3536.0,1.438568,10,246,7,6.9233274,0.22279221,0.015866558177379985,0.5537021969080553,0.032179933
HOUSEHOLD_1_513,HOUSEHOLD_1,2707,1498,11505.0,4.2500925,10,271,4,10.339472,0.48467818,0.05799778352419653,0.5533801256002955,0.046876494
FOODS_3_563,FOODS_3,653,361,1928.0,2.9525268,10,71,3,3.7645636,0.11433188,0.016845329249617153,0.552833078101072,0.030370554
HOBBIES_1_066,HOBBIES_1,1462,808,3028.0,2.0711355,10,148,2,1.249316,0.013063212,0.0027359781121751026,0.5526675786593708,0.010456291
HOUSEHOLD_2_344,HOUSEHOLD_2,1525,842,5953.0,3.9036067,10,160,8,5.849895,0.38202786,0.017704918032786884,0.5521311475409836,0.065305084
FOODS_3_590,FOODS_3,2770,1529,29938.0,10.807942,10,277,16,2.570769,0.20043297,0.1628158844765343,0.551985559566787,0.07796615
HOUSEHOLD_2_091,HOUSEHOLD_2,2013,1111,1997.0,0.99205166,10,203,2,8.732296,0.24975953,0.0004967709885742673,0.5519125683060109,0.028601816
FOODS_2_129,FOODS_2,1946,1074,2158.0,1.1089414,10,215,4,9.47188,0.10553938,0.0010277492291880781,0.5519013360739979,0.01114239
HOUSEHOLD_1_042,HOUSEHOLD_1,2707,1493,11537.0,4.261914,10,271,7,10.326502,0.5107653,0.06464721093461397,0.5515330624307351,0.0494616
HOBBIES_2_146,HOBBIES_2,2742,1512,4261.0,1.5539752,10,277,2,1.9689387,0.032073043,0.0010940919037199124,0.5514223194748359,0.016289508
HOUSEHOLD_2_363,HOUSEHOLD_2,2725,1502,4471.0,1.640734,10,277,4,6.2043967,0.31208488,0.0047706422018348625,0.5511926605504587,0.050300602
HOBBIES_2_140,HOBBIES_2,1777,978,3735.0,2.101857,10,213,3,2.6184018,0.15495758,0.07371975239167136,0.550365785030951,0.059180215
HOBBIES_1_176,HOBBIES_1,2566,1412,3118.0,1.2151208,10,265,9,5.72387,0.26627243,0.004676539360872954,0.5502727981293842,0.046519652
HOUSEHOLD_1_064,HOUSEHOLD_1,2081,1145,2735.0,1.3142719,10,227,2,5.7758865,0.13265339,0.0009610764055742432,0.5502162421912542,0.022966757
HOUSEHOLD_2_240,HOUSEHOLD_2,2655,1460,5844.0,2.20113,10,277,5,4.980403,0.12473825,0.003389830508474576,0.5499058380414312,0.025045816
FOODS_3_605,FOODS_3,2439,1341,12437.0,5.099221,10,277,10,2.582124,0.18407276,0.12628126281262814,0.5498154981549815,0.07128734
HOBBIES_1_138,HOBBIES_1,2135,1173,2664.0,1.2477752,10,221,1,5.88,0.0,0.0,0.5494145199063232,0.0
HOUSEHOLD_2_104,HOUSEHOLD_2,2745,1505,3155.0,1.1493624,10,277,3,4.9736648,0.066449754,0.004735883424408015,0.5482695810564663,0.013360321
HOBBIES_1_325,HOBBIES_1,1700,932,1557.0,0.91588235,10,171,3,6.4355297,0.1514008,0.002352941176470588,0.548235294117647,0.023525773
HOUSEHOLD_1_260,HOUSEHOLD_1,1483,813,1440.0,0.9710047,10,152,1,2.9700003,0.0,0.0,0.5482130815913688,0.0
FOODS_2_229,FOODS_2,2680,1468,26894.0,10.035074,10,277,12,2.1190374,0.13762738,0.0958955223880597,0.5477611940298508,0.06494807
FOODS_3_391,FOODS_3,2420,1324,10295.0,4.2541323,10,245,8,2.7878883,0.15834081,0.021074380165289255,0.547107438016529,0.056795966
HOBBIES_1_365,HOBBIES_1,2768,1512,2563.0,0.9259393,10,277,1,3.97,0.0,0.0,0.546242774566474,0.0
HOBBIES_1_290,HOBBIES_1,2758,1505,2902.0,1.0522118,10,277,5,5.49562,0.20374228,0.011965192168237854,0.5456852791878173,0.037073575
FOODS_3_823,FOODS_3,2649,1445,15679.0,5.918837,10,277,8,2.7917101,0.18993376,0.15477538693846735,0.5454888637221593,0.06803492
FOODS_3_143,FOODS_3,1465,798,4267.0,2.912628,10,157,8,2.4746075,0.118533835,0.030716723549488054,0.5447098976109215,0.047900055
HOBBIES_2_125,HOBBIES_2,2019,1099,2261.0,1.1198614,10,215,3,0.9631055,0.03404822,0.0029717682020802376,0.5443288756810302,0.03535253
HOUSEHOLD_2_318,HOUSEHOLD_2,1366,743,1396.0,1.0219619,10,180,1,3.97,0.0,0.0,0.5439238653001464,0.0
HOUSEHOLD_2_317,HOUSEHOLD_2,2747,1494,3329.0,1.2118675,10,277,7,4.4458904,0.14798883,0.007644703312704768,0.5438660356752821,0.033286657
FOODS_3_669,FOODS_3,2258,1227,18101.0,8.016386,10,239,4,0.7124048,0.065576896,0.005314437555358724,0.5434012400354296,0.09205005
FOODS_3_663,FOODS_3,2768,1504,15514.0,5.6047688,10,277,3,1.8067124,0.10750192,0.04804913294797688,0.5433526011560693,0.0595014
HOUSEHOLD_2_038,HOUSEHOLD_2,2750,1494,2851.0,1.0367273,10,277,2,5.93892,0.056635678,0.0003636363636363636,0.5432727272727272,0.009536359
HOUSEHOLD_2_122,HOUSEHOLD_2,2723,1476,4836.0,1.7759824,10,276,6,6.9597282,0.15159063,0.0058758721997796545,0.5420492104296731,0.021781113
HOUSEHOLD_2_258,HOUSEHOLD_2,2002,1085,1888.0,0.94305694,10,275,3,3.979266,0.010067753,0.0,0.541958041958042,0.0025300528
FOODS_3_387,FOODS_3,2770,1501,15154.0,5.470758,10,277,13,2.5915704,0.18677345,0.15920577617328519,0.5418772563176896,0.0720696
HOUSEHOLD_2_482,HOUSEHOLD_2,2422,1312,3313.0,1.3678778,10,243,4,5.881309,0.10290847,0.0008257638315441783,0.541701073492981,0.017497545
HOUSEHOLD_1_119,HOUSEHOLD_1,2667,1444,22129.0,8.297338,10,267,7,3.563802,0.23978728,0.05661792275965504,0.54143232095988,0.06728412
HOBBIES_1_193,HOBBIES_1,2769,1499,5285.0,1.9086313,10,277,6,8.500754,0.37157282,0.008306247742867461,0.5413506681112314,0.04371057
HOUSEHOLD_2_190,HOUSEHOLD_2,2501,1353,5763.0,2.3042784,10,251,3,0.9656097,0.041691225,0.005197920831667333,0.5409836065573771,0.043176062
FOODS_3_763,FOODS_3,2721,1471,6968.0,2.5608232,10,273,6,3.5844872,0.1557162,0.05328923190003675,0.5406100698272693,0.043441694
HOUSEHOLD_2_398,HOUSEHOLD_2,2764,1494,3520.0,1.2735167,10,277,4,7.871827,0.20376684,0.000361794500723589,0.540520984081042,0.025885584
HOUSEHOLD_2_271,HOUSEHOLD_2,2729,1475,3228.0,1.1828508,10,277,7,4.667827,0.18773614,0.009527299377061194,0.5404910223525101,0.040219173
HOUSEHOLD_2_479,HOUSEHOLD_2,2555,1380,4413.0,1.7272016,10,259,3,5.9119883,0.16223374,0.026223091976516635,0.5401174168297456,0.027441485
HOUSEHOLD_2_131,HOUSEHOLD_2,2766,1493,3270.0,1.1822126,10,277,10,12.1516485,0.49033263,0.021330441070137384,0.5397686189443239,0.04035112
HOUSEHOLD_2_010,HOUSEHOLD_2,2747,1481,2892.0,1.0527848,10,277,6,6.9689336,0.100415334,0.007644703312704768,0.5391336002912268,0.014408995
FOODS_2_087,FOODS_2,2315,1248,2862.0,1.2362851,10,277,12,10.122601,0.70435035,0.07861771058315335,0.5390928725701943,0.069581956
HOBBIES_2_002,HOBBIES_2,2768,1489,4018.0,1.4515896,10,277,3,1.819711,0.23258246,0.05635838150289017,0.5379335260115607,0.12781286
HOUSEHOLD_2_481,HOUSEHOLD_2,2750,1479,3008.0,1.0938182,10,277,4,7.964865,0.12058077,0.0018181818181818182,0.5378181818181819,0.015139085
HOBBIES_2_114,HOBBIES_2,1614,868,2336.0,1.4473358,10,164,5,2.0793743,0.25499725,0.11833952912019827,0.5377942998760843,0.12263172
HOUSEHOLD_1_148,HOUSEHOLD_1,1169,626,4219.0,3.6090677,10,117,6,5.863114,0.19678774,0.03507271171941831,0.5355004277159966,0.033563692
HOUSEHOLD_2_194,HOUSEHOLD_2,1050,562,1250.0,1.1904762,10,121,2,6.268095,0.06172134,0.0009523809523809524,0.5352380952380953,0.009846905
FOODS_3_171,FOODS_3,1080,578,1139.0,1.0546297,10,110,3,2.478074,0.037364453,0.001851851851851852,0.5351851851851852,0.015078021
HOUSEHOLD_2_379,HOUSEHOLD_2,2770,1482,4293.0,1.5498195,10,277,4,4.3990145,0.105616316,0.005415162454873646,0.5350180505415163,0.024009086
HOUSEHOLD_2_279,HOUSEHOLD_2,2411,1289,3093.0,1.2828702,10,243,3,4.4222894,0.069350205,0.01244296972210701,0.5346329323931979,0.015681969
HOUSEHOLD_2_009,HOUSEHOLD_2,1940,1037,3104.0,1.6,10,195,4,5.859876,0.13606188,0.006185567010309278,0.5345360824742268,0.02321924
HOUSEHOLD_1_060,HOUSEHOLD_1,1211,647,1103.0,0.9108175,10,152,4,29.943615,0.55436534,0.002477291494632535,0.5342691990090834,0.01851364
HOUSEHOLD_2_099,HOUSEHOLD_2,2758,1473,2604.0,0.9441624,10,277,1,5.94,0.0,0.0,0.5340826686004351,0.0
HOBBIES_1_261,HOBBIES_1,2221,1183,30760.0,13.849617,10,277,6,0.46885636,0.033545014,0.05222872579918955,0.5326429536244934,0.07154646
FOODS_3_693,FOODS_3,1326,705,1883.0,1.4200603,10,178,4,3.4853697,0.08622904,0.021116138763197588,0.5316742081447964,0.024740286
HOUSEHOLD_2_514,HOUSEHOLD_2,2767,1471,3193.0,1.1539574,10,277,11,18.783665,0.9192415,0.06071557643657391,0.5316226960607155,0.048938345
FOODS_3_510,FOODS_3,997,530,3673.0,3.6840522,10,102,4,2.058636,0.13714655,0.09428284854563691,0.5315947843530592,0.066620104
FOODS_3_700,FOODS_3,2766,1470,11486.0,4.152567,10,277,18,2.5962546,0.18360704,0.1561822125813449,0.5314533622559653,0.070719965
HOUSEHOLD_1_302,HOUSEHOLD_1,2676,1421,5122.0,1.9140508,10,277,6,8.393244,0.58007395,0.09155455904334828,0.53101644245142,0.06911201
HOBBIES_2_074,HOBBIES_2,2751,1460,2655.0,0.9651036,10,277,2,3.971745,0.0186023,0.0,0.5307161032351873,0.0046836594
FOODS_2_029,FOODS_2,2347,1245,34766.0,14.812953,10,277,10,10.660247,0.504746,0.06561567959096719,0.5304644226672348,0.047348436
HOBBIES_2_061,HOBBIES_2,2765,1466,3756.0,1.3584087,10,277,1,1.9700001,0.0,0.0,0.5301989150090416,0.0
HOUSEHOLD_2_168,HOUSEHOLD_2,2765,1464,2869.0,1.037613,10,277,9,6.928452,0.20853494,0.004701627486437613,0.5294755877034358,0.030098345
HOBBIES_2_020,HOBBIES_2,2717,1438,2494.0,0.91792417,10,277,4,3.7879465,0.15022586,0.000368052999631947,0.5292602134707398,0.03965892
FOODS_3_466,FOODS_3,654,346,1629.0,2.4908257,10,71,3,3.7589297,0.1382346,0.024464831804281346,0.5290519877675841,0.03677499
HOUSEHOLD_1_323,HOUSEHOLD_1,2754,1456,8675.0,3.1499636,10,277,10,4.919691,0.30881897,0.05010893246187364,0.5286855482933914,0.06277202
FOODS_3_275,FOODS_3,1258,665,6075.0,4.829094,10,128,8,2.4550557,0.17129356,0.06120826709062003,0.5286168521462639,0.06977176
HOUSEHOLD_2_282,HOUSEHOLD_2,2768,1462,10333.0,3.7330203,10,277,7,5.7120843,0.4484062,0.09501445086705203,0.528179190751445,0.07850133
HOBBIES_2_008,HOBBIES_2,2664,1406,2365.0,0.8877628,10,271,4,3.7957056,0.15200587,0.00037537537537537537,0.5277777777777778,0.0400468
HOUSEHOLD_2_516,HOUSEHOLD_2,2760,1456,2580.0,0.9347826,10,277,4,5.9364166,0.11597744,0.0010869565217391304,0.527536231884058,0.019536607
HOUSEHOLD_2_494,HOUSEHOLD_2,2766,1458,2740.0,0.99060017,10,277,3,5.938597,0.05868282,0.0007230657989877079,0.527114967462039,0.009881597
HOBBIES_1_053,HOBBIES_1,1614,850,3309.0,2.050186,10,164,2,3.9693804,0.024891337,0.0006195786864931846,0.5266418835192069,0.006270837
HOBBIES_2_130,HOBBIES_2,2767,1457,4385.0,1.5847489,10,277,5,6.877065,0.5781487,0.019515720997470183,0.5265630646910011,0.0840691
HOBBIES_1_188,HOBBIES_1,2172,1143,2042.0,0.94014734,10,224,5,12.862735,0.29042333,0.003683241252302026,0.5262430939226519,0.022578662
FOODS_3_643,FOODS_3,2721,1431,12729.0,4.6780596,10,273,4,1.809048,0.111810036,0.04851157662624035,0.525909592061742,0.06180601
HOUSEHOLD_2_233,HOUSEHOLD_2,2762,1452,2696.0,0.97610426,10,277,7,11.884066,0.5079427,0.007603186097031137,0.5257060101375814,0.04274149
HOBBIES_1_205,HOBBIES_1,2108,1108,1914.0,0.90796965,10,223,1,5.88,0.0,0.0,0.5256166982922201,0.0
FOODS_3_806,FOODS_3,1466,770,4386.0,2.9918144,10,158,8,2.464775,0.14252135,0.04638472032742155,0.5252387448840382,0.057823267
HOUSEHOLD_1_136,HOUSEHOLD_1,2770,1452,16254.0,5.86787,10,277,8,4.305014,0.2852864,0.05740072202166065,0.524187725631769,0.0662684
FOODS_3_522,FOODS_3,2655,1391,5703.0,2.1480227,10,277,7,2.5410962,0.19792359,0.036911487758945385,0.5239171374764595,0.077889055
HOBBIES_2_101,HOBBIES_2,2029,1063,2282.0,1.124692,10,214,3,0.53543127,0.033863246,0.06407097092163627,0.5239034006899951,0.063244805
HOUSEHOLD_2_487,HOUSEHOLD_2,1285,673,1091.0,0.8490272,10,129,3,9.959828,0.36219168,0.0031128404669260703,0.5237354085603113,0.036365252
HOUSEHOLD_2_464,HOUSEHOLD_2,2767,1449,2680.0,0.968558,10,277,2,2.8786194,0.051341113,0.0007228044813877846,0.52367184676545,0.017835325
HOBBIES_1_422,HOBBIES_1,2769,1450,2742.0,0.9902492,10,277,9,3.3983927,0.3045329,0.00288912964969303,0.5236547490068617,0.08961086
HOUSEHOLD_2_051,HOUSEHOLD_2,2739,1433,5305.0,1.9368383,10,277,3,9.969497,0.07033957,0.0,0.5231836436655714,0.007055478
HOUSEHOLD_1_199,HOUSEHOLD_1,2522,1319,3262.0,1.2934179,10,255,4,1.6871768,0.058123168,0.0007930214115781126,0.5229976209357653,0.034449957
HOUSEHOLD_2_078,HOUSEHOLD_2,2768,1447,7473.0,2.6997833,10,277,7,5.7112355,0.44906738,0.09031791907514451,0.5227601156069365,0.07862876
HOBBIES_2_092,HOBBIES_2,2106,1100,2105.0,0.9995252,10,213,1,4.97,0.0,0.0,0.5223171889838556,0.0
HOBBIES_1_360,HOBBIES_1,2766,1444,2826.0,1.0216919,10,277,9,14.852813,0.22312002,0.006146059291395517,0.5220535068691251,0.015022072
HOUSEHOLD_1_160,HOUSEHOLD_1,2698,1407,11241.0,4.1664195,10,271,4,10.333147,0.4932607,0.06263899184581172,0.5214974054855448,0.04773577
HOBBIES_1_083,HOBBIES_1,1843,961,2186.0,1.1861097,10,192,5,16.981302,0.88890743,0.0781334780249593,0.5214324470971242,0.05234625
HOBBIES_2_064,HOBBIES_2,1516,790,1571.0,1.0362797,10,163,1,0.97,0.0,0.0,0.521108179419525,0.0
HOBBIES_1_391,HOBBIES_1,2221,1157,3064.0,1.3795588,10,224,2,3.877632,0.078903936,0.0009004952723998199,0.5209365150832959,0.020348486
HOBBIES_1_385,HOBBIES_1,1181,615,1860.0,1.5749365,10,119,2,9.71265,0.43440464,0.01100762066045724,0.5207451312447079,0.044725653
HOUSEHOLD_2_473,HOUSEHOLD_2,2749,1431,3348.0,1.2178974,10,277,4,7.8280134,0.20183001,0.0014550745725718443,0.5205529283375773,0.025783043
FOODS_1_198,FOODS_1,2768,1437,8156.0,2.9465318,10,277,7,2.5072796,0.12427576,0.03540462427745665,0.5191473988439307,0.049565975
HOUSEHOLD_2_127,HOUSEHOLD_2,1941,1006,2879.0,1.4832561,10,195,5,5.8601136,0.13171232,0.0020607934054611026,0.5182895414734673,0.02247607
HOUSEHOLD_2_425,HOUSEHOLD_2,2739,1418,3206.0,1.1705002,10,277,5,8.366578,0.18734896,0.0003650967506389193,0.5177071924059876,0.022392543
HOBBIES_2_062,HOBBIES_2,2734,1413,2394.0,0.8756401,10,277,5,5.737557,0.3482818,0.0010972933430870519,0.5168251645940015,0.060702108
HOBBIES_1_284,HOBBIES_1,2214,1143,1985.0,0.8965673,10,223,2,4.8794312,0.026778227,0.00045167118337850043,0.516260162601626,0.0054879813
HOBBIES_2_050,HOBBIES_2,2736,1412,2694.0,0.9846491,10,277,2,1.9724854,0.022160294,0.009502923976608187,0.5160818713450293,0.011234706
HOUSEHOLD_2_292,HOUSEHOLD_2,2758,1422,2766.0,1.0029006,10,277,3,12.612495,2.521543,0.05184916606236403,0.5155910079767948,0.1999242
HOBBIES_1_401,HOBBIES_1,1925,992,1902.0,0.98805195,10,222,3,1.966852,0.056319565,0.003116883116883117,0.5153246753246753,0.02863437
HOUSEHOLD_2_169,HOUSEHOLD_2,1775,912,1623.0,0.9143662,10,180,1,5.84,0.0,0.0,0.5138028169014085,0.0
HOUSEHOLD_2_157,HOUSEHOLD_2,1217,625,1036.0,0.8512736,10,123,2,5.4707885,0.01945057,0.012325390304026294,0.5135579293344289,0.0035553502
HOBBIES_2_105,HOBBIES_2,2761,1417,2969.0,1.075335,10,277,3,2.5643353,0.14076729,0.04817095255342267,0.5132198478812025,0.05489426
HOBBIES_2_148,HOBBIES_2,2748,1409,3812.0,1.3871907,10,277,4,0.8430677,0.06749359,0.033114992721979625,0.5127365356622998,0.08005714
HOUSEHOLD_2_013,HOUSEHOLD_2,2558,1311,3918.0,1.5316653,10,259,3,5.9113407,0.18169726,0.02580140734949179,0.5125097732603596,0.030737065
FOODS_3_373,FOODS_3,2761,1414,10264.0,3.7174938,10,277,3,1.8181746,0.112467065,0.047446577327055414,0.5121332850416516,0.06185713
FOODS_1_057,FOODS_1,1658,849,3935.0,2.3733413,10,170,9,2.303848,0.20079422,0.15440289505428226,0.5120627261761158,0.08715602
HOUSEHOLD_2_023,HOUSEHOLD_2,1705,873,2446.0,1.434604,10,214,1,3.97,0.0,0.0,0.5120234604105571,0.0
FOODS_1_077,FOODS_1,2076,1062,2759.0,1.3289981,10,220,5,3.0587718,0.16425246,0.007707129094412331,0.5115606936416185,0.053698827
FOODS_3_027,FOODS_3,2441,1248,12143.0,4.974601,10,245,7,2.2794676,0.16426955,0.06759524784924212,0.5112658746415404,0.07206488
HOUSEHOLD_2_218,HOUSEHOLD_2,2709,1383,2406.0,0.88815063,10,277,5,11.447187,0.54270035,0.05906238464377999,0.5105204872646734,0.047409058
HOBBIES_1_389,HOBBIES_1,1162,593,993.0,0.8545611,10,118,4,11.925559,0.534445,0.0068846815834767644,0.5103270223752151,0.04481509
HOUSEHOLD_2_439,HOUSEHOLD_2,2765,1411,9887.0,3.5757685,10,277,10,5.6610994,0.47275114,0.08173598553345389,0.5103074141048825,0.083508715
FOODS_2_280,FOODS_2,2313,1180,3694.0,1.5970601,10,277,11,3.769075,0.27807984,0.018590575010808474,0.5101599654128837,0.07377934
HOBBIES_1_245,HOBBIES_1,2227,1136,1847.0,0.82936686,10,225,5,4.9425545,0.33200318,0.007184553210597216,0.5101032779524023,0.067172386
HOBBIES_1_162,HOBBIES_1,2216,1130,2205.0,0.9950361,10,223,2,3.9791021,0.0422735,0.0004512635379061372,0.509927797833935,0.010623879
FOODS_3_375,FOODS_3,2624,1338,7675.0,2.924924,10,277,2,1.8054879,0.10692417,0.04458841463414634,0.5099085365853658,0.05922176
HOBBIES_1_186,HOBBIES_1,937,476,1241.0,1.3244396,10,98,3,16.766222,0.7854131,0.13980789754535752,0.5080042689434365,0.046844967
HOBBIES_2_141,HOBBIES_2,2017,1024,2305.0,1.1427863,10,215,3,0.53619236,0.034249008,0.06445215666831929,0.5076846802181457,0.06387448
FOODS_3_602,FOODS_3,678,344,4291.0,6.3289084,10,91,3,2.601062,0.15346727,0.030973451327433628,0.5073746312684366,0.05900177
HOUSEHOLD_2_508,HOUSEHOLD_2,2222,1127,1895.0,0.8528353,10,224,6,15.038667,0.7082239,0.01395139513951395,0.5072007200720072,0.04709353
HOBBIES_2_045,HOBBIES_2,1668,846,1923.0,1.1528777,10,202,3,2.7158034,0.2536129,0.07074340527577938,0.5071942446043165,0.09338412
HOBBIES_2_078,HOBBIES_2,2759,1399,3684.0,1.3352664,10,277,6,6.3778467,0.67356205,0.09713664371148967,0.5070677781805002,0.10560963
FOODS_3_465,FOODS_3,2769,1404,11703.0,4.2264357,10,277,3,1.8086023,0.10841124,0.048392921632358255,0.5070422535211268,0.059942
FOODS_2_226,FOODS_2,1657,840,1631.0,0.984309,10,194,10,7.473965,0.58505803,0.0627640313820157,0.5069402534701267,0.07827947
FOODS_3_235,FOODS_3,2680,1358,8254.0,3.0798507,10,273,2,1.8122686,0.11011923,0.048507462686567165,0.5067164179104477,0.060763195
HOUSEHOLD_2_126,HOUSEHOLD_2,2188,1108,2699.0,1.2335466,10,221,4,6.9539943,0.17314182,0.011882998171846435,0.506398537477148,0.024898183
HOUSEHOLD_2_495,HOUSEHOLD_2,2755,1395,6850.0,2.4863884,10,277,9,5.6877713,0.43966833,0.09800362976406533,0.5063520871143375,0.07730063
HOUSEHOLD_2_208,HOUSEHOLD_2,2639,1336,2693.0,1.0204623,10,266,9,12.915218,0.42160454,0.015536187949981054,0.5062523683213338,0.03264401
HOUSEHOLD_2_365,HOUSEHOLD_2,1020,516,1020.0,1.0,10,114,1,4.87,0.0,0.0,0.5058823529411764,0.0
FOODS_1_107,FOODS_1,2726,1378,5721.0,2.0986793,10,277,28,6.184743,1.1256024,0.06272927366104182,0.5055025678650037,0.18199663
HOUSEHOLD_2_422,HOUSEHOLD_2,2763,1396,2589.0,0.93702495,10,277,5,4.96755,0.1849521,0.006514657980456026,0.5052479189287007,0.037232056
HOBBIES_2_039,HOBBIES_2,2765,1397,2704.0,0.97793853,10,277,7,4.9655585,0.07160517,0.00433996383363472,0.5052441229656419,0.014420365
FOODS_2_071,FOODS_2,875,442,1223.0,1.3977143,10,114,1,4.48,0.0,0.0,0.5051428571428571,0.0
FOODS_1_035,FOODS_1,2736,1382,9197.0,3.3614767,10,277,6,2.512679,0.11482962,0.031067251461988302,0.5051169590643275,0.045700073
HOBBIES_1_175,HOBBIES_1,2759,1393,2599.0,0.94200796,10,277,2,1.970598,0.00419404,0.0,0.5048930772018847,0.0021283082
FOODS_3_567,FOODS_3,2666,1346,6713.0,2.5180044,10,277,4,1.8112341,0.11089072,0.04538634658664666,0.5048762190547637,0.061223846
HOBBIES_1_077,HOBBIES_1,2159,1090,3296.0,1.5266327,10,218,4,9.865206,0.1602046,0.0,0.5048633626679018,0.016239358
FOODS_3_564,FOODS_3,2764,1395,10220.0,3.6975398,10,277,3,1.8160058,0.111636244,0.04775687409551375,0.5047033285094067,0.061473504
FOODS_3_056,FOODS_3,2768,1397,9272.0,3.349711,10,277,3,1.8108381,0.10940001,0.0509393063583815,0.5046965317919075,0.06041402
HOBBIES_1_396,HOBBIES_1,2217,1117,2396.0,1.0807397,10,224,2,1.8793776,0.029308679,0.0004510599909788002,0.5038340099233198,0.015594886
HOUSEHOLD_2_242,HOUSEHOLD_2,2762,1391,2784.0,1.0079652,10,277,8,13.089952,0.57115406,0.006154960173787111,0.50362056480811,0.043633014
FOODS_3_130,FOODS_3,2318,1167,9916.0,4.277826,10,232,10,2.5410054,0.18587309,0.08369283865401209,0.503451251078516,0.07314943
HOUSEHOLD_2_381,HOUSEHOLD_2,1242,624,943.0,0.7592593,10,130,2,5.93839,0.040112447,0.0,0.5024154589371981,0.006754768
HOBBIES_1_214,HOBBIES_1,2327,1169,1979.0,0.85045123,10,277,6,9.863726,0.11710723,0.0017189514396218307,0.50236355822948,0.011872515
HOUSEHOLD_1_015,HOUSEHOLD_1,2732,1372,5139.0,1.8810395,10,277,8,5.146665,0.4281071,0.0010980966325036604,0.5021961932650073,0.083181456
FOODS_3_608,FOODS_3,2721,1366,9744.0,3.5810363,10,273,2,1.810827,0.109482475,0.04777655273796398,0.50202131569276,0.06045993
HOBBIES_2_025,HOBBIES_2,1064,534,922.0,0.8665413,10,109,1,0.5,0.0,0.0,0.5018796992481203,0.0
HOBBIES_1_314,HOBBIES_1,2761,1383,2215.0,0.80224556,10,277,1,3.97,0.0,0.0,0.5009054690329591,0.0
HOBBIES_1_230,HOBBIES_1,2055,1029,1752.0,0.85255474,10,224,2,4.4752846,0.12335186,0.00145985401459854,0.5007299270072992,0.027562909
HOUSEHOLD_1_356,HOUSEHOLD_1,1444,723,12705.0,8.798476,10,149,3,5.949266,0.14676842,0.008310249307479225,0.5006925207756233,0.024670005
FOODS_3_447,FOODS_3,2715,1358,8733.0,3.2165747,10,272,2,1.8102762,0.10923344,0.04788213627992634,0.5001841620626151,0.06034076
HOUSEHOLD_2_384,HOUSEHOLD_2,2760,1380,7486.0,2.712319,10,277,11,5.700319,0.47793326,0.10579710144927536,0.5,0.08384325
HOUSEHOLD_2_174,HOUSEHOLD_2,2751,1375,2306.0,0.8382406,10,277,1,3.9699998,0.0,0.0,0.49981824790985097,0.0
HOUSEHOLD_2_289,HOUSEHOLD_2,1572,784,6393.0,4.066794,10,160,6,5.8976717,0.20873736,0.0031806615776081423,0.49872773536895676,0.035393182
HOBBIES_2_012,HOBBIES_2,1077,537,1031.0,0.95728874,10,137,1,1.9699999,0.0,0.0,0.4986072423398329,0.0
FOODS_2_221,FOODS_2,2248,1120,12819.0,5.702402,10,277,6,1.0954938,0.13448983,0.08229537366548043,0.498220640569395,0.122766405
FOODS_3_478,FOODS_3,2636,1313,9215.0,3.495827,10,277,3,1.8078225,0.109348774,0.04969650986342944,0.498103186646434,0.060486455
HOUSEHOLD_2_515,HOUSEHOLD_2,1235,615,1149.0,0.9303644,10,125,2,1.9691983,0.028170966,0.0008097165991902834,0.4979757085020243,0.014305804
FOODS_2_256,FOODS_2,1645,819,13352.0,8.116717,10,217,5,5.868693,0.35710415,0.03708206686930091,0.4978723404255319,0.06084901
HOUSEHOLD_2_164,HOUSEHOLD_2,1301,647,2317.0,1.7809378,10,133,2,8.456073,0.14440551,0.009223674096848577,0.4973097617217525,0.017077137
HOUSEHOLD_2_290,HOUSEHOLD_2,2322,1154,1843.0,0.7937123,10,277,1,6.24,0.0,0.0,0.49698535745047373,0.0
HOBBIES_2_113,HOBBIES_2,2716,1349,2594.0,0.955081,10,277,7,5.661068,0.43740585,0.0062592047128129605,0.4966863033873343,0.077265605
HOUSEHOLD_2_056,HOUSEHOLD_2,2751,1366,3281.0,1.1926572,10,277,4,5.893464,0.1830853,0.0003635041802980734,0.4965467102871683,0.03106582
HOBBIES_2_108,HOBBIES_2,1072,532,963.0,0.8983209,10,109,1,2.97,0.0,0.0,0.4962686567164179,0.0
FOODS_3_749,FOODS_3,2765,1372,11459.0,4.144304,10,277,3,1.8170199,0.11203073,0.04810126582278481,0.4962025316455696,0.0616563
FOODS_3_633,FOODS_3,1014,503,2418.0,2.3846154,10,106,2,2.8781264,0.026631193,0.004930966469428008,0.4960552268244576,0.009252962
HOBBIES_2_094,HOBBIES_2,1592,789,1796.0,1.1281407,10,164,3,2.0696232,0.2005332,0.0885678391959799,0.4956030150753769,0.09689358
HOBBIES_1_304,HOBBIES_1,2512,1242,2539.0,1.0107484,10,277,5,3.9718351,0.061309997,0.0003980891719745223,0.49442675159235666,0.015436189
HOUSEHOLD_2_132,HOUSEHOLD_2,1239,612,1431.0,1.1549637,10,125,3,1.9698708,0.034533344,0.011299435028248588,0.4939467312348668,0.017530765
FOODS_3_315,FOODS_3,2113,1042,6581.0,3.1145291,10,230,2,1.781344,0.0906484,0.043066729768102226,0.4931377188831046,0.05088764
HOUSEHOLD_2_474,HOUSEHOLD_2,2736,1349,2218.0,0.8106725,10,277,5,7.224097,0.32537386,0.006944444444444444,0.4930555555555556,0.045040075
HOBBIES_2_086,HOBBIES_2,1463,718,1255.0,0.8578264,10,161,1,0.96999997,0.0,0.0,0.49077238550922764,0.0
HOUSEHOLD_2_004,HOUSEHOLD_2,2096,1028,2383.0,1.1369275,10,230,4,5.667481,0.061520513,0.0009541984732824427,0.4904580152671756,0.010855001
FOODS_1_033,FOODS_1,2044,999,2672.0,1.3072407,10,206,31,6.0712085,0.71064585,0.02837573385518591,0.48874755381604695,0.117051795
HOBBIES_2_040,HOBBIES_2,1056,516,1084.0,1.0265151,10,110,1,0.88,0.0,0.0,0.48863636363636365,0.0
HOBBIES_1_039,HOBBIES_1,2110,1028,1737.0,0.82322276,10,213,2,5.879104,0.041145336,0.00047393364928909954,0.4872037914691943,0.0069985725
HOBBIES_2_005,HOBBIES_2,1905,927,1495.0,0.7847769,10,209,1,4.47,0.0,0.0,0.48661417322834644,0.0
FOODS_3_153,FOODS_3,2727,1326,11183.0,4.1008434,10,277,3,1.8041878,0.10621995,0.048038137147048035,0.48624862486248627,0.058874108
HOUSEHOLD_2_445,HOUSEHOLD_2,2765,1342,2692.0,0.97359854,10,277,10,5.6729836,0.6457419,0.0538878842676311,0.48535262206148283,0.11382756
HOBBIES_2_023,HOBBIES_2,808,391,838.0,1.0371287,10,85,1,0.97,0.0,0.0,0.4839108910891089,0.0
HOUSEHOLD_2_291,HOUSEHOLD_2,2758,1334,2670.0,0.9680928,10,277,3,4.891316,0.18445249,0.00036258158085569254,0.48368382886149386,0.037710197
HOBBIES_2_052,HOBBIES_2,2386,1154,2152.0,0.9019279,10,240,2,2.468768,0.042550635,0.0008382229673093043,0.48365465213746855,0.017235575
HOBBIES_2_016,HOBBIES_2,2758,1331,2926.0,1.0609137,10,277,4,4.951664,0.24917246,0.005076142131979695,0.48259608411892674,0.050320957
HOBBIES_2_006,HOBBIES_2,2756,1329,2253.0,0.8174891,10,277,4,3.9200835,0.16320062,0.000725689404934688,0.4822206095791001,0.041631922
HOUSEHOLD_2_270,HOUSEHOLD_2,2765,1329,4995.0,1.80651,10,277,10,5.7094793,0.46535861,0.10090415913200723,0.48065099457504523,0.08150631
HOUSEHOLD_2_008,HOUSEHOLD_2,2652,1273,2860.0,1.0784314,10,270,5,2.4760897,0.06575147,0.0026395173453996985,0.48001508295625944,0.026554558
HOUSEHOLD_1_144,HOUSEHOLD_1,2696,1294,6622.0,2.4562314,10,270,8,2.9314318,0.1236238,0.05118694362017804,0.47997032640949555,0.042171817
HOBBIES_2_118,HOBBIES_2,2732,1311,3469.0,1.2697657,10,277,3,3.9657907,0.090163596,0.0021961932650073207,0.47986822840409954,0.022735339
FOODS_2_300,FOODS_2,1951,936,3968.0,2.0338287,10,217,9,6.203383,0.5018967,0.09892362890825218,0.4797539723218862,0.08090693
HOBBIES_2_144,HOBBIES_2,1599,767,1676.0,1.0481551,10,164,2,0.52985615,0.034630775,0.08130081300813008,0.4796747967479675,0.065358825
HOBBIES_1_272,HOBBIES_1,2162,1036,1635.0,0.75624424,10,224,1,8.44,0.0,0.0,0.4791859389454209,0.0
HOBBIES_1_106,HOBBIES_1,2767,1325,4110.0,1.4853632,10,277,2,2.485316,0.4351591,0.0046982291290206,0.4788579689194073,0.17509206
FOODS_3_511,FOODS_3,2430,1163,73570.0,30.27572,10,244,5,6.467712,0.31232056,0.06995884773662552,0.47860082304526746,0.048289187
HOBBIES_2_112,HOBBIES_2,2762,1320,2460.0,0.8906589,10,277,5,2.3291674,0.22764663,0.010499637943519189,0.4779145546705286,0.09773734
HOUSEHOLD_2_419,HOUSEHOLD_2,1166,557,1012.0,0.8679245,10,122,2,5.466998,0.038641013,0.006003430531732418,0.4777015437392796,0.0070680496
HOBBIES_2_019,HOBBIES_2,1910,912,1962.0,1.0272251,10,215,2,3.3608952,0.057337306,0.014136125654450262,0.4774869109947644,0.017060129
HOUSEHOLD_1_436,HOUSEHOLD_1,2758,1315,7688.0,2.787527,10,277,11,10.877857,0.9434116,0.07142857142857142,0.4767947788252357,0.0867277
FOODS_2_302,FOODS_2,2201,1048,10381.0,4.7164927,10,258,9,10.668573,0.5145348,0.09223080417991822,0.4761472058155384,0.048229013
HOUSEHOLD_2_503,HOUSEHOLD_2,2769,1315,1951.0,0.7045865,10,277,4,6.8382306,0.29393023,0.0,0.4749006861682918,0.042983375
FOODS_2_334,FOODS_2,2176,1033,10019.0,4.60432,10,253,9,10.654131,0.52238524,0.0703125,0.47472426470588236,0.04903124
FOODS_3_256,FOODS_3,2765,1309,2172.0,0.7855334,10,277,4,2.5523543,0.06631872,0.0,0.47341772151898737,0.025983352
HOUSEHOLD_2_405,HOUSEHOLD_2,2287,1080,4542.0,1.9860079,10,232,6,5.6158023,0.16522384,0.024923480542195016,0.47223436816790554,0.029421235
HOUSEHOLD_2_333,HOUSEHOLD_2,2121,1000,2400.0,1.1315417,10,214,4,4.9807496,0.07018072,0.0023573785950023575,0.47147571900047147,0.014090394
HOUSEHOLD_2_130,HOUSEHOLD_2,963,454,813.0,0.84423673,10,101,1,7.97,0.0,0.0,0.4714434060228453,0.0
HOUSEHOLD_2_085,HOUSEHOLD_2,1770,833,1312.0,0.74124295,10,180,3,7.931774,0.15931566,0.002824858757062147,0.47062146892655365,0.020085754
HOUSEHOLD_2_441,HOUSEHOLD_2,2764,1296,2085.0,0.75434154,10,277,6,4.867442,0.26899692,0.015557163531114327,0.46888567293777134,0.055264536
HOUSEHOLD_2_216,HOUSEHOLD_2,694,325,870.0,1.2536023,10,77,2,6.932795,0.08463466,0.007204610951008645,0.46829971181556196,0.01220787
HOUSEHOLD_2_189,HOUSEHOLD_2,2232,1045,1627.0,0.72894263,10,225,2,14.475985,0.13407522,0.0,0.4681899641577061,0.009261907
FOODS_2_068,FOODS_2,2386,1117,2113.0,0.88558257,10,277,14,7.254547,0.66658664,0.06873428331936295,0.46814752724224645,0.09188536
FOODS_3_556,FOODS_3,2621,1226,5779.0,2.2048836,10,277,7,2.479439,0.18737711,0.06028233498664632,0.4677603967951164,0.07557238
FOODS_2_389,FOODS_2,2354,1100,2770.0,1.1767205,10,277,15,12.53901,1.2517933,0.13848768054375532,0.4672897196261682,0.09983191
HOUSEHOLD_1_092,HOUSEHOLD_1,2537,1184,2470.0,0.97359085,10,255,3,1.685467,0.062421158,0.0011824990145841545,0.46669294442254633,0.037034933
HOUSEHOLD_2_027,HOUSEHOLD_2,1501,699,1122.0,0.7475017,10,159,1,4.97,0.0,0.0,0.46568954030646237,0.0
HOBBIES_2_102,HOBBIES_2,2766,1288,2332.0,0.8430947,10,277,3,5.9720244,0.028895685,0.00036153289949385393,0.4656543745480839,0.0048385076
HOUSEHOLD_2_253,HOUSEHOLD_2,2753,1280,1941.0,0.70504904,10,277,5,5.8597455,0.27118918,0.0025426807119505995,0.46494733018525247,0.046280026
HOBBIES_2_122,HOBBIES_2,2734,1271,3828.0,1.4001464,10,277,4,0.84439653,0.066339545,0.03328456474030724,0.4648866130212143,0.07856444
HOBBIES_1_070,HOBBIES_1,2089,966,1539.0,0.73671615,10,211,2,5.8795214,0.021879166,0.0,0.4624222115844902,0.0037212495
HOBBIES_2_127,HOBBIES_2,1536,709,1148.0,0.7473958,10,161,1,3.97,0.0,0.0,0.4615885416666667,0.0
HOBBIES_1_174,HOBBIES_1,2116,975,1571.0,0.74243855,10,213,1,4.88,0.0,0.0,0.4607750472589792,0.0
HOUSEHOLD_2_364,HOUSEHOLD_2,1730,797,1813.0,1.0479769,10,174,3,5.673098,0.07204761,0.009248554913294798,0.46069364161849713,0.012699871
HOUSEHOLD_2_276,HOUSEHOLD_2,2011,924,1856.0,0.9229239,10,203,1,5.47,0.0,0.0,0.4594728990551964,0.0
HOBBIES_2_111,HOBBIES_2,1034,475,795.0,0.7688588,10,109,1,3.97,0.0,0.0,0.45938104448742745,0.0
HOUSEHOLD_2_060,HOUSEHOLD_2,1232,565,834.0,0.6769481,10,125,5,7.963799,0.24323507,0.00487012987012987,0.4586038961038961,0.030542592
FOODS_2_316,FOODS_2,2244,1028,10868.0,4.8431373,10,260,7,10.680124,0.48662564,0.07308377896613191,0.45811051693404636,0.045563668
HOUSEHOLD_2_100,HOUSEHOLD_2,2759,1263,2577.0,0.93403405,10,277,4,8.375597,0.36112177,0.004711852120333454,0.4577745559985502,0.043115944
HOUSEHOLD_2_144,HOUSEHOLD_2,2764,1263,2171.0,0.7854559,10,277,4,4.399852,0.1133836,0.001085383502170767,0.4569464544138929,0.025769867
HOUSEHOLD_1_174,HOUSEHOLD_1,2410,1100,5111.0,2.1207469,10,259,10,5.766145,0.2844337,0.06224066390041494,0.45643153526970953,0.049328223
HOUSEHOLD_2_192,HOUSEHOLD_2,2307,1052,1752.0,0.75942785,10,241,4,1.9546902,0.060295083,0.0034677069787602947,0.45600346770697875,0.030846363
HOUSEHOLD_1_430,HOUSEHOLD_1,2294,1046,33665.0,14.67524,10,252,3,0.9559242,0.015752554,0.0,0.4559721011333915,0.016478874
HOUSEHOLD_1_378,HOUSEHOLD_1,999,455,908.0,0.9089089,10,107,7,22.749329,0.72588205,0.13613613613613615,0.45545545545545546,0.031907845
HOUSEHOLD_1_233,HOUSEHOLD_1,2005,911,5788.0,2.8867831,10,201,5,11.351906,0.47651944,0.06533665835411472,0.4543640897755611,0.041977044
HOUSEHOLD_2_204,HOUSEHOLD_2,2642,1200,2079.0,0.78690386,10,277,8,12.957214,0.32398754,0.013626040878122634,0.45420136260408783,0.025004413
HOUSEHOLD_2_448,HOUSEHOLD_2,985,447,982.0,0.9969543,10,100,2,4.965959,0.12681334,0.0010152284263959391,0.45380710659898477,0.025536524
FOODS_3_444,FOODS_3,2200,993,108754.0,49.433636,10,220,5,6.607059,0.25286326,0.023636363636363636,0.45136363636363636,0.03827168
HOBBIES_2_049,HOBBIES_2,2725,1229,2085.0,0.7651376,10,277,4,2.7765357,0.24174848,0.044036697247706424,0.4510091743119266,0.08706839
HOBBIES_2_037,HOBBIES_2,2011,906,1587.0,0.7891596,10,215,3,0.96365494,0.035870392,0.003978120338140228,0.45052212829438093,0.037223276
HOUSEHOLD_2_357,HOUSEHOLD_2,2721,1222,3050.0,1.1209115,10,277,6,8.018269,0.21883291,0.04814406468210217,0.4490995957368614,0.027291792
HOUSEHOLD_2_504,HOUSEHOLD_2,2212,993,1818.0,0.82188064,10,241,5,1.9557867,0.06546958,0.00406871609403255,0.4489150090415913,0.033474803
HOUSEHOLD_2_396,HOUSEHOLD_2,1082,483,942.0,0.87061,10,123,5,8.738225,0.27452254,0.12292051756007394,0.4463955637707948,0.031416282
HOUSEHOLD_2_274,HOUSEHOLD_2,2677,1188,2312.0,0.86365336,10,277,4,6.201606,0.31223667,0.005976839745984311,0.44378035113933506,0.050347712
HOBBIES_2_013,HOBBIES_2,2753,1219,1918.0,0.6966945,10,277,5,7.130821,0.24927013,0.0573919360697421,0.4427896839811115,0.03495672
FOODS_3_441,FOODS_3,2200,974,59794.0,27.17909,10,220,4,6.5941,0.26914954,0.05136363636363636,0.44272727272727275,0.04081672
HOBBIES_2_138,HOBBIES_2,1460,646,1072.0,0.73424655,10,161,2,0.9697945,0.004529877,0.002054794520547945,0.44246575342465755,0.004670966
HOBBIES_2_021,HOBBIES_2,1544,682,1177.0,0.7623057,10,161,2,0.9682125,0.04052688,0.0019430051813471502,0.4417098445595855,0.041857425
HOBBIES_2_082,HOBBIES_2,1024,452,942.0,0.9199219,10,110,1,0.88,0.0,0.0,0.44140625,0.0
HOUSEHOLD_2_005,HOUSEHOLD_2,1190,524,780.0,0.6554622,10,124,1,5.47,0.0,0.0,0.4403361344537815,0.0
HOBBIES_2_110,HOBBIES_2,1965,865,1839.0,0.93587786,10,198,2,5.9685035,0.0468857,0.0010178117048346056,0.4402035623409669,0.00785552
FOODS_2_352,FOODS_2,2270,999,12139.0,5.347577,10,260,8,10.696105,0.49267894,0.07929515418502203,0.44008810572687224,0.046061527
HOUSEHOLD_2_449,HOUSEHOLD_2,2663,1171,8525.0,3.2012768,10,268,3,5.650597,0.019541692,0.0003755163349605708,0.4397296282388284,0.0034583411
HOUSEHOLD_2_158,HOUSEHOLD_2,2620,1152,2136.0,0.8152672,10,277,9,11.428306,0.43749997,0.029389312977099236,0.4396946564885496,0.038282137
HOUSEHOLD_2_249,HOUSEHOLD_2,2748,1208,2354.0,0.856623,10,277,6,8.370084,0.37727883,0.00363901018922853,0.4395924308588064,0.04507468
HOBBIES_1_065,HOBBIES_1,2120,931,1436.0,0.6773585,10,213,1,4.88,0.0,0.0,0.4391509433962264,0.0
HOBBIES_1_402,HOBBIES_1,2175,955,1536.0,0.7062069,10,225,2,9.779448,0.2656812,0.0,0.43908045977011495,0.027167302
HOBBIES_2_010,HOBBIES_2,1453,637,1048.0,0.7212663,10,160,2,0.96967655,0.012330057,0.0006882312456985547,0.43840330350997936,0.01271564
HOBBIES_2_073,HOBBIES_2,2109,923,1728.0,0.81934565,10,215,4,0.53820765,0.035076663,0.06164058795637743,0.43764817449027976,0.065173104
HOBBIES_1_011,HOBBIES_1,2111,923,1520.0,0.7200379,10,213,1,3.48,0.0,0.0,0.43723353860729514,0.0
FOODS_2_206,FOODS_2,2148,938,5211.0,2.4259777,10,254,10,10.65331,0.51019096,0.07355679702048418,0.4366852886405959,0.047890373
HOBBIES_2_014,HOBBIES_2,1507,655,1186.0,0.78699404,10,161,1,0.97,0.0,0.0,0.43463835434638354,0.0
HOBBIES_1_267,HOBBIES_1,2058,893,1793.0,0.8712342,10,224,1,2.88,0.0,0.0,0.43391642371234207,0.0
HOUSEHOLD_2_283,HOUSEHOLD_2,2770,1201,3410.0,1.2310469,10,277,8,5.696159,0.44523063,0.09711191335740073,0.4335740072202166,0.07816331
HOUSEHOLD_2_022,HOUSEHOLD_2,2671,1156,3721.0,1.3931112,10,268,5,5.634766,0.12651041,0.016098839385997755,0.43279670535380005,0.022451758
HOUSEHOLD_2_080,HOUSEHOLD_2,1657,715,1892.0,1.1418226,10,174,3,8.858395,0.97415465,0.008449004224502113,0.4315027157513579,0.10996966
HOUSEHOLD_2_358,HOUSEHOLD_2,1504,648,1032.0,0.6861702,10,157,3,4.9348,0.3250802,0.011968085106382979,0.4308510638297872,0.065875046
HOUSEHOLD_2_243,HOUSEHOLD_2,2758,1185,1884.0,0.6831037,10,277,3,2.6012254,0.10811752,0.009427121102248005,0.42965917331399567,0.041564073
FOODS_3_114,FOODS_3,1798,772,6078.0,3.3804226,10,212,3,2.5554173,0.1632677,0.07063403781979978,0.42936596218020023,0.063890815
FOODS_2_077,FOODS_2,1962,842,4932.0,2.5137615,10,220,9,6.261682,0.39917693,0.10703363914373089,0.4291539245667686,0.06374915
HOUSEHOLD_2_141,HOUSEHOLD_2,2332,998,1487.0,0.6376501,10,277,3,4.810999,0.2362941,0.005574614065180103,0.427958833619211,0.049115393
FOODS_3_736,FOODS_3,2707,1158,4443.0,1.6413003,10,277,3,1.816993,0.11201297,0.04950129294421869,0.4277798300701884,0.06164744
HOUSEHOLD_2_106,HOUSEHOLD_2,2747,1174,1966.0,0.71568984,10,277,5,8.359468,0.20872515,0.00036403349108117945,0.4273753185293047,0.024968712
HOBBIES_2_106,HOBBIES_2,1458,616,1012.0,0.6941015,10,160,2,0.96890265,0.020929733,0.0027434842249657062,0.4224965706447188,0.021601481
FOODS_3_713,FOODS_3,2086,881,2890.0,1.3854266,10,211,6,3.5867786,0.19226372,0.06999041227229147,0.42233940556088206,0.053603455
HOUSEHOLD_2_393,HOUSEHOLD_2,2755,1163,1791.0,0.65009075,10,277,4,5.3141017,0.472972,0.0018148820326678765,0.4221415607985481,0.08900319
HOBBIES_2_135,HOBBIES_2,2112,885,1795.0,0.8499053,10,214,4,0.53792137,0.03416996,0.0625,0.4190340909090909,0.06352222
HOUSEHOLD_2_414,HOUSEHOLD_2,1318,549,2421.0,1.836874,10,160,6,5.89607,0.16063999,0.002276176024279211,0.4165402124430956,0.027245265
HOUSEHOLD_2_092,HOUSEHOLD_2,2746,1140,1740.0,0.63364893,10,277,4,5.9355717,0.11386976,0.0021849963583394027,0.4151493080844865,0.019184295
HOUSEHOLD_2_415,HOUSEHOLD_2,2651,1099,2117.0,0.7985666,10,269,3,2.4782495,0.040776793,0.0007544322897019992,0.4145605431912486,0.01645387
HOUSEHOLD_2_372,HOUSEHOLD_2,1177,486,1780.0,1.5123194,10,123,4,8.754459,0.24158047,0.11045029736618521,0.4129141886151232,0.027595133
HOUSEHOLD_2_397,HOUSEHOLD_2,1516,625,1045.0,0.689314,10,167,2,6.98186,0.005810782,0.0,0.41226912928759896,0.00083226844
HOBBIES_2_031,HOBBIES_2,1205,495,1029.0,0.8539419,10,198,3,6.9676924,0.049126796,0.0024896265560165973,0.4107883817427386,0.0070506553
HOUSEHOLD_2_304,HOUSEHOLD_2,2764,1135,1812.0,0.65557164,10,277,5,6.0318055,0.22079602,0.0524602026049204,0.4106367583212735,0.036605295
HOUSEHOLD_2_083,HOUSEHOLD_2,2712,1112,2928.0,1.079646,10,277,4,9.949122,0.15303457,0.0003687315634218289,0.41002949852507375,0.015381715
HOUSEHOLD_1_049,HOUSEHOLD_1,1147,468,4903.0,4.2746296,10,117,2,5.7648563,0.47412962,0.07846556233653008,0.4080209241499564,0.08224483
HOUSEHOLD_2_125,HOUSEHOLD_2,2673,1090,2497.0,0.93415636,10,276,6,8.856091,0.23437461,0.010475121586232696,0.40778151889263,0.026464794
FOODS_2_337,FOODS_2,1939,789,2603.0,1.3424445,10,220,6,6.2875557,0.34150597,0.10314595152140278,0.406910778751934,0.054314584
HOUSEHOLD_2_026,HOUSEHOLD_2,2474,1003,1496.0,0.60468876,10,254,2,3.9663985,0.103381194,0.0012126111560226355,0.40541632983023446,0.026064249
HOBBIES_2_097,HOBBIES_2,2018,818,2028.0,1.0049554,10,216,3,1.968548,0.037640143,0.0014866204162537165,0.4053518334985134,0.019120764
HOBBIES_2_080,HOBBIES_2,2752,1115,1542.0,0.5603198,10,277,4,3.9767332,0.11130424,0.002180232558139535,0.40515988372093026,0.027988862
HOBBIES_1_285,HOBBIES_1,2208,893,1447.0,0.6553442,10,222,2,10.871214,0.18446895,0.0022644927536231885,0.40443840579710144,0.01696857
HOBBIES_1_136,HOBBIES_1,2102,850,1242.0,0.59086585,10,212,1,4.88,0.0,0.0,0.4043767840152236,0.0
HOUSEHOLD_1_189,HOUSEHOLD_1,2704,1086,4087.0,1.5114645,10,272,7,5.476553,0.39208844,0.05584319526627219,0.40162721893491127,0.07159402
HOUSEHOLD_2_428,HOUSEHOLD_2,2752,1105,1636.0,0.59447676,10,277,1,7.9400005,0.0,0.0,0.4015261627906977,0.0
FOODS_3_296,FOODS_3,542,217,1770.0,3.2656827,10,92,5,1.7564391,0.49228358,0.04981549815498155,0.4003690036900369,0.28027365
HOUSEHOLD_2_175,HOUSEHOLD_2,1153,461,758.0,0.65741545,10,127,2,5.966548,0.11721101,0.0008673026886383347,0.3998265394622723,0.019644694
HOUSEHOLD_2_101,HOUSEHOLD_2,1000,398,590.0,0.59,10,102,1,4.49,0.0,0.0,0.398,0.0
HOBBIES_1_062,HOBBIES_1,1534,605,1170.0,0.7627119,10,156,1,0.9700001,0.0,0.0,0.394393741851369,0.0
HOUSEHOLD_2_108,HOUSEHOLD_2,2724,1074,2839.0,1.0422174,10,277,5,8.888855,0.1488132,0.005139500734214391,0.394273127753304,0.01674155
HOUSEHOLD_2_111,HOUSEHOLD_2,2753,1085,3771.0,1.3697784,10,277,6,6.448369,0.08013016,0.020341445695604796,0.3941155103523429,0.012426423
HOUSEHOLD_1_512,HOUSEHOLD_1,1130,445,1901.0,1.6823009,10,277,1,1.8700001,0.0,0.0,0.3938053097345133,0.0
HOBBIES_2_015,HOBBIES_2,1511,595,1165.0,0.7710126,10,164,3,2.6711912,0.40267143,0.06949040370615486,0.3937789543348776,0.15074602
HOUSEHOLD_2_254,HOUSEHOLD_2,2765,1088,1816.0,0.6567812,10,277,3,4.40119,0.08279452,0.004701627486437613,0.3934900542495479,0.018811848
HOBBIES_2_001,HOBBIES_2,2756,1084,1589.0,0.57656026,10,277,5,5.659804,0.23549268,0.047895500725689405,0.39332365747460085,0.04160792
HOBBIES_2_034,HOBBIES_2,2718,1064,1720.0,0.6328182,10,277,5,2.7675312,0.24306816,0.04966887417218543,0.3914643119941133,0.08782852
HOUSEHOLD_2_420,HOUSEHOLD_2,2662,1036,2961.0,1.1123216,10,268,3,5.646345,0.05764235,0.004883546205860256,0.38918106686701726,0.01020879
HOBBIES_2_047,HOBBIES_2,1591,618,1060.0,0.66624767,10,162,2,0.5316342,0.034848735,0.08170961659333752,0.38843494657448147,0.06555021
HOUSEHOLD_2_006,HOUSEHOLD_2,2681,1039,1579.0,0.58895934,10,277,6,3.672518,0.18816383,0.054084296904140246,0.3875419619544946,0.051235646
HOUSEHOLD_2_307,HOUSEHOLD_2,1225,474,828.0,0.67591834,10,125,1,5.98,0.0,0.0,0.38693877551020406,0.0
HOBBIES_1_302,HOBBIES_1,2704,1043,1518.0,0.5613905,10,277,1,2.88,0.0,0.0,0.38572485207100593,0.0
HOUSEHOLD_2_458,HOUSEHOLD_2,2249,865,1567.0,0.6967541,10,230,4,3.9580348,0.20352904,0.006224988883948421,0.38461538461538464,0.051421743
HOUSEHOLD_2_138,HOUSEHOLD_2,2749,1048,1620.0,0.5893052,10,277,6,5.888079,0.23507577,0.0025463805020007274,0.3812295380138232,0.039924018
HOUSEHOLD_2_227,HOUSEHOLD_2,2733,1036,2089.0,0.7643615,10,277,9,3.9892828,0.26844668,0.08232711306256861,0.3790706183680937,0.06729197
FOODS_3_220,FOODS_3,1229,465,877.0,0.7135883,10,133,3,3.216241,0.1497572,0.10740439381611067,0.37835638730675347,0.04656281
HOUSEHOLD_2_429,HOUSEHOLD_2,2734,1030,1634.0,0.5976591,10,277,2,6.0312505,0.202395,0.04754937820043892,0.37673738112655447,0.03355772
HOBBIES_1_054,HOBBIES_1,1759,662,999.0,0.5679363,10,186,2,2.9688687,0.047448244,0.0005685048322910744,0.3763501989766913,0.015981928
FOODS_1_126,FOODS_1,2192,824,3316.0,1.5127738,10,220,7,2.3722584,0.4297608,0.07618613138686131,0.3759124087591241,0.18116105
HOBBIES_2_066,HOBBIES_2,2704,1016,1593.0,0.58912724,10,277,2,4.96926,0.027191376,0.0007396449704142012,0.3757396449704142,0.0054719164
HOUSEHOLD_2_309,HOUSEHOLD_2,1770,664,972.0,0.54915255,10,201,3,2.4689152,0.12147696,0.006779661016949152,0.3751412429378531,0.049202565
HOUSEHOLD_2_094,HOUSEHOLD_2,2750,1028,1470.0,0.5345455,10,277,3,5.933018,0.16384116,0.0018181818181818182,0.3738181818181818,0.027615145
HOUSEHOLD_2_340,HOUSEHOLD_2,2100,785,2330.0,1.1095238,10,210,3,4.9827332,0.06562308,0.0,0.3738095238095238,0.013170097
HOBBIES_1_263,HOBBIES_1,2703,1005,1876.0,0.69404364,10,277,2,4.968509,0.07751433,0.0003699593044765076,0.37180910099889014,0.015601124
HOBBIES_1_336,HOBBIES_1,2216,823,1305.0,0.5888989,10,224,2,1.8792645,0.034626033,0.0004512635379061372,0.3713898916967509,0.018425312
HOBBIES_2_084,HOBBIES_2,1277,474,785.0,0.614722,10,130,3,6.3154187,0.4770975,0.10258418167580266,0.3711824588880188,0.07554487
HOBBIES_1_217,HOBBIES_1,2650,983,1686.0,0.6362264,10,270,1,3.47,0.0,0.0,0.3709433962264151,0.0
HOBBIES_1_018,HOBBIES_1,2186,809,1326.0,0.60658735,10,221,3,11.820366,0.33799687,0.005946935041171089,0.37008234217749314,0.028594451
HOUSEHOLD_2_034,HOUSEHOLD_2,2752,1018,1531.0,0.5563227,10,277,8,11.292638,0.59014344,0.05232558139534884,0.3699127906976744,0.052259132
HOBBIES_2_057,HOBBIES_2,2758,1017,2449.0,0.8879623,10,277,2,1.9762363,0.034768187,0.009427121102248005,0.3687454677302393,0.017593132
HOBBIES_2_099,HOBBIES_2,1514,556,886.0,0.5852048,10,163,1,0.97,0.0,0.0,0.36723910171730517,0.0
HOBBIES_1_181,HOBBIES_1,1896,696,966.0,0.50949365,10,221,3,1.9532542,0.1299296,0.016350210970464137,0.3670886075949367,0.06651956
FOODS_2_254,FOODS_2,1958,717,2161.0,1.1036773,10,220,7,6.255153,0.347566,0.07711950970377937,0.3661899897854954,0.055564746
HOUSEHOLD_2_116,HOUSEHOLD_2,2615,946,2315.0,0.8852773,10,268,3,5.6513767,0.024616819,0.0003824091778202677,0.3617590822179732,0.0043558977
HOUSEHOLD_2_331,HOUSEHOLD_2,1717,621,950.0,0.5532906,10,188,3,3.9392369,0.25431073,0.0110658124635993,0.36167734420500874,0.06455837
HOBBIES_2_030,HOBBIES_2,2045,739,1148.0,0.5613692,10,213,3,0.961687,0.04964,0.009779951100244499,0.3613691931540342,0.051617626
HOUSEHOLD_2_065,HOUSEHOLD_2,1978,713,1180.0,0.5965622,10,204,2,5.4679117,0.035045125,0.003538928210313448,0.36046511627906974,0.006409234
HOUSEHOLD_2_210,HOUSEHOLD_2,2698,971,1804.0,0.6686434,10,277,5,8.9442,0.12708123,0.001111934766493699,0.3598962194217939,0.014208228
HOBBIES_1_375,HOBBIES_1,2207,779,1364.0,0.6180335,10,222,3,9.875922,0.08235897,0.0031717263253285004,0.35296782963298595,0.008339371
FOODS_2_140,FOODS_2,1805,635,5085.0,2.8171744,10,220,7,10.61816,0.51952714,0.09362880886426593,0.3518005540166205,0.048928168
FOODS_1_084,FOODS_1,2578,905,2152.0,0.8347556,10,277,29,6.188317,1.1513237,0.060512024825446084,0.35104732350659423,0.18604796
HOBBIES_2_134,HOBBIES_2,2652,928,1479.0,0.5576923,10,272,3,6.3316135,0.93311036,0.049019607843137254,0.34992458521870284,0.14737323
HOUSEHOLD_2_161,HOUSEHOLD_2,1980,686,984.0,0.4969697,10,204,2,10.945879,0.3788064,0.0025252525252525255,0.3464646464646465,0.034607217
HOBBIES_2_055,HOBBIES_2,2701,932,1437.0,0.53202516,10,277,3,2.7768123,0.23928571,0.048130322102924845,0.3450573861532766,0.086172804
HOUSEHOLD_2_211,HOUSEHOLD_2,2756,941,1341.0,0.48657474,10,277,4,19.978468,0.30070043,0.0025399129172714078,0.3414368650217707,0.015051225
HOUSEHOLD_2_134,HOUSEHOLD_2,2763,941,1322.0,0.47846544,10,277,3,5.9347954,0.08785883,0.003981179876945349,0.3405718422005067,0.0148040205
HOUSEHOLD_2_086,HOUSEHOLD_2,2225,754,974.0,0.4377528,10,228,1,3.97,0.0,0.0,0.338876404494382,0.0
HOBBIES_2_056,HOBBIES_2,2742,925,1573.0,0.57366884,10,277,5,3.3422976,0.4679591,0.04886943836615609,0.337345003646973,0.1400112
HOBBIES_2_077,HOBBIES_2,1544,520,904.0,0.58549225,10,162,4,9.896931,0.64360833,0.014896373056994818,0.33678756476683935,0.065031104
FOODS_3_073,FOODS_3,1300,435,13559.0,10.43,10,130,4,2.9387538,0.21763651,0.16615384615384615,0.3346153846153846,0.074057415
HOUSEHOLD_2_230,HOUSEHOLD_2,1678,559,979.0,0.5834327,10,227,5,2.4707928,0.09150972,0.009535160905840286,0.333134684147795,0.037036583
HOUSEHOLD_2_456,HOUSEHOLD_2,2723,904,1516.0,0.5567389,10,277,6,8.759802,0.23345017,0.030113845023870732,0.3319867792875505,0.026650166
HOUSEHOLD_2_446,HOUSEHOLD_2,2762,912,1258.0,0.45546705,10,277,9,25.465235,1.4739783,0.008689355539464157,0.33019551049963797,0.05788198
HOUSEHOLD_2_314,HOUSEHOLD_2,2054,675,1725.0,0.83982474,10,212,2,1.9710565,0.018070696,0.012658227848101266,0.32862706913339823,0.009168025
HOUSEHOLD_2_149,HOUSEHOLD_2,2281,739,1106.0,0.48487505,10,238,3,3.9713984,0.15267849,0.00263042525208242,0.32398071021481806,0.038444515
HOBBIES_1_192,HOBBIES_1,2705,868,1228.0,0.45397413,10,277,5,3.476843,0.08221741,0.0,0.3208872458410351,0.023647144
HOBBIES_1_311,HOBBIES_1,2598,831,2346.0,0.9030023,10,277,7,15.800739,1.5123743,0.01193225558121632,0.31986143187066973,0.09571541
HOBBIES_2_143,HOBBIES_2,2624,837,2266.0,0.86356705,10,277,8,1.0241655,0.10837476,0.06821646341463415,0.31897865853658536,0.10581762
FOODS_3_350,FOODS_3,1029,328,1805.0,1.7541302,10,120,3,3.5186687,0.18170577,0.10204081632653061,0.31875607385811466,0.05164049
HOBBIES_1_112,HOBBIES_1,2765,881,1772.0,0.640868,10,277,10,2.6825824,0.15645722,0.007956600361663653,0.318625678119349,0.05832336
HOBBIES_2_027,HOBBIES_2,1545,489,1002.0,0.6485437,10,165,3,2.0435922,0.178948,0.08155339805825243,0.31650485436893205,0.087565415
HOUSEHOLD_2_147,HOUSEHOLD_2,2737,865,1170.0,0.42747533,10,277,2,3.9692402,0.03975813,0.00036536353671903543,0.31603945926196564,0.01001656
HOUSEHOLD_2_018,HOUSEHOLD_2,2753,864,1175.0,0.4268071,10,277,4,7.9106793,0.28660378,0.006538321830730113,0.3138394478750454,0.036229983
HOUSEHOLD_2_073,HOUSEHOLD_2,2233,698,955.0,0.42767578,10,226,6,20.440376,0.5971706,0.0022391401701746527,0.31258396775638153,0.029215245
FOODS_3_618,FOODS_3,1927,595,15147.0,7.860405,10,193,4,2.2076285,0.24527124,0.11468604047742605,0.30877010897768553,0.11110168
HOBBIES_1_052,HOBBIES_1,2177,671,917.0,0.42122185,10,224,2,5.8790812,0.030303024,0.0,0.3082223242994947,0.005154381
HOBBIES_1_212,HOBBIES_1,2346,720,965.0,0.41133845,10,275,5,7.4664063,0.09362723,0.0012787723785166241,0.3069053708439898,0.012539798
HOUSEHOLD_2_097,HOUSEHOLD_2,2745,841,1370.0,0.49908924,10,277,3,5.4780765,0.068160556,0.001092896174863388,0.3063752276867031,0.012442425
HOUSEHOLD_1_297,HOUSEHOLD_1,2679,820,2138.0,0.798059,10,277,6,7.9461517,0.55695814,0.052258305337812616,0.3060843598357596,0.07009155
HOUSEHOLD_1_063,HOUSEHOLD_1,2706,820,5826.0,2.1529934,10,271,6,10.312096,1.2655159,0.05728011825572801,0.30303030303030304,0.12272151
HOUSEHOLD_2_306,HOUSEHOLD_2,2626,793,1619.0,0.616527,10,276,6,4.98599,0.54516286,0.1408987052551409,0.30198019801980197,0.10933894
HOUSEHOLD_2_412,HOUSEHOLD_2,2756,821,1125.0,0.4082003,10,277,2,6.0428667,0.21209125,0.04716981132075472,0.2978955007256894,0.03509779
FOODS_1_079,FOODS_1,2268,673,1733.0,0.7641094,10,277,24,6.3107715,1.1485456,0.06040564373897707,0.2967372134038801,0.18199766
HOUSEHOLD_2_087,HOUSEHOLD_2,2721,795,1057.0,0.38846013,10,277,3,7.935612,0.08041987,0.003675119441381845,0.2921719955898567,0.010134047
HOUSEHOLD_2_202,HOUSEHOLD_2,2593,754,1158.0,0.44658697,10,277,6,8.755492,0.23790912,0.015811801002699577,0.29078287697647515,0.027172558
HOUSEHOLD_2_245,HOUSEHOLD_2,1646,476,797.0,0.48420414,10,172,1,1.97,0.0,0.0,0.2891859052247874,0.0
HOUSEHOLD_2_042,HOUSEHOLD_2,2763,797,1101.0,0.3984799,10,277,5,4.2815385,0.06568018,0.009048136083966703,0.2884545783568585,0.015340323
HOUSEHOLD_2_392,HOUSEHOLD_2,2426,697,913.0,0.37633964,10,250,1,4.97,0.0,0.0,0.28730420445177246,0.0
HOBBIES_2_079,HOBBIES_2,2525,725,1124.0,0.44514853,10,258,4,2.3617544,0.21223448,0.002376237623762376,0.2871287128712871,0.08986306
HOUSEHOLD_2_278,HOUSEHOLD_2,2753,777,1118.0,0.40610242,10,277,5,10.972117,0.3489895,0.004358881220486742,0.28223755902651654,0.031806942
HOUSEHOLD_2_502,HOUSEHOLD_2,2654,734,1213.0,0.45704597,10,277,7,8.710373,0.40618756,0.018839487565938208,0.2765636774679729,0.046632625
HOBBIES_1_335,HOBBIES_1,2035,546,5302.0,2.6054053,10,204,5,12.610875,0.35070738,0.013759213759213759,0.2683046683046683,0.027809916
HOBBIES_2_119,HOBBIES_2,2616,575,673.0,0.257263,10,271,5,3.144442,0.2615285,0.04969418960244648,0.2198012232415902,0.083171666
HOUSEHOLD_2_162,HOUSEHOLD_2,2577,446,1275.0,0.49476135,10,260,2,3.969767,0.008355928,0.0007760962359332557,0.17306946061311604,0.0021048912
