product_code,category,n_obs,positive_obs,total_units,mean_units,n_stores,n_weeks,unique_prices,mean_price,std_price,promo_rate,positive_rate,price_cv
FOODS_3_697,FOODS_3,1324,1324,45488.0,34.356495,10,139,5,3.0885348,0.23328237,0.08836858006042296,1.0,0.07553173
FOODS_3_156,FOODS_3,1234,1234,23932.0,19.39384,10,139,5,3.7550569,0.114837795,0.0016207455429497568,1.0,0.030582173
FOODS_3_473,FOODS_3,1235,1235,52255.0,42.31174,10,139,4,3.7568424,0.10294566,0.0,1.0,0.027402177
FOODS_3_668,FOODS_3,1390,1390,75039.0,53.984894,10,139,2,1.5404316,0.04891731,0.0,1.0,0.031755585
HOUSEHOLD_1_019,HOUSEHOLD_1,692,692,51810.0,74.86994,10,70,1,0.9800001,0.0,0.0,1.0,0.0
HOUSEHOLD_1_225,HOUSEHOLD_1,467,467,12470.0,26.702356,10,58,1,1.64,0.0,0.0,1.0,0.0
FOODS_3_282,FOODS_3,94,94,11239.0,119.56383,10,11,1,2.5,0.0,0.0,1.0,0.0
FOODS_3_499,FOODS_3,169,169,11141.0,65.92308,10,18,1,2.5,0.0,0.0,1.0,0.0
HOUSEHOLD_1_385,HOUSEHOLD_1,175,175,5058.0,28.902857,10,19,1,1.97,0.0,0.0,1.0,0.0
HOUSEHOLD_1_202,HOUSEHOLD_1,233,233,4174.0,17.914164,10,25,1,1.98,0.0,0.0,1.0,0.0
HOUSEHOLD_1_217,HOUSEHOLD_1,290,290,4076.0,14.055172,10,29,1,1.9699999,0.0,0.0,1.0,0.0
FOODS_3_034,FOODS_3,52,52,839.0,16.134615,10,6,1,2.5,0.0,0.0,1.0,0.0
FOODS_3_437,FOODS_3,54,54,507.0,9.388889,10,6,1,1.0,0.0,0.0,1.0,0.0
HOUSEHOLD_1_480,HOUSEHOLD_1,58,58,485.0,8.362069,10,7,1,2.77,0.0,0.0,1.0,0.0
FOODS_3_604,FOODS_3,29,29,265.0,9.137931,10,4,1,2.5,0.0,0.0,1.0,0.0
FOODS_3_058,FOODS_3,26,26,143.0,5.5,10,4,1,1.98,0.0,0.0,1.0,0.0
HOBBIES_1_139,HOBBIES_1,32,32,137.0,4.28125,10,4,1,2.63,0.0,0.0,1.0,0.0
FOODS_2_021,FOODS_2,1102,1102,89745.0,81.43829,9,139,5,0.75259525,0.11451107,0.0,1.0,0.15215492
FOODS_3_170,FOODS_3,42,42,234.0,5.571429,9,6,2,1.9447619,0.22836897,0.023809523809523808,1.0,0.11742773
FOODS_2_028,FOODS_2,52,52,463.0,8.903846,9,6,1,3.78,0.0,0.0,1.0,0.0
FOODS_3_795,FOODS_3,16,16,133.0,8.3125,9,2,1,2.68,0.0,0.0,1.0,0.0
FOODS_3_110,FOODS_3,18,18,43.0,2.3888888,9,3,1,8.68,0.0,0.0,1.0,0.0
FOODS_3_051,FOODS_3,23,23,205.0,8.913043,8,5,1,1.98,0.0,0.0,1.0,0.0
FOODS_3_532,FOODS_3,14,14,107.0,7.642857,8,2,1,2.68,0.0,0.0,1.0,0.0
FOODS_3_439,FOODS_3,13,13,92.0,7.076923,8,2,1,2.68,0.0,0.0,1.0,0.0
HOUSEHOLD_1_066,HOUSEHOLD_1,470,470,13455.0,28.627659,7,74,2,3.0199149,0.054838277,0.0,1.0,0.018158881
FOODS_3_673,FOODS_3,30,30,220.0,7.3333335,7,5,1,5.98,0.0,0.0,1.0,0.0
FOODS_3_641,FOODS_3,8,8,28.0,3.5,7,2,1,2.0,0.0,0.0,1.0,0.0
HOUSEHOLD_1_076,HOUSEHOLD_1,9,9,19.0,2.1111112,6,2,2,4.8433332,0.41,0.0,1.0,0.084652446
FOODS_3_553,FOODS_3,7,7,17.0,2.4285715,6,2,1,2.5,0.0,0.0,1.0,0.0
HOUSEHOLD_1_449,HOUSEHOLD_1,157,157,1424.0,9.070064,5,32,2,14.951019,0.23782994,0.006369426751592357,1.0,0.015907273
FOODS_3_344,FOODS_3,7,7,55.0,7.857143,5,2,1,2.0,0.0,0.0,1.0,0.0
FOODS_2_125,FOODS_2,74,74,704.0,9.513514,4,25,2,2.3044593,0.119050376,0.0,1.0,0.05166087
HOUSEHOLD_1_250,HOUSEHOLD_1,2,2,4.0,2.0,2,1,1,2.68,0.0,0.0,1.0,0.0
FOODS_3_586,FOODS_3,1390,1389,503308.0,362.09207,10,139,2,1.5404316,0.04891731,0.0,0.9992805755395684,0.031755585
FOODS_3_555,FOODS_3,1390,1389,285129.0,205.12878,10,139,2,1.5403597,0.04893261,0.0,0.9992805755395684,0.031767
FOODS_3_080,FOODS_3,1390,1389,152990.0,110.06475,10,139,2,1.5403597,0.04893261,0.0,0.9992805755395684,0.031767
FOODS_3_804,FOODS_3,1333,1332,109447.0,82.105774,10,139,1,1.88,0.0,0.0,0.9992498124531133,0.0
HOUSEHOLD_1_122,HOUSEHOLD_1,1079,1078,18113.0,16.78684,10,109,2,2.2643,0.025887718,0.012048192771084338,0.9990732159406858,0.0114329895
FOODS_3_785,FOODS_3,1118,1116,51063.0,45.673523,10,139,10,3.2412252,0.32593563,0.18336314847942756,0.998211091234347,0.10055939
FOODS_3_202,FOODS_3,1390,1387,163148.0,117.372665,10,139,9,4.1649137,0.21471997,0.13884892086330936,0.9978417266187051,0.051554482
FOODS_3_136,FOODS_3,1390,1387,56582.0,40.706474,10,139,8,4.171705,0.17871651,0.13525179856115108,0.9978417266187051,0.042840164
FOODS_3_694,FOODS_3,1390,1387,207413.0,149.21799,10,139,2,1.5404316,0.04891731,0.0,0.9978417266187051,0.031755585
FOODS_3_252,FOODS_3,1390,1387,296632.0,213.40431,10,139,1,1.48,0.0,0.0,0.9978417266187051,0.0
FOODS_3_232,FOODS_3,1324,1321,16173.0,12.215257,10,139,5,3.0876284,0.23253497,0.08836858006042296,0.9977341389728097,0.07531184
FOODS_3_771,FOODS_3,744,742,9545.0,12.829301,10,77,2,2.4993145,0.018697508,0.0,0.9973118279569892,0.0074810544
FOODS_3_704,FOODS_3,1390,1386,43426.0,31.241726,10,139,12,4.1683455,0.20264846,0.13741007194244603,0.9971223021582734,0.048616044
HOUSEHOLD_1_334,HOUSEHOLD_1,695,693,72857.0,104.830215,10,70,1,0.9800001,0.0,0.0,0.9971223021582734,0.0
FOODS_3_458,FOODS_3,1374,1370,84921.0,61.805676,10,139,5,1.877307,0.027469592,0.0,0.9970887918486172,0.014632445
FOODS_3_035,FOODS_3,1234,1230,11239.0,9.1077795,10,139,6,3.7550323,0.11276968,0.0016207455429497568,0.9967585089141004,0.030031614
FOODS_3_115,FOODS_3,1390,1385,18319.0,13.179136,10,139,8,4.167921,0.19178432,0.13956834532374102,0.9964028776978417,0.046014383
FOODS_3_469,FOODS_3,1390,1385,32946.0,23.702158,10,139,3,6.2181296,0.3117325,0.09352517985611511,0.9964028776978417,0.05013284
FOODS_3_228,FOODS_3,1390,1385,82287.0,59.19928,10,139,2,1.5404316,0.04891731,0.0,0.9964028776978417,0.031755585
FOODS_3_099,FOODS_3,1380,1375,109622.0,79.43623,10,138,3,2.4875073,0.050504506,0.0,0.9963768115942029,0.020303259
HOUSEHOLD_1_079,HOUSEHOLD_1,549,547,5835.0,10.628415,10,55,1,4.88,0.0,0.0,0.9963570127504554,0.0
HOUSEHOLD_1_471,HOUSEHOLD_1,537,535,6685.0,12.44879,10,55,3,2.472272,0.10370765,0.00558659217877095,0.9962756052141527,0.04194832
HOUSEHOLD_1_411,HOUSEHOLD_1,1311,1306,19338.0,14.750572,10,132,4,3.02582,0.15079252,0.05186880244088482,0.996186117467582,0.049835257
FOODS_3_253,FOODS_3,261,260,2545.0,9.7509575,9,30,1,1.9800001,0.0,0.0,0.9961685823754789,0.0
HOBBIES_1_148,HOBBIES_1,249,248,2651.0,10.646586,10,26,1,4.88,0.0,0.0,0.9959839357429718,0.0
FOODS_3_037,FOODS_3,733,730,18883.0,25.761255,10,76,1,2.5,0.0,0.0,0.9959072305593452,0.0
HOUSEHOLD_1_540,HOUSEHOLD_1,466,464,11110.0,23.841202,10,57,1,1.64,0.0,0.0,0.9957081545064378,0.0
HOUSEHOLD_1_197,HOUSEHOLD_1,1390,1384,15485.0,11.140287,10,139,8,4.828108,0.1766737,0.01870503597122302,0.99568345323741,0.03659274
FOODS_1_046,FOODS_1,1390,1384,74640.0,53.69784,10,139,3,0.978518,0.015528765,0.0,0.99568345323741,0.015869677
FOODS_3_714,FOODS_3,1390,1384,209344.0,150.6072,10,139,1,1.48,0.0,0.0,0.99568345323741,0.0
FOODS_1_110,FOODS_1,906,902,32580.0,35.960266,10,92,1,1.78,0.0,0.0,0.9955849889624724,0.0
HOUSEHOLD_1_282,HOUSEHOLD_1,676,673,5655.0,8.365385,10,68,2,3.753373,0.15261039,0.0,0.9955621301775148,0.040659532
FOODS_3_324,FOODS_3,1118,1113,27834.0,24.896244,10,139,10,3.2607155,0.29972208,0.16815742397137745,0.9955277280858676,0.09191912
HOUSEHOLD_1_262,HOUSEHOLD_1,221,220,6849.0,30.99095,10,23,1,0.97,0.0,0.0,0.995475113122172,0.0
HOUSEHOLD_1_151,HOUSEHOLD_1,1212,1206,53964.0,44.524754,10,122,4,0.92995876,0.03637698,0.02145214521452145,0.995049504950495,0.039116766
FOODS_3_226,FOODS_3,1390,1383,177524.0,127.71511,10,139,2,1.5404316,0.04891731,0.0,0.9949640287769784,0.031755585
HOUSEHOLD_1_474,HOUSEHOLD_1,1390,1383,43151.0,31.043884,10,139,1,0.97,0.0,0.0,0.9949640287769784,0.0
FOODS_3_598,FOODS_3,762,758,14211.0,18.649607,10,78,1,1.8799999,0.0,0.0,0.994750656167979,0.0
HOUSEHOLD_1_459,HOUSEHOLD_1,696,692,70215.0,100.88362,10,70,1,0.98,0.0,0.0,0.9942528735632183,0.0
FOODS_3_516,FOODS_3,1307,1299,73851.0,56.504208,10,137,3,3.42759,0.15667856,0.07498087222647284,0.9938791124713083,0.045711
HOUSEHOLD_1_338,HOUSEHOLD_1,159,158,2292.0,14.415094,10,16,1,3.98,0.0,0.0,0.9937106918238994,0.0
HOUSEHOLD_1_409,HOUSEHOLD_1,473,470,39006.0,82.46512,10,58,1,2.98,0.0,0.0,0.9936575052854123,0.0
HOUSEHOLD_1_304,HOUSEHOLD_1,472,469,25201.0,53.39195,10,58,1,1.98,0.0,0.0,0.9936440677966102,0.0
HOUSEHOLD_1_473,HOUSEHOLD_1,472,469,13543.0,28.692797,10,58,1,1.98,0.0,0.0,0.9936440677966102,0.0
HOBBIES_1_153,HOBBIES_1,908,902,13532.0,14.903084,10,92,5,6.0712004,0.2729732,0.0011013215859030838,0.9933920704845814,0.04496198
HOUSEHOLD_1_109,HOUSEHOLD_1,1390,1380,16789.0,12.078417,10,139,5,3.6685684,0.33090693,0.0,0.9928057553956835,0.09020056
FOODS_3_230,FOODS_3,1111,1103,21908.0,19.719172,10,139,2,3.4629705,0.058818694,0.0,0.9927992799279928,0.01698504
FOODS_1_099,FOODS_1,269,267,10588.0,39.360596,10,27,1,0.97999996,0.0,0.0,0.9925650557620818,0.0
HOUSEHOLD_1_539,HOUSEHOLD_1,1064,1056,11077.0,10.410714,10,108,4,3.3439665,0.12697682,0.012218045112781954,0.9924812030075187,0.037971918
FOODS_1_120,FOODS_1,904,897,15376.0,17.00885,10,92,1,1.78,0.0,0.0,0.9922566371681416,0.0
FOODS_3_416,FOODS_3,127,126,747.0,5.88189,6,22,2,2.5439372,0.077625066,0.0,0.9921259842519685,0.03051375
HOUSEHOLD_1_294,HOUSEHOLD_1,1357,1346,30598.0,22.548267,10,139,2,1.9692852,0.026331877,0.0007369196757553427,0.9918938835666913,0.013371287
FOODS_3_615,FOODS_3,1324,1313,13713.0,10.357251,10,139,12,4.1478777,0.2324944,0.15332326283987915,0.9916918429003021,0.05605141
HOUSEHOLD_1_439,HOUSEHOLD_1,1389,1377,57896.0,41.681786,10,139,2,0.95367175,0.014946469,0.0,0.9913606911447084,0.015672551
HOUSEHOLD_1_149,HOUSEHOLD_1,1389,1377,27305.0,19.658028,10,139,2,0.9702736,0.0016318236,0.0,0.9913606911447084,0.0016818179
FOODS_3_468,FOODS_3,1386,1374,62849.0,45.3456,10,139,2,1.1337662,0.07867006,0.0,0.9913419913419913,0.06938826
FOODS_2_293,FOODS_2,1096,1086,26051.0,23.769161,9,139,7,3.7697353,0.19692485,0.0,0.9908759124087592,0.052238375
FOODS_3_395,FOODS_3,1292,1280,9107.0,7.048762,10,139,4,3.935062,0.10914249,0.0007739938080495357,0.9907120743034056,0.027735902
HOUSEHOLD_1_087,HOUSEHOLD_1,1390,1377,14882.0,10.706475,10,139,5,4.1712446,0.17545767,0.007913669064748202,0.9906474820143885,0.042063624
HOUSEHOLD_1_478,HOUSEHOLD_1,1390,1377,18946.0,13.630216,10,139,4,2.6378922,0.08433249,0.0,0.9906474820143885,0.031969648
HOUSEHOLD_1_179,HOUSEHOLD_1,1390,1377,57360.0,41.266186,10,139,3,0.9535971,0.015069196,0.0007194244604316547,0.9906474820143885,0.015802477
HOUSEHOLD_1_522,HOUSEHOLD_1,1390,1377,17091.0,12.295684,10,139,3,1.754518,0.034852646,0.0,0.9906474820143885,0.019864513
FOODS_3_305,FOODS_3,1390,1377,32153.0,23.131655,10,139,1,2.9800003,0.0,0.0,0.9906474820143885,0.0
FOODS_3_178,FOODS_3,1095,1084,20036.0,18.297716,9,139,7,1.9388219,0.22675277,0.023744292237442923,0.9899543378995433,0.116953894
FOODS_1_085,FOODS_1,1390,1376,76941.0,55.353237,10,139,3,0.9785036,0.015518107,0.0,0.9899280575539569,0.015859019
FOODS_3_535,FOODS_3,1390,1376,11764.0,8.463309,10,139,3,6.2112226,0.30269355,0.09352517985611511,0.9899280575539569,0.048733328
HOUSEHOLD_1_521,HOUSEHOLD_1,1390,1376,80313.0,57.779137,10,139,2,0.9536187,0.014941657,0.0,0.9899280575539569,0.015668377
HOUSEHOLD_1_465,HOUSEHOLD_1,690,683,42090.0,61.0,10,70,2,0.9793044,0.018273288,0.0014492753623188406,0.9898550724637681,0.018659458
FOODS_3_386,FOODS_3,769,761,9103.0,11.837451,10,79,4,2.492822,0.09021514,0.006501950585175552,0.9895968790637191,0.036189966
HOBBIES_1_043,HOBBIES_1,1333,1319,28665.0,21.504126,10,139,4,0.7162791,0.02350874,0.08777194298574643,0.9894973743435859,0.032820642
FOODS_3_448,FOODS_3,1116,1104,9534.0,8.543011,10,139,11,3.251084,0.3130389,0.17831541218637992,0.989247311827957,0.09628754
FOODS_3_354,FOODS_3,93,92,622.0,6.688172,9,14,2,2.9638712,0.15554276,0.010752688172043012,0.989247311827957,0.052479595
HOBBIES_1_345,HOBBIES_1,1387,1372,16537.0,11.922855,10,139,9,7.546323,0.3128428,0.11319394376351838,0.989185291997116,0.041456323
HOBBIES_1_323,HOBBIES_1,1382,1367,21020.0,15.209841,10,139,7,5.068806,0.25412384,0.01881331403762663,0.9891461649782923,0.05013485
FOODS_3_283,FOODS_3,1257,1243,18798.0,14.954654,10,126,4,2.7411218,0.13349333,0.10421638822593476,0.9888623707239459,0.048700258
FOODS_3_361,FOODS_3,269,266,2447.0,9.096654,9,30,2,1.9774349,0.042070046,0.0037174721189591076,0.9888475836431226,0.02127506
FOODS_3_561,FOODS_3,87,86,1880.0,21.609196,10,9,2,2.9627588,0.16081688,0.0,0.9885057471264368,0.054279435
HOUSEHOLD_1_038,HOUSEHOLD_1,1390,1374,11248.0,8.092087,10,139,4,5.118331,0.18664111,0.01079136690647482,0.9884892086330935,0.036465228
FOODS_3_113,FOODS_3,1388,1372,54114.0,38.98703,10,139,4,1.0440634,0.13106816,0.06556195965417867,0.9884726224783862,0.12553658
FOODS_2_360,FOODS_2,1383,1367,179470.0,129.76862,10,139,5,0.7537961,0.1120367,0.0,0.9884309472161966,0.14862998
FOODS_3_098,FOODS_3,1261,1246,12488.0,9.903252,10,139,11,4.1500874,0.21631019,0.15305313243457574,0.9881046788263284,0.05212184
FOODS_1_018,FOODS_1,1390,1373,66176.0,47.608635,10,139,3,0.97526616,0.02045648,0.0,0.9877697841726619,0.020975279
HOUSEHOLD_1_247,HOUSEHOLD_1,1382,1365,32436.0,23.470333,10,139,1,0.97,0.0,0.0,0.9876989869753979,0.0
FOODS_3_635,FOODS_3,1380,1363,182407.0,132.17899,10,139,9,0.99087685,0.038172908,0.13695652173913042,0.9876811594202899,0.03852437
FOODS_3_683,FOODS_3,81,80,1321.0,16.308641,10,9,1,2.5,0.0,0.0,0.9876543209876543,0.0
HOUSEHOLD_1_072,HOUSEHOLD_1,1361,1344,36693.0,26.960323,10,139,3,8.029904,0.15447262,0.11829537105069801,0.9875091844232182,0.019237168
HOUSEHOLD_1_339,HOUSEHOLD_1,630,622,44650.0,70.87302,10,64,1,0.98,0.0,0.0,0.9873015873015873,0.0
HOUSEHOLD_1_418,HOUSEHOLD_1,699,690,44995.0,64.37053,10,70,2,0.9800287,0.0005345209,0.0,0.9871244635193133,0.0005454135
FOODS_3_363,FOODS_3,1291,1274,38472.0,29.800156,10,139,5,2.3701162,0.21007249,0.003098373353989156,0.9868319132455461,0.088633835
HOUSEHOLD_1_404,HOUSEHOLD_1,1285,1268,15970.0,12.428016,10,129,11,2.7591283,0.13386251,0.007782101167315175,0.9867704280155642,0.048516233
FOODS_3_579,FOODS_3,302,298,3542.0,11.728477,10,32,2,1.877053,0.051213745,0.0033112582781456954,0.9867549668874173,0.027284123
HOUSEHOLD_2_342,HOUSEHOLD_2,372,367,3711.0,9.975806,9,45,1,0.96999997,0.0,0.0,0.9865591397849462,0.0
HOBBIES_1_349,HOBBIES_1,595,587,6345.0,10.663865,10,60,3,11.939663,0.13933423,0.0016806722689075631,0.9865546218487395,0.011669863
HOUSEHOLD_1_112,HOUSEHOLD_1,1314,1296,14489.0,11.026636,10,133,1,2.97,0.0,0.0,0.9863013698630136,0.0
FOODS_3_756,FOODS_3,1374,1355,47753.0,34.75473,10,139,5,2.6693885,0.10402565,0.07641921397379912,0.9861717612809315,0.03896984
FOODS_3_702,FOODS_3,1390,1370,50781.0,36.533092,10,139,2,3.0071943,0.08616313,0.09352517985611511,0.9856115107913669,0.028652333
FOODS_2_152,FOODS_2,1385,1365,41913.0,30.262094,10,139,15,2.2691624,0.19708322,0.05776173285198556,0.9855595667870036,0.08685285
FOODS_2_075,FOODS_2,822,810,13203.0,16.062044,9,111,5,2.357859,0.0906334,0.06326034063260341,0.9854014598540146,0.038438857
HOUSEHOLD_2_409,HOUSEHOLD_2,1198,1180,10290.0,8.589315,10,129,5,3.9562519,0.055600844,0.0651085141903172,0.9849749582637729,0.014053919
FOODS_3_319,FOODS_3,1385,1364,127695.0,92.198555,10,139,9,0.99002886,0.038371835,0.12057761732851986,0.9848375451263538,0.0387583
HOUSEHOLD_1_094,HOUSEHOLD_1,855,842,11146.0,13.036258,10,86,2,3.6541288,0.33087587,0.0,0.9847953216374269,0.0905485
HOUSEHOLD_1_359,HOUSEHOLD_1,851,838,7718.0,9.06933,10,87,3,6.5841246,0.3768998,0.0,0.9847238542890717,0.057243723
HOUSEHOLD_1_538,HOUSEHOLD_1,714,703,6165.0,8.634454,10,77,1,3.48,0.0,0.0,0.9845938375350141,0.0
FOODS_2_112,FOODS_2,191,188,3301.0,17.282722,9,23,4,3.2252357,0.15379353,0.12041884816753927,0.9842931937172775,0.04768443
HOUSEHOLD_1_516,HOUSEHOLD_1,1390,1368,33171.0,23.864029,10,139,3,1.9567482,0.056974996,0.0014388489208633094,0.9841726618705036,0.029117182
HOUSEHOLD_1_277,HOUSEHOLD_1,629,619,43999.0,69.950714,10,64,1,0.97999996,0.0,0.0,0.9841017488076311,0.0
FOODS_3_356,FOODS_3,1376,1354,12171.0,8.845203,10,139,2,3.0046365,0.08239512,0.08502906976744186,0.9840116279069767,0.02742266
FOODS_2_222,FOODS_2,611,601,15864.0,25.963993,10,62,1,2.5,0.0,0.0,0.983633387888707,0.0
FOODS_3_377,FOODS_3,1390,1367,143176.0,103.00432,10,139,3,1.5392087,0.05060563,0.0,0.983453237410072,0.03287769
HOUSEHOLD_1_272,HOUSEHOLD_1,1390,1367,30882.0,22.217266,10,139,3,9.972662,0.14044859,0.060431654676258995,0.983453237410072,0.014083359
HOBBIES_1_337,HOBBIES_1,1390,1367,22990.0,16.539568,10,139,1,3.6700003,0.0,0.0,0.983453237410072,0.0
FOODS_1_043,FOODS_1,905,890,61823.0,68.312706,10,92,1,1.78,0.0,0.0,0.9834254143646409,0.0
FOODS_3_689,FOODS_3,293,288,3324.0,11.34471,10,31,2,2.6752903,0.05690958,0.006825938566552901,0.9829351535836177,0.0212723
HOUSEHOLD_1_303,HOUSEHOLD_1,1338,1315,80152.0,59.904335,10,139,2,0.95417047,0.014982657,0.0,0.9828101644245142,0.015702285
FOODS_1_082,FOODS_1,290,285,13458.0,46.406895,10,29,1,0.98,0.0,0.0,0.9827586206896551,0.0
FOODS_3_407,FOODS_3,1390,1366,34592.0,24.886332,10,139,5,2.98941,0.0533413,0.03741007194244604,0.9827338129496402,0.017843422
FOODS_3_450,FOODS_3,1325,1302,10931.0,8.249811,10,139,5,3.0903018,0.2353115,0.08830188679245284,0.9826415094339622,0.07614515
HOUSEHOLD_1_447,HOUSEHOLD_1,690,678,42740.0,61.942028,10,70,1,0.98,0.0,0.0,0.9826086956521739,0.0
HOUSEHOLD_1_220,HOUSEHOLD_1,286,281,3579.0,12.513986,10,29,1,1.9699999,0.0,0.0,0.9825174825174825,0.0
HOUSEHOLD_2_510,HOUSEHOLD_2,1198,1177,9767.0,8.152755,10,129,3,3.957429,0.035811167,0.06928213689482471,0.9824707846410684,0.009049099
FOODS_2_106,FOODS_2,623,612,6476.0,10.394863,9,72,3,4.9961476,0.08248888,0.0,0.9823434991974318,0.016510496
FOODS_2_109,FOODS_2,899,883,9109.0,10.132369,9,112,10,2.9868853,0.1463364,0.10901001112347053,0.982202447163515,0.048992977
FOODS_3_687,FOODS_3,1288,1265,9575.0,7.434006,10,139,5,2.8113976,0.12282324,0.0,0.9821428571428571,0.043687608
FOODS_2_385,FOODS_2,441,433,5622.0,12.7483,9,49,2,2.5413606,0.14352684,0.08843537414965986,0.981859410430839,0.056476377
HOUSEHOLD_1_196,HOUSEHOLD_1,1390,1364,22835.0,16.428057,10,139,6,1.9121583,0.07262896,0.0035971223021582736,0.981294964028777,0.037982713
FOODS_3_533,FOODS_3,1390,1364,15024.0,10.808633,10,139,6,4.976763,0.0789612,0.02877697841726619,0.981294964028777,0.015865976
HOUSEHOLD_1_490,HOUSEHOLD_1,1390,1364,9551.0,6.871223,10,139,6,12.432885,0.686953,0.0014388489208633094,0.981294964028777,0.055252902
FOODS_3_449,FOODS_3,1383,1357,45596.0,32.968906,10,139,1,1.98,0.0,0.0,0.9812002892263196,0.0
FOODS_3_242,FOODS_3,1299,1274,9200.0,7.082371,10,139,3,9.61003,0.54019964,0.01077752117013087,0.9807544264819091,0.056212064
HOBBIES_1_074,HOBBIES_1,1294,1269,13999.0,10.818393,10,139,1,3.67,0.0,0.0,0.9806800618238022,0.0
FOODS_2_247,FOODS_2,1386,1359,19757.0,14.25469,10,139,8,2.129293,0.14708897,0.0007215007215007215,0.9805194805194806,0.06907879
FOODS_3_446,FOODS_3,1385,1358,67767.0,48.92924,10,139,2,1.1338627,0.07861623,0.0,0.9805054151624548,0.06933487
HOUSEHOLD_1_114,HOUSEHOLD_1,1381,1354,43925.0,31.806662,10,139,3,0.96979004,0.0059000817,0.001448225923244026,0.9804489500362057,0.0060838754
FOODS_3_144,FOODS_3,1374,1347,21342.0,15.532751,10,139,5,1.8765938,0.030390266,0.0,0.980349344978166,0.016194375
FOODS_3_809,FOODS_3,1007,987,28324.0,28.12711,10,103,1,1.0,0.0,0.0,0.9801390268123138,0.0
FOODS_1_182,FOODS_1,598,586,6186.0,10.344481,10,60,1,1.9700001,0.0,0.0,0.979933110367893,0.0
FOODS_3_541,FOODS_3,1390,1362,176743.0,127.15324,10,139,11,0.9904748,0.03985472,0.14316546762589927,0.9798561151079137,0.040237993
FOODS_3_526,FOODS_3,1390,1362,52042.0,37.44029,10,139,1,1.98,0.0,0.0,0.9798561151079137,0.0
FOODS_3_043,FOODS_3,781,765,6403.0,8.198463,10,82,2,2.4989629,0.028984077,0.0012804097311139564,0.9795134443021767,0.011598443
HOBBIES_1_014,HOBBIES_1,1022,1001,10757.0,10.52544,10,104,1,0.98,0.0,0.0,0.9794520547945206,0.0
FOODS_3_480,FOODS_3,1361,1333,14015.0,10.297575,10,139,6,2.4898088,0.34358612,0.002204261572373255,0.9794268919911829,0.13799699
FOODS_1_092,FOODS_1,627,614,9724.0,15.508772,10,64,1,1.7799999,0.0,0.0,0.9792663476874003,0.0
HOUSEHOLD_1_055,HOUSEHOLD_1,1390,1361,21474.0,15.448921,10,139,5,3.9164891,0.075306304,0.00935251798561151,0.979136690647482,0.019228013
FOODS_3_462,FOODS_3,1390,1361,105805.0,76.118706,10,139,1,1.0,0.0,0.0,0.979136690647482,0.0
HOUSEHOLD_1_215,HOUSEHOLD_1,1378,1349,9499.0,6.8933234,10,139,7,2.1798692,0.1171397,0.019593613933236574,0.978955007256894,0.05373703
HOUSEHOLD_1_110,HOUSEHOLD_1,474,464,46252.0,97.57806,10,58,1,3.5,0.0,0.0,0.9789029535864979,0.0
HOUSEHOLD_1_535,HOUSEHOLD_1,1370,1341,46528.0,33.962044,10,137,2,6.9678097,0.08105148,0.00072992700729927,0.9788321167883212,0.011632275
HOUSEHOLD_1_319,HOUSEHOLD_1,1367,1338,30891.0,22.597658,10,139,3,1.9569933,0.05125471,0.000731528895391368,0.9787856620336504,0.026190538
FOODS_3_559,FOODS_3,1390,1360,12573.0,9.045323,10,139,6,2.7940288,0.14266935,0.0007194244604316547,0.9784172661870504,0.051062234
FOODS_1_161,FOODS_1,1389,1359,40053.0,28.835854,10,139,3,0.9753492,0.020271137,0.0,0.978401727861771,0.020783467
HOBBIES_1_330,HOBBIES_1,1388,1358,15888.0,11.446686,10,139,7,7.5511675,0.2976458,0.11239193083573487,0.978386167146974,0.039417192
HOBBIES_1_015,HOBBIES_1,1387,1357,44727.0,32.247295,10,139,4,0.7153136,0.02261636,0.09372746935832732,0.9783705839942322,0.031617407
FOODS_3_103,FOODS_3,1386,1356,10916.0,7.8759017,10,139,6,3.229928,0.1456592,0.07215007215007214,0.9783549783549783,0.04509673
FOODS_1_027,FOODS_1,460,450,13596.0,29.556522,10,48,1,1.78,0.0,0.0,0.9782608695652174,0.0
HOUSEHOLD_1_128,HOUSEHOLD_1,1283,1255,14098.0,10.988309,10,129,9,2.760491,0.13393943,0.005455962587685113,0.9781761496492596,0.048520148
FOODS_3_476,FOODS_3,1374,1344,42688.0,31.068413,10,139,3,5.9745417,0.11195496,0.09461426491994178,0.9781659388646288,0.018738668
HOBBIES_1_353,HOBBIES_1,137,134,2170.0,15.8394165,10,14,1,0.9800001,0.0,0.0,0.9781021897810219,0.0
FOODS_2_267,FOODS_2,1094,1070,11513.0,10.523766,9,139,8,1.8595155,0.11457886,0.038391224862888484,0.9780621572212066,0.061617587
FOODS_3_304,FOODS_3,1390,1359,30825.0,22.176258,10,139,7,4.1816187,0.32578734,0.033093525179856115,0.9776978417266187,0.07790938
HOUSEHOLD_1_438,HOUSEHOLD_1,1390,1359,13490.0,9.705036,10,139,6,7.204057,0.28593662,0.007194244604316547,0.9776978417266187,0.039691053
FOODS_3_311,FOODS_3,1390,1359,19119.0,13.754676,10,139,2,2.943597,0.07719907,0.09352517985611511,0.9776978417266187,0.0262261
FOODS_3_424,FOODS_3,1388,1357,10855.0,7.8206053,10,139,3,3.7213113,0.19010498,0.0007204610951008645,0.9776657060518732,0.05108548
FOODS_1_202,FOODS_1,313,306,3931.0,12.559106,10,32,1,0.9800001,0.0,0.0,0.9776357827476039,0.0
FOODS_3_124,FOODS_3,1380,1349,42365.0,30.699276,10,139,8,5.2646303,0.32026336,0.35942028985507246,0.9775362318840579,0.06083302
HOBBIES_1_416,HOBBIES_1,1185,1158,9720.0,8.202532,10,119,3,4.825468,0.21503134,0.0540084388185654,0.9772151898734177,0.04456176
HOUSEHOLD_2_477,HOUSEHOLD_2,175,171,1556.0,8.891429,10,21,2,5.94,0.024565043,0.0,0.9771428571428571,0.004135529
FOODS_3_060,FOODS_3,87,85,529.0,6.0804596,10,11,1,2.98,0.0,0.0,0.9770114942528736,0.0
HOBBIES_1_275,HOBBIES_1,651,636,6039.0,9.276498,10,66,4,12.553318,0.3685256,0.0,0.9769585253456221,0.029356828
HOUSEHOLD_1_100,HOUSEHOLD_1,1388,1356,12535.0,9.03098,10,139,3,8.099683,0.20359969,0.009365994236311239,0.9769452449567724,0.025136748
FOODS_3_368,FOODS_3,1387,1355,32370.0,23.33814,10,139,3,5.980721,0.08703584,0.09372746935832732,0.976928622927181,0.014552734
FOODS_3_128,FOODS_3,1299,1269,11645.0,8.964588,10,139,5,3.0109468,0.13310657,0.09006928406466513,0.976905311778291,0.044207547
FOODS_3_820,FOODS_3,1165,1138,12263.0,10.52618,10,139,4,1.9587897,0.088936985,0.0,0.976824034334764,0.04540405
FOODS_3_151,FOODS_3,1099,1073,23081.0,21.00182,10,139,2,2.7457871,0.047463816,0.0,0.9763421292083713,0.017286051
HOUSEHOLD_1_075,HOUSEHOLD_1,1310,1279,24430.0,18.648855,10,134,1,2.73,0.0,0.0,0.9763358778625955,0.0
HOUSEHOLD_1_460,HOUSEHOLD_1,1390,1357,14372.0,10.339568,10,139,3,3.9314892,0.050978985,0.0007194244604316547,0.9762589928057553,0.012966838
FOODS_3_109,FOODS_3,1390,1357,83263.0,59.90144,10,139,2,0.9999137,0.0032186508,0.0007194244604316547,0.9762589928057553,0.0032189286
FOODS_3_765,FOODS_3,1383,1350,11581.0,8.373825,10,139,7,2.7943385,0.14362524,0.0014461315979754157,0.9761388286334056,0.051398657
FOODS_3_327,FOODS_3,1124,1097,35652.0,31.71886,10,117,2,3.124306,0.0896891,0.0,0.9759786476868327,0.028706888
FOODS_2_104,FOODS_2,1040,1015,12607.0,12.122115,9,139,5,6.8854523,0.4947752,0.2,0.9759615384615384,0.071858056
HOUSEHOLD_1_511,HOUSEHOLD_1,582,568,6222.0,10.6907215,10,61,3,5.962079,0.1364284,0.003436426116838488,0.9759450171821306,0.022882689
FOODS_1_118,FOODS_1,457,446,3012.0,6.59081,10,65,1,0.98,0.0,0.0,0.975929978118162,0.0
FOODS_3_578,FOODS_3,1118,1091,15065.0,13.474956,10,139,15,3.242075,0.3329147,0.18694096601073346,0.9758497316636852,0.10268569
HOUSEHOLD_2_421,HOUSEHOLD_2,1390,1356,13811.0,9.935971,10,139,4,4.6919785,0.16936304,0.01079136690647482,0.9755395683453237,0.036096293
HOUSEHOLD_1_498,HOUSEHOLD_1,1388,1354,22592.0,16.276657,10,139,8,3.0332925,0.14680506,0.053314121037463975,0.9755043227665706,0.048397925
FOODS_3_376,FOODS_3,1387,1353,136633.0,98.509735,10,139,1,1.0,0.0,0.0,0.9754866618601298,0.0
FOODS_2_128,FOODS_2,1127,1099,108553.0,96.32032,9,139,5,0.7507187,0.11437729,0.0,0.9751552795031055,0.15235706
FOODS_1_218,FOODS_1,1390,1355,128124.0,92.17554,10,139,3,0.9784605,0.015597189,0.0,0.9748201438848921,0.01594054
HOUSEHOLD_1_143,HOUSEHOLD_1,198,193,4177.0,21.095959,10,20,1,1.97,0.0,0.0,0.9747474747474747,0.0
HOUSEHOLD_1_090,HOUSEHOLD_1,711,693,29761.0,41.85795,10,72,2,2.9510126,0.013751857,0.0,0.9746835443037974,0.0046600467
HOUSEHOLD_1_082,HOUSEHOLD_1,790,770,8000.0,10.126582,10,79,1,3.48,0.0,0.0,0.9746835443037974,0.0
HOUSEHOLD_1_198,HOUSEHOLD_1,1381,1346,59636.0,43.1832,10,139,1,0.98,0.0,0.0,0.9746560463432296,0.0
FOODS_3_201,FOODS_3,1376,1341,22492.0,16.34593,10,138,3,2.4832559,0.07321704,0.0,0.9745639534883721,0.029484292
FOODS_3_054,FOODS_3,1373,1338,43821.0,31.916243,10,139,6,1.8868754,0.20597757,0.06409322651128915,0.9745083758193737,0.109163314
FOODS_3_087,FOODS_3,193,188,4869.0,25.22798,10,20,1,2.5,0.0,0.0,0.9740932642487047,0.0
HOUSEHOLD_1_045,HOUSEHOLD_1,1388,1352,22578.0,16.266571,10,139,11,2.7248056,0.21386181,0.026657060518731988,0.9740634005763689,0.078486994
FOODS_3_708,FOODS_3,1111,1082,12602.0,11.342935,10,112,3,2.9545815,0.09509304,0.05130513051305131,0.9738973897389739,0.032184944
FOODS_3_127,FOODS_3,1300,1266,19112.0,14.701538,10,139,3,3.4096923,0.118217066,0.0,0.9738461538461538,0.03467089
FOODS_3_028,FOODS_3,1299,1265,10399.0,8.005389,10,139,3,3.7259583,0.2009498,0.0007698229407236335,0.9738260200153964,0.05393238
FOODS_3_045,FOODS_3,1050,1022,6438.0,6.1314287,10,139,3,3.9771712,0.06842989,0.0019047619047619048,0.9733333333333334,0.017205669
FOODS_3_116,FOODS_3,1385,1348,40906.0,29.535019,10,139,2,1.1338627,0.07861623,0.0,0.9732851985559566,0.06933487
HOUSEHOLD_1_083,HOUSEHOLD_1,1384,1347,79896.0,57.728325,10,139,1,0.9800001,0.0,0.0,0.9732658959537572,0.0
HOUSEHOLD_1_275,HOUSEHOLD_1,1301,1266,14858.0,11.420445,10,133,1,2.97,0.0,0.0,0.973097617217525,0.0
FOODS_2_078,FOODS_2,260,253,2345.0,9.019231,9,29,1,9.88,0.0,0.0,0.9730769230769231,0.0
HOBBIES_1_134,HOBBIES_1,1028,1000,30094.0,29.274319,10,103,5,3.3137257,0.3277444,0.03696498054474708,0.9727626459143969,0.09890511
FOODS_3_812,FOODS_3,1390,1352,12886.0,9.270504,10,139,6,2.7716763,0.08672173,0.0035971223021582736,0.9726618705035971,0.03128855
FOODS_1_032,FOODS_1,1390,1352,86721.0,62.38921,10,139,3,0.9769209,0.018158989,0.0,0.9726618705035971,0.018587982
FOODS_3_546,FOODS_3,1386,1348,41440.0,29.89899,10,139,4,5.977843,0.10222665,0.09379509379509379,0.9725829725829725,0.017100926
FOODS_3_808,FOODS_3,1381,1343,173382.0,125.54816,10,139,8,0.99025345,0.03682716,0.11947863866763216,0.9724837074583635,0.03718963
HOBBIES_1_358,HOBBIES_1,36,35,239.0,6.638889,10,4,1,2.63,0.0,0.0,0.9722222222222222,0.0
HOUSEHOLD_1_146,HOUSEHOLD_1,1390,1351,10101.0,7.2669063,10,139,2,6.1468344,0.15474276,0.0,0.9719424460431655,0.025174383
FOODS_3_534,FOODS_3,1389,1350,22578.0,16.25486,10,139,10,4.696904,0.27870435,0.0014398848092152627,0.9719222462203023,0.05933788
FOODS_3_524,FOODS_3,1281,1245,48710.0,38.02498,10,139,10,0.9875176,0.047039755,0.10226385636221702,0.9718969555035128,0.047634345
HOBBIES_1_387,HOBBIES_1,140,136,3890.0,27.785715,10,14,2,0.978,0.023664322,0.007142857142857143,0.9714285714285714,0.024196649
FOODS_3_814,FOODS_3,1048,1018,21401.0,20.420801,10,105,3,1.6617653,0.20114198,0.0009541984732824427,0.9713740458015268,0.12104115
FOODS_1_058,FOODS_1,905,879,28158.0,31.113811,10,92,1,1.78,0.0,0.0,0.9712707182320443,0.0
FOODS_3_674,FOODS_3,1390,1350,20856.0,15.004316,10,139,2,2.9787915,0.016994674,0.005035971223021582,0.9712230215827338,0.0057052244
FOODS_3_186,FOODS_3,417,405,5137.0,12.318945,10,68,1,2.28,0.0,0.0,0.9712230215827338,0.0
FOODS_3_502,FOODS_3,104,101,1471.0,14.144231,10,13,1,2.5,0.0,0.0,0.9711538461538461,0.0
HOUSEHOLD_1_369,HOUSEHOLD_1,830,806,9245.0,11.138555,10,83,3,3.6914096,0.12862478,0.0012048192771084338,0.9710843373493976,0.034844354
FOODS_3_046,FOODS_3,483,469,5255.0,10.879917,10,51,2,1.9581367,0.06588566,0.002070393374741201,0.9710144927536232,0.03364712
FOODS_3_316,FOODS_3,758,736,5762.0,7.601583,10,77,2,2.4993272,0.018524034,0.0013192612137203166,0.9709762532981531,0.0074116085
FOODS_3_189,FOODS_3,136,132,1095.0,8.051471,10,17,1,2.5,0.0,0.0,0.9705882352941176,0.0
HOBBIES_1_423,HOBBIES_1,847,822,5439.0,6.421488,10,86,4,7.5585127,0.24464217,0.015348288075560802,0.9704840613931524,0.032366443
HOUSEHOLD_1_519,HOUSEHOLD_1,1387,1346,14342.0,10.340302,10,139,7,4.8411894,0.20643777,0.09228550829127613,0.9704397981254506,0.042641953
HOUSEHOLD_1_514,HOUSEHOLD_1,473,459,26231.0,55.45666,10,58,1,3.5,0.0,0.0,0.9704016913319239,0.0
FOODS_3_404,FOODS_3,1280,1242,56885.0,44.441406,10,139,12,0.98712504,0.045949455,0.11484375,0.9703125,0.04654877
HOUSEHOLD_1_383,HOUSEHOLD_1,303,294,2819.0,9.303631,10,32,4,3.4465017,0.26015463,0.0165016501650165,0.9702970297029703,0.07548368
HOBBIES_1_327,HOBBIES_1,637,618,3581.0,5.621664,10,65,3,7.7793565,0.17883475,0.1271585557299843,0.9701726844583988,0.022988373
FOODS_2_241,FOODS_2,568,551,19247.0,33.885563,10,61,3,2.3619368,0.038450412,0.0,0.9700704225352113,0.016279187
FOODS_2_322,FOODS_2,1096,1063,19825.0,18.088503,9,139,9,2.834635,0.15063353,0.08211678832116788,0.9698905109489051,0.05314036
HOBBIES_1_103,HOBBIES_1,1390,1348,37298.0,26.833094,10,139,6,0.7153813,0.024713594,0.09496402877697842,0.9697841726618706,0.034546044
HOUSEHOLD_1_381,HOUSEHOLD_1,1390,1348,9758.0,7.020144,10,139,6,4.6994605,0.28619498,0.0,0.9697841726618706,0.06089954
HOUSEHOLD_1_425,HOUSEHOLD_1,1390,1348,19867.0,14.292806,10,139,4,1.9644173,0.07121226,0.006474820143884892,0.9697841726618706,0.036251087
HOUSEHOLD_1_287,HOUSEHOLD_1,1390,1348,11045.0,7.946043,10,139,4,4.6284175,0.07145368,0.007913669064748202,0.9697841726618706,0.015438038
HOUSEHOLD_1_142,HOUSEHOLD_1,593,575,5897.0,9.944351,10,61,6,5.93742,0.25903714,0.01517706576728499,0.96964586846543,0.043627895
HOUSEHOLD_1_517,HOUSEHOLD_1,357,346,11871.0,33.2521,10,36,1,0.98,0.0,0.0,0.969187675070028,0.0
FOODS_3_231,FOODS_3,1390,1347,39725.0,28.579136,10,139,5,5.2715106,0.32305223,0.3553956834532374,0.9690647482014388,0.06128267
FOODS_3_596,FOODS_3,1390,1347,18003.0,12.951798,10,139,5,2.7953813,0.13463752,0.0,0.9690647482014388,0.04816428
FOODS_3_485,FOODS_3,1390,1347,15157.0,10.904317,10,139,4,3.8048491,0.19982807,0.0,0.9690647482014388,0.052519314
FOODS_2_384,FOODS_2,1096,1062,19799.0,18.064781,9,139,6,2.0554562,0.25163895,0.0,0.968978102189781,0.12242487
FOODS_2_315,FOODS_2,1386,1343,35481.0,25.599567,10,139,4,2.5139825,0.03574289,0.0007215007215007215,0.9689754689754689,0.014217637
HOBBIES_1_228,HOBBIES_1,1095,1061,8584.0,7.8392696,10,110,1,6.87,0.0,0.0,0.9689497716894977,0.0
HOUSEHOLD_1_356,HOUSEHOLD_1,64,62,791.0,12.359375,10,11,1,5.96,0.0,0.0,0.96875,0.0
HOUSEHOLD_1_515,HOUSEHOLD_1,670,649,7482.0,11.167164,10,68,6,2.4598956,0.08697966,0.005970149253731343,0.9686567164179104,0.035359085
HOUSEHOLD_1_058,HOUSEHOLD_1,95,92,842.0,8.863158,10,10,1,6.4799995,0.0,0.0,0.968421052631579,0.0
FOODS_3_467,FOODS_3,1390,1346,9992.0,7.1884894,10,139,5,1.9726907,0.083179,0.006474820143884892,0.9683453237410072,0.04216525
FOODS_3_807,FOODS_3,1390,1346,31110.0,22.381294,10,139,2,1.9797698,0.00858307,0.0007194244604316547,0.9683453237410072,0.0043353876
FOODS_2_143,FOODS_2,1034,1001,7600.0,7.3500967,9,139,4,3.9087813,0.11139208,0.0,0.9680851063829787,0.028497906
FOODS_2_257,FOODS_2,344,333,6109.0,17.75872,9,50,2,0.997093,0.03806903,0.005813953488372093,0.9680232558139535,0.038180016
HOBBIES_1_177,HOBBIES_1,778,753,6486.0,8.3367605,10,86,2,4.1163497,0.12992825,0.0,0.967866323907455,0.03156395
FOODS_3_443,FOODS_3,31,30,134.0,4.322581,8,5,2,2.483871,0.08980265,0.0,0.967741935483871,0.036154315
HOUSEHOLD_1_345,HOUSEHOLD_1,1390,1345,11097.0,7.9834533,10,139,8,3.8306546,0.16905214,0.022302158273381296,0.9676258992805755,0.0441314
HOUSEHOLD_1_016,HOUSEHOLD_1,1390,1345,19717.0,14.184892,10,139,7,4.827669,0.30131373,0.09640287769784173,0.9676258992805755,0.062413916
HOUSEHOLD_1_234,HOUSEHOLD_1,1390,1345,70885.0,50.996403,10,139,1,0.97,0.0,0.0,0.9676258992805755,0.0
HOUSEHOLD_1_243,HOUSEHOLD_1,1390,1345,23273.0,16.743166,10,139,1,1.97,0.0,0.0,0.9676258992805755,0.0
FOODS_3_258,FOODS_3,956,925,25340.0,26.506277,10,97,6,1.6011506,0.12052908,0.0899581589958159,0.9675732217573222,0.07527654
HOUSEHOLD_1_093,HOUSEHOLD_1,123,119,903.0,7.3414636,10,13,3,3.9469106,0.25852397,0.008130081300813009,0.967479674796748,0.065500334
FOODS_3_570,FOODS_3,952,921,35315.0,37.09559,10,98,6,1.6016177,0.12075257,0.09033613445378151,0.967436974789916,0.07539413
FOODS_3_393,FOODS_3,334,323,7428.0,22.239521,10,35,1,3.5,0.0,0.0,0.9670658682634731,0.0
FOODS_2_381,FOODS_2,1327,1283,18215.0,13.726451,10,139,11,2.4522984,0.15822566,0.020346646571213264,0.9668425018839487,0.06452137
FOODS_2_061,FOODS_2,1386,1340,20290.0,14.63925,10,139,11,1.9027634,0.11044222,0.09523809523809523,0.9668109668109668,0.058043066
FOODS_3_638,FOODS_3,331,320,7144.0,21.583082,10,34,1,1.5,0.0,0.0,0.9667673716012085,0.0
HOUSEHOLD_1_141,HOUSEHOLD_1,1390,1343,14563.0,10.476978,10,139,5,1.813964,0.051496398,0.09424460431654676,0.9661870503597122,0.028388875
HOUSEHOLD_1_503,HOUSEHOLD_1,1390,1343,23189.0,16.682734,10,139,4,0.94398564,0.04414063,0.00935251798561151,0.9661870503597122,0.04675985
FOODS_3_730,FOODS_3,1390,1343,13853.0,9.9661875,10,139,3,4.648921,0.40592918,0.0,0.9661870503597122,0.087316856
FOODS_3_764,FOODS_3,1064,1028,95283.0,89.55169,10,109,2,2.978421,0.019411555,0.006578947368421052,0.9661654135338346,0.0065173977
FOODS_2_004,FOODS_2,59,57,697.0,11.81356,10,6,1,3.78,0.0,0.0,0.9661016949152542,0.0
HOUSEHOLD_1_380,HOUSEHOLD_1,59,57,236.0,4.0,10,6,1,4.57,0.0,0.0,0.9661016949152542,0.0
FOODS_3_739,FOODS_3,324,313,31461.0,97.10185,10,34,1,1.5,0.0,0.0,0.9660493827160493,0.0
FOODS_3_680,FOODS_3,790,763,5059.0,6.4037976,10,82,2,2.4987342,0.035578404,0.0012658227848101266,0.9658227848101266,0.014238571
HOUSEHOLD_1_424,HOUSEHOLD_1,1316,1271,8817.0,6.699848,10,132,9,2.9450455,0.21380547,0.014437689969604863,0.96580547112462,0.07259836
FOODS_3_705,FOODS_3,1298,1253,8561.0,6.5955315,10,139,2,3.728351,0.18616095,0.0,0.9653312788906009,0.049931176
FOODS_3_041,FOODS_3,864,834,8243.0,9.540509,10,88,10,2.9654284,0.1484038,0.010416666666666666,0.9652777777777778,0.05004464
FOODS_1_094,FOODS_1,1380,1332,11275.0,8.17029,10,139,4,3.180145,0.16621004,0.09420289855072464,0.9652173913043478,0.052264925
FOODS_1_155,FOODS_1,431,416,5153.0,11.955916,10,65,1,0.98,0.0,0.0,0.9651972157772621,0.0
FOODS_1_181,FOODS_1,600,579,8863.0,14.771667,10,82,1,1.28,0.0,0.0,0.965,0.0
FOODS_3_279,FOODS_3,1256,1212,10180.0,8.105096,10,126,4,2.7418313,0.12597154,0.10589171974522293,0.964968152866242,0.045944307
HOUSEHOLD_1_318,HOUSEHOLD_1,854,824,13593.0,15.916862,10,86,7,2.8559484,0.17373149,0.00702576112412178,0.9648711943793911,0.060831454
FOODS_3_481,FOODS_3,1390,1341,17362.0,12.490647,10,139,8,3.713367,0.22436516,0.004316546762589928,0.9647482014388489,0.06042095
FOODS_2_321,FOODS_2,899,867,7135.0,7.9365964,9,111,9,2.9864962,0.16379295,0.10567296996662959,0.96440489432703,0.05484452
HOBBIES_1_166,HOBBIES_1,588,567,4454.0,7.57483,10,61,3,11.939183,0.14009249,0.0017006802721088435,0.9642857142857143,0.011733842
HOBBIES_1_057,HOBBIES_1,644,621,2972.0,4.614907,10,66,2,4.7408695,0.19066033,0.0,0.9642857142857143,0.04021632
FOODS_3_400,FOODS_3,1390,1340,17356.0,12.486331,10,139,4,2.9417627,0.091639675,0.0007194244604316547,0.9640287769784173,0.03115128
FOODS_3_212,FOODS_3,1390,1340,13038.0,9.379856,10,139,2,2.9433093,0.07743541,0.09352517985611511,0.9640287769784173,0.026308961
FOODS_3_562,FOODS_3,1028,991,15427.0,15.006809,9,139,2,4.9666734,0.03400298,0.0,0.9640077821011673,0.006846228
HOBBIES_1_064,HOBBIES_1,1333,1285,9820.0,7.366842,10,139,10,12.84718,0.2809972,0.030007501875468866,0.9639909977494373,0.021872284
FOODS_3_710,FOODS_3,110,106,432.0,3.9272728,10,13,2,2.9709089,0.09534626,0.0,0.9636363636363636,0.032093294
FOODS_3_291,FOODS_3,1252,1206,9774.0,7.8067093,10,134,4,2.5840335,0.1387754,0.0007987220447284345,0.963258785942492,0.05370495
FOODS_3_610,FOODS_3,1386,1335,16156.0,11.656566,10,139,3,1.9703103,0.09625165,0.010101010101010102,0.9632034632034632,0.04885101
HOUSEHOLD_2_366,HOUSEHOLD_2,1385,1334,14011.0,10.116245,10,139,5,3.560527,0.16945197,0.010108303249097473,0.9631768953068592,0.04759182
HOBBIES_1_286,HOBBIES_1,1384,1333,23077.0,16.674133,10,139,4,0.7155708,0.023252351,0.09393063583815028,0.963150289017341,0.032494828
FOODS_3_288,FOODS_3,325,313,33391.0,102.74154,10,34,2,1.4990153,0.017750409,0.003076923076923077,0.963076923076923,0.011841379
HOBBIES_1_089,HOBBIES_1,1298,1250,10904.0,8.400617,10,139,7,8.128436,0.2763945,0.010015408320493066,0.963020030816641,0.034003403
HOBBIES_1_329,HOBBIES_1,1243,1197,8065.0,6.4883347,9,139,3,3.9684153,0.04172969,0.0008045052292839903,0.9629927594529365,0.010515454
FOODS_2_309,FOODS_2,745,717,9946.0,13.350335,9,89,5,2.4979062,0.0755476,0.0026845637583892616,0.9624161073825503,0.030244369
HOUSEHOLD_1_171,HOUSEHOLD_1,824,793,7288.0,8.84466,10,83,1,8.97,0.0,0.0,0.962378640776699,0.0
FOODS_1_021,FOODS_1,317,305,4800.0,15.141955,10,33,1,0.98,0.0,0.0,0.9621451104100947,0.0
HOBBIES_1_122,HOBBIES_1,105,101,666.0,6.3428574,10,12,2,1.742,0.05626858,0.0,0.9619047619047619,0.032301135
FOODS_3_203,FOODS_3,1390,1337,19062.0,13.713669,10,139,3,4.438417,0.14434509,0.08992805755395683,0.9618705035971223,0.03252175
HOUSEHOLD_1_370,HOUSEHOLD_1,1390,1337,14711.0,10.583453,10,139,2,6.938,0.08403025,0.0,0.9618705035971223,0.012111595
HOBBIES_1_179,HOBBIES_1,1094,1052,8058.0,7.3656306,10,110,1,6.87,0.0,0.0,0.9616087751371115,0.0
HOBBIES_1_087,HOBBIES_1,648,623,5836.0,9.006173,10,65,4,12.527408,0.35963795,0.0,0.9614197530864198,0.02870809
HOUSEHOLD_1_158,HOUSEHOLD_1,880,846,4305.0,4.8920455,10,88,1,3.24,0.0,0.0,0.9613636363636363,0.0
FOODS_2_024,FOODS_2,1111,1068,11420.0,10.279028,9,139,3,2.5125833,0.031771764,0.0,0.9612961296129613,0.012645059
FOODS_3_129,FOODS_3,154,148,1463.0,9.5,10,16,1,2.48,0.0,0.0,0.961038961038961,0.0
FOODS_3_197,FOODS_3,485,466,4178.0,8.614433,10,51,2,1.9582268,0.065764345,0.0,0.9608247422680413,0.03358362
FOODS_3_818,FOODS_3,633,608,9916.0,15.665087,10,74,1,2.98,0.0,0.0,0.9605055292259084,0.0
HOUSEHOLD_1_107,HOUSEHOLD_1,759,729,6493.0,8.554677,10,77,1,3.48,0.0,0.0,0.9604743083003953,0.0
FOODS_3_746,FOODS_3,1390,1335,36705.0,26.406475,10,139,4,1.9770144,0.049653295,0.002158273381294964,0.960431654676259,0.025115293
HOUSEHOLD_1_537,HOUSEHOLD_1,1390,1335,10881.0,7.828058,10,139,4,15.97336,0.035403673,0.0,0.960431654676259,0.00221642
HOBBIES_1_415,HOBBIES_1,1390,1335,7966.0,5.730935,10,139,4,6.669079,0.16390178,0.01870503597122302,0.960431654676259,0.024576373
HOUSEHOLD_1_265,HOUSEHOLD_1,1388,1333,8076.0,5.818444,10,139,4,4.4506702,0.13434741,0.01729106628242075,0.9603746397694525,0.030185882
HOUSEHOLD_1_238,HOUSEHOLD_1,326,313,2431.0,7.457055,10,33,3,2.4724233,0.098477416,0.006134969325153374,0.9601226993865031,0.039830323
HOUSEHOLD_2_118,HOUSEHOLD_2,400,384,2109.0,5.2725,10,44,3,3.4161003,0.13671693,0.005,0.96,0.040021345
HOBBIES_1_308,HOBBIES_1,599,575,3044.0,5.081803,10,61,2,11.940767,0.13456263,0.0,0.9599332220367279,0.011269177
FOODS_2_274,FOODS_2,1094,1050,13899.0,12.704753,9,139,6,7.0159965,0.26242736,0.05758683729433273,0.9597806215722121,0.037404146
HOUSEHOLD_1_051,HOUSEHOLD_1,719,690,26160.0,36.383865,10,72,2,2.9509876,0.013762744,0.0,0.9596662030598053,0.0046637757
HOUSEHOLD_1_249,HOUSEHOLD_1,322,309,2479.0,7.6987576,10,34,1,7.9699993,0.0,0.0,0.9596273291925466,0.0
FOODS_3_817,FOODS_3,1386,1330,8043.0,5.8030305,10,139,6,2.7594807,0.11174374,0.0021645021645021645,0.9595959595959596,0.040494483
HOUSEHOLD_1_096,HOUSEHOLD_1,470,451,17316.0,36.842552,10,58,1,3.5,0.0,0.0,0.9595744680851064,0.0
HOUSEHOLD_1_169,HOUSEHOLD_1,419,402,16123.0,38.479713,9,58,1,2.98,0.0,0.0,0.9594272076372315,0.0
HOUSEHOLD_2_142,HOUSEHOLD_2,1390,1333,12718.0,9.14964,10,139,2,1.9708633,0.016075863,0.00935251798561151,0.9589928057553957,0.0081567615
HOUSEHOLD_1_267,HOUSEHOLD_1,73,70,545.0,7.4657536,3,25,2,9.901781,0.582865,0.0136986301369863,0.958904109589041,0.05886466
HOUSEHOLD_1_373,HOUSEHOLD_1,1337,1282,53158.0,39.759163,10,139,3,3.387689,0.0723026,0.0,0.9588631264023935,0.02134275
FOODS_2_325,FOODS_2,945,906,38180.0,40.402115,10,112,3,1.1285503,0.038780585,0.0,0.9587301587301588,0.034363188
HOBBIES_1_055,HOBBIES_1,1332,1277,9800.0,7.3573575,10,139,6,8.063791,0.6670765,0.00975975975975976,0.9587087087087087,0.08272492
FOODS_1_132,FOODS_1,459,440,5117.0,11.148149,10,48,1,1.7799999,0.0,0.0,0.9586056644880174,0.0
HOUSEHOLD_1_011,HOUSEHOLD_1,1390,1332,10851.0,7.8064747,10,139,3,4.6303167,0.00950391,0.007194244604316547,0.958273381294964,0.00205254
HOUSEHOLD_1_358,HOUSEHOLD_1,526,504,3236.0,6.152091,9,60,6,9.943517,0.2801136,0.0076045627376425855,0.9581749049429658,0.028170478
FOODS_3_688,FOODS_3,836,801,44105.0,52.757175,10,87,2,1.8542823,0.043733954,0.0,0.9581339712918661,0.023585381
HOBBIES_1_200,HOBBIES_1,621,595,2888.0,4.6505637,10,64,3,7.7879066,0.17440178,0.0,0.9581320450885669,0.022393921
HOUSEHOLD_1_053,HOUSEHOLD_1,1385,1327,16855.0,12.169675,10,139,5,15.096925,0.27337447,0.001444043321299639,0.9581227436823104,0.018107958
HOUSEHOLD_1_071,HOUSEHOLD_1,429,411,6999.0,16.314686,10,58,1,1.98,0.0,0.0,0.958041958041958,0.0
FOODS_2_244,FOODS_2,1190,1140,59111.0,49.67311,10,139,6,5.764034,0.16070715,0.0,0.957983193277311,0.02788102
FOODS_1_184,FOODS_1,925,886,41412.0,44.76973,10,93,2,0.9996432,0.010850333,0.001081081081081081,0.9578378378378378,0.010854205
HOUSEHOLD_1_241,HOUSEHOLD_1,806,772,4359.0,5.408189,10,81,2,7.9388213,0.033462334,0.0012406947890818859,0.9578163771712159,0.0042150253
HOUSEHOLD_1_024,HOUSEHOLD_1,71,68,433.0,6.0985913,3,24,1,1.47,0.0,0.0,0.9577464788732394,0.0
HOUSEHOLD_1_003,HOUSEHOLD_1,307,294,1929.0,6.2833877,10,35,1,8.97,0.0,0.0,0.9576547231270358,0.0
FOODS_3_793,FOODS_3,1390,1331,14373.0,10.340288,10,139,4,2.9777336,0.03400929,0.006474820143884892,0.9575539568345324,0.011421199
HOUSEHOLD_1_027,HOUSEHOLD_1,1387,1328,25517.0,18.39726,10,139,9,5.5159264,0.32610995,0.035328046142754144,0.9574621485219899,0.05912152
HOUSEHOLD_1_176,HOUSEHOLD_1,1352,1294,9274.0,6.8594675,10,139,4,3.8618345,0.106847204,0.0,0.9571005917159763,0.027667474
FOODS_3_631,FOODS_3,1095,1048,8330.0,7.607306,9,139,8,3.4325116,0.23604335,0.0,0.9570776255707762,0.06876695
FOODS_3_493,FOODS_3,1299,1243,13451.0,10.354888,10,132,2,7.072379,0.1941251,0.0,0.9568899153194765,0.027448345
FOODS_3_574,FOODS_3,1389,1329,54506.0,39.24118,10,139,3,5.98,0.10220903,0.09359251259899208,0.9568034557235421,0.01709181
FOODS_3_810,FOODS_3,731,699,8732.0,11.94528,10,78,4,2.5105882,0.13530709,0.09849521203830369,0.9562243502051984,0.053894576
FOODS_1_106,FOODS_1,1390,1329,17896.0,12.87482,10,139,4,3.1872516,0.16140063,0.0841726618705036,0.956115107913669,0.05063944
HOBBIES_1_381,HOBBIES_1,1332,1273,26265.0,19.718468,10,139,5,0.717012,0.025251668,0.08783783783783784,0.9557057057057057,0.035217915
HOUSEHOLD_2_160,HOUSEHOLD_2,1259,1203,10321.0,8.197776,10,129,3,3.9589436,0.03814971,0.06830818109610802,0.9555202541699762,0.009636336
FOODS_3_325,FOODS_3,785,750,5818.0,7.411465,10,82,4,2.4957452,0.05584222,0.005095541401273885,0.9554140127388535,0.022374969
HOUSEHOLD_1_372,HOUSEHOLD_1,1390,1328,13736.0,9.882014,10,139,3,1.9658345,0.06072624,0.005035971223021582,0.9553956834532374,0.03089082
HOUSEHOLD_2_301,HOUSEHOLD_2,1390,1328,12258.0,8.818705,10,139,3,1.981554,0.07147647,0.01079136690647482,0.9553956834532374,0.036070917
HOUSEHOLD_1_244,HOUSEHOLD_1,134,128,804.0,6.0,7,22,1,3.38,0.0,0.0,0.9552238805970149,0.0
FOODS_3_503,FOODS_3,1358,1297,47848.0,35.23417,10,136,2,2.40271,0.13701421,0.0,0.9550810014727541,0.057024866
FOODS_3_308,FOODS_3,1023,977,10013.0,9.787879,10,113,3,4.870127,0.157929,0.0,0.9550342130987293,0.03242811
FOODS_3_071,FOODS_3,244,233,5215.0,21.372952,10,27,1,1.34,0.0,0.0,0.9549180327868853,0.0
FOODS_3_423,FOODS_3,864,825,6373.0,7.3761573,10,88,7,2.971875,0.11353563,0.004629629629629629,0.9548611111111112,0.038203366
HOUSEHOLD_2_159,HOUSEHOLD_2,1259,1202,7710.0,6.123908,10,129,3,3.9583716,0.036099147,0.06671961874503574,0.9547259729944401,0.009119696
HOBBIES_1_260,HOBBIES_1,640,611,3014.0,4.709375,10,65,3,12.508422,0.36742675,0.0,0.9546875,0.02937435
HOUSEHOLD_1_354,HOUSEHOLD_1,1390,1327,14326.0,10.306475,10,139,2,1.9291079,0.033259388,0.0007194244604316547,0.9546762589928057,0.017240813
FOODS_3_184,FOODS_3,1390,1327,20636.0,14.846044,10,139,1,2.9800003,0.0,0.0,0.9546762589928057,0.0
FOODS_2_307,FOODS_2,528,504,6911.0,13.089015,9,61,1,2.5,0.0,0.0,0.9545454545454546,0.0
FOODS_3_545,FOODS_3,22,21,173.0,7.8636365,5,5,1,1.0,0.0,0.0,0.9545454545454546,0.0
FOODS_1_208,FOODS_1,811,774,11506.0,14.187423,10,82,1,1.78,0.0,0.0,0.9543773119605425,0.0
FOODS_2_238,FOODS_2,263,251,2125.0,8.079848,9,34,2,1.6242205,0.13482551,0.25475285171102663,0.9543726235741445,0.08300936
FOODS_3_079,FOODS_3,1314,1254,26546.0,20.202435,10,139,3,5.9849467,0.08148398,0.0989345509893455,0.954337899543379,0.013614821
HOUSEHOLD_1_365,HOUSEHOLD_1,1390,1326,7333.0,5.2755394,10,139,6,4.0216403,0.1372958,0.02805755395683453,0.9539568345323741,0.034139253
FOODS_1_063,FOODS_1,1390,1326,10897.0,7.839568,10,139,4,2.1610289,0.124918476,0.0014388489208633094,0.9539568345323741,0.057805095
HOUSEHOLD_1_069,HOUSEHOLD_1,1390,1326,8512.0,6.123741,10,139,1,1.97,0.0,0.0,0.9539568345323741,0.0
HOUSEHOLD_1_361,HOUSEHOLD_1,560,534,6900.0,12.321428,10,59,2,1.7932501,0.068027206,0.0,0.9535714285714286,0.03793515
FOODS_3_783,FOODS_3,1376,1312,37588.0,27.31686,10,139,7,5.265138,0.33459532,0.37136627906976744,0.9534883720930233,0.0635492
HOBBIES_1_151,HOBBIES_1,1390,1325,7708.0,5.545324,10,139,8,4.8188705,0.41571262,0.0,0.9532374100719424,0.08626765
HOUSEHOLD_1_046,HOUSEHOLD_1,1390,1325,7036.0,5.0618706,10,139,3,3.716698,0.07711945,0.0,0.9532374100719424,0.020749453
FOODS_3_118,FOODS_3,1389,1324,37362.0,26.898489,10,139,2,1.1334772,0.07883015,0.0,0.953203743700504,0.06954719
HOUSEHOLD_1_416,HOUSEHOLD_1,1323,1261,34308.0,25.931973,10,139,9,3.3611488,0.13873772,0.011337868480725623,0.9531368102796675,0.041276876
FOODS_3_385,FOODS_3,1376,1311,13961.0,10.146075,10,139,5,2.9750147,0.07789503,0.007267441860465116,0.9527616279069767,0.026183074
FOODS_2_099,FOODS_2,571,544,5667.0,9.924693,9,81,2,1.9060069,0.040831205,0.0,0.9527145359019265,0.02142238
HOUSEHOLD_1_188,HOUSEHOLD_1,1078,1027,10795.0,10.013915,10,108,2,4.0117254,0.10516379,0.02411873840445269,0.9526901669758813,0.026214104
HOUSEHOLD_1_434,HOUSEHOLD_1,1390,1324,25408.0,18.279137,10,139,8,3.884295,0.123868726,0.01870503597122302,0.9525179856115108,0.03188963
HOUSEHOLD_1_331,HOUSEHOLD_1,1390,1324,13256.0,9.536691,10,139,7,4.833777,0.20701708,0.09280575539568345,0.9525179856115108,0.04282719
FOODS_3_681,FOODS_3,1386,1320,108212.0,78.075035,10,139,7,1.165909,0.13242614,0.18759018759018758,0.9523809523809523,0.11358188
HOUSEHOLD_2_467,HOUSEHOLD_2,667,635,3804.0,5.7031484,10,67,1,3.97,0.0,0.0,0.952023988005997,0.0
FOODS_3_074,FOODS_3,291,277,1840.0,6.3230243,10,30,1,3.9800003,0.0,0.0,0.9518900343642611,0.0
HOUSEHOLD_2_212,HOUSEHOLD_2,1390,1323,10970.0,7.8920865,10,139,3,2.6571224,0.1179361,0.00935251798561151,0.9517985611510792,0.044384893
FOODS_3_346,FOODS_3,1390,1323,40348.0,29.027338,10,139,1,1.98,0.0,0.0,0.9517985611510792,0.0
HOUSEHOLD_1_347,HOUSEHOLD_1,1389,1322,12760.0,9.186465,10,139,2,7.9667387,0.12154779,0.0007199424046076314,0.9517638588912887,0.015256907
FOODS_3_225,FOODS_3,1096,1043,12029.0,10.975365,9,139,2,1.9797355,0.00875977,0.0009124087591240876,0.9516423357664233,0.0044247173
FOODS_3_505,FOODS_3,804,765,13999.0,17.411692,10,82,2,3.3730347,0.09981926,0.0,0.9514925373134329,0.02959331
FOODS_2_120,FOODS_2,184,175,1343.0,7.298913,10,19,1,2.72,0.0,0.0,0.9510869565217391,0.0
HOBBIES_1_254,HOBBIES_1,1390,1322,42138.0,30.315107,10,139,6,0.7167986,0.026224561,0.09424460431654676,0.9510791366906475,0.036585674
FOODS_1_019,FOODS_1,1390,1322,49738.0,35.782734,10,139,2,1.0413022,0.052547377,0.0,0.9510791366906475,0.050463136
FOODS_3_434,FOODS_3,1285,1222,17046.0,13.265369,10,135,6,2.7948017,0.11715371,0.0980544747081712,0.9509727626459143,0.041918434
HOBBIES_1_132,HOBBIES_1,1390,1321,7397.0,5.321583,10,139,4,4.3404026,0.16251047,0.00935251798561151,0.9503597122302159,0.037441336
FOODS_2_082,FOODS_2,1087,1033,15281.0,14.057958,9,139,3,5.961003,0.105642796,0.09567617295308188,0.9503219871205152,0.01772232
FOODS_3_239,FOODS_3,1384,1315,7653.0,5.5296245,10,139,7,1.7944726,0.14355125,0.002890173410404624,0.9501445086705202,0.07999635
FOODS_2_108,FOODS_2,239,227,1441.0,6.029289,9,28,1,2.96,0.0,0.0,0.9497907949790795,0.0
FOODS_2_009,FOODS_2,1095,1040,13493.0,12.322374,9,139,8,1.4257534,0.10369392,0.0027397260273972603,0.9497716894977168,0.072729215
FOODS_2_047,FOODS_2,1094,1039,11260.0,10.292504,9,139,13,2.7000458,0.29237974,0.021937842778793418,0.9497257769652651,0.108286954
HOUSEHOLD_1_458,HOUSEHOLD_1,1190,1130,8843.0,7.4310923,10,119,8,2.4713612,0.09636189,0.008403361344537815,0.9495798319327731,0.038991425
HOBBIES_1_258,HOBBIES_1,1386,1316,7978.0,5.7561326,10,139,9,11.142698,0.46820462,0.020202020202020204,0.9494949494949495,0.04201896
HOBBIES_1_105,HOBBIES_1,1385,1315,6716.0,4.8490973,10,139,4,6.668433,0.16273823,0.018772563176895306,0.9494584837545126,0.024404269
HOUSEHOLD_1_103,HOUSEHOLD_1,870,826,10096.0,11.604598,10,87,2,4.904,0.13207589,0.0,0.9494252873563218,0.026932279
FOODS_3_096,FOODS_3,1283,1218,8913.0,6.946999,10,139,11,4.1503973,0.21023783,0.15354637568199533,0.9493374902572097,0.05065487
FOODS_3_509,FOODS_3,493,468,7082.0,14.365111,10,52,2,1.9554564,0.06933222,0.0,0.949290060851927,0.035455775
FOODS_1_070,FOODS_1,315,299,2206.0,7.003175,10,32,1,0.98,0.0,0.0,0.9492063492063492,0.0
FOODS_3_592,FOODS_3,1336,1268,21361.0,15.988772,10,135,2,7.070569,0.19263823,0.0,0.9491017964071856,0.027245082
FOODS_2_074,FOODS_2,587,557,7818.0,13.318569,10,61,2,2.4974446,0.061911624,0.0017035775127768314,0.948892674616695,0.024789989
FOODS_2_289,FOODS_2,1095,1039,16033.0,14.642009,9,139,4,2.5092785,0.042526778,0.0009132420091324201,0.9488584474885845,0.016947811
HOUSEHOLD_2_453,HOUSEHOLD_2,1367,1297,7724.0,5.650329,10,139,2,6.4998465,0.15166785,0.009509875640087784,0.9487929773226043,0.023334065
HOUSEHOLD_2_427,HOUSEHOLD_2,1385,1314,10490.0,7.574007,10,139,3,3.0602164,0.14897755,0.08447653429602887,0.9487364620938629,0.04868203
FOODS_3_734,FOODS_3,1380,1309,49507.0,35.874638,10,139,7,1.4856304,0.19326429,0.02246376811594203,0.9485507246376812,0.13008907
FOODS_2_081,FOODS_2,1095,1038,11503.0,10.505023,9,139,5,2.5472512,0.12614813,0.0365296803652968,0.947945205479452,0.04952324
HOUSEHOLD_2_289,HOUSEHOLD_2,192,182,1749.0,9.109375,10,22,5,5.8302083,0.54374397,0.020833333333333332,0.9479166666666666,0.09326322
FOODS_3_761,FOODS_3,267,253,4478.0,16.771536,8,38,2,1.9925094,0.06085292,0.0149812734082397,0.947565543071161,0.030540844
FOODS_3_263,FOODS_3,1200,1137,46226.0,38.521667,10,139,3,2.741,0.04981027,0.0,0.9475,0.0181723
HOUSEHOLD_1_398,HOUSEHOLD_1,812,769,3734.0,4.598522,10,82,2,2.8988175,0.042015642,0.0,0.9470443349753694,0.014494062
HOUSEHOLD_2_049,HOUSEHOLD_2,415,393,2033.0,4.898795,10,43,1,3.42,0.0,0.0,0.946987951807229,0.0
HOUSEHOLD_1_407,HOUSEHOLD_1,245,232,1047.0,4.2734694,8,32,4,5.1158366,0.15210211,0.4163265306122449,0.9469387755102041,0.02973162
HOUSEHOLD_1_285,HOUSEHOLD_1,848,803,15505.0,18.284199,10,86,1,2.76,0.0,0.0,0.9469339622641509,0.0
HOUSEHOLD_2_030,HOUSEHOLD_2,1390,1316,4947.0,3.5589929,10,139,4,3.8142662,0.15585338,0.07553956834532374,0.9467625899280575,0.040860645
HOUSEHOLD_1_248,HOUSEHOLD_1,826,782,5216.0,6.3147697,10,84,2,8.963971,0.17327636,0.0012106537530266344,0.9467312348668281,0.019330313
FOODS_3_076,FOODS_3,1013,959,20231.0,19.971373,8,139,10,1.1656959,0.13251756,0.18065153010858837,0.9466929911154985,0.11368107
FOODS_3_147,FOODS_3,75,71,779.0,10.386666,3,29,1,3.58,0.0,0.0,0.9466666666666667,0.0
HOUSEHOLD_1_078,HOUSEHOLD_1,954,903,5639.0,5.9109015,10,105,3,2.8393395,0.038186647,0.0010482180293501049,0.9465408805031447,0.013449131
FOODS_3_577,FOODS_3,1384,1310,20368.0,14.716763,10,139,1,2.9799998,0.0,0.0,0.9465317919075145,0.0
FOODS_1_068,FOODS_1,56,53,258.0,4.607143,7,9,1,3.58,0.0,0.0,0.9464285714285714,0.0
FOODS_3_506,FOODS_3,1056,999,4942.0,4.679924,9,139,2,3.9771779,0.09170316,0.000946969696969697,0.9460227272727273,0.023057345
FOODS_3_169,FOODS_3,848,802,10577.0,12.4728775,8,123,1,3.98,0.0,0.0,0.9457547169811321,0.0
FOODS_2_232,FOODS_2,1087,1028,9176.0,8.441583,9,139,5,2.2566144,0.13825713,0.0,0.9457221711131555,0.061267503
FOODS_3_050,FOODS_3,1234,1167,8000.0,6.482982,10,139,3,2.0200324,0.27672985,0.0,0.9457050243111832,0.13699278
FOODS_3_826,FOODS_3,221,209,2046.0,9.257918,10,26,1,1.28,0.0,0.0,0.9457013574660633,0.0
HOUSEHOLD_2_199,HOUSEHOLD_2,1262,1193,7710.0,6.10935,10,129,3,3.9592392,0.03909228,0.06893819334389857,0.945324881141046,0.0098736845
HOUSEHOLD_1_389,HOUSEHOLD_1,1390,1314,50795.0,36.543167,10,139,3,0.9527554,0.015096223,0.0014388489208633094,0.9453237410071943,0.015844805
HOUSEHOLD_2_447,HOUSEHOLD_2,1390,1314,9288.0,6.6820145,10,139,3,1.981072,0.07656362,0.011510791366906475,0.9453237410071943,0.03864757
FOODS_3_581,FOODS_3,1095,1035,6438.0,5.879452,10,139,5,2.8502374,0.33499727,0.023744292237442923,0.9452054794520548,0.11753311
FOODS_2_141,FOODS_2,1095,1035,8269.0,7.551598,9,139,7,7.0267034,0.2926688,0.025570776255707764,0.9452054794520548,0.04165094
FOODS_3_273,FOODS_3,1184,1119,11563.0,9.7660475,10,139,2,1.968598,0.07698939,0.01097972972972973,0.9451013513513513,0.039108742
FOODS_3_572,FOODS_3,1200,1134,42337.0,35.280834,10,139,3,2.741,0.04981027,0.0,0.945,0.0181723
FOODS_3_801,FOODS_3,961,908,24549.0,25.545265,10,98,1,1.0,0.0,0.0,0.9448491155046826,0.0
FOODS_3_811,FOODS_3,834,788,76063.0,91.20264,10,87,2,1.8544605,0.04363452,0.0,0.9448441247002398,0.023529496
FOODS_3_547,FOODS_3,1286,1215,103062.0,80.141525,10,139,6,0.19767496,0.016893996,0.02021772939346812,0.9447900466562986,0.08546351
HOUSEHOLD_1_028,HOUSEHOLD_1,1303,1231,13003.0,9.979279,10,132,6,2.860353,0.19715688,0.00844205679201842,0.9447429009976976,0.06892747
FOODS_3_565,FOODS_3,1374,1298,11469.0,8.347161,10,139,4,2.670102,0.0992521,0.07569141193595343,0.9446870451237264,0.03717165
FOODS_3_666,FOODS_3,1390,1313,11103.0,7.9877696,10,139,8,2.5127625,0.19185314,0.027338129496402876,0.9446043165467626,0.07635148
HOBBIES_1_233,HOBBIES_1,1390,1313,33031.0,23.76331,10,139,5,0.7165036,0.025786513,0.09352517985611511,0.9446043165467626,0.03598937
HOBBIES_1_242,HOBBIES_1,1390,1313,16918.0,12.171223,10,139,3,2.6821005,0.31251812,0.01870503597122302,0.9446043165467626,0.11651991
HOUSEHOLD_2_084,HOUSEHOLD_2,1390,1313,7952.0,5.7208633,10,139,3,3.7900934,0.15488605,0.10359712230215827,0.9446043165467626,0.040866025
FOODS_3_405,FOODS_3,1389,1312,8351.0,6.012239,10,139,7,3.7931101,0.23196468,0.0028797696184305254,0.9445644348452124,0.061154217
HOUSEHOLD_1_124,HOUSEHOLD_1,1077,1017,14793.0,13.735376,10,109,2,4.0110493,0.104137994,0.02414113277623027,0.9442896935933147,0.025962781
FOODS_1_210,FOODS_1,305,288,5826.0,19.101639,10,32,2,1.7852459,0.032015964,0.04262295081967213,0.9442622950819672,0.017933644
HOUSEHOLD_1_118,HOUSEHOLD_1,1166,1101,64814.0,55.58662,10,139,1,0.97,0.0,0.0,0.9442538593481989,0.0
FOODS_1_004,FOODS_1,820,774,61146.0,74.56829,10,82,1,1.78,0.0,0.0,0.9439024390243902,0.0
HOBBIES_1_321,HOBBIES_1,1390,1312,6710.0,4.827338,10,139,5,6.6580863,0.2549497,0.02158273381294964,0.943884892086331,0.038291737
HOUSEHOLD_1_132,HOUSEHOLD_1,1389,1311,16710.0,12.030237,10,139,5,1.9112599,0.07591183,0.005039596832253419,0.9438444924406048,0.039718214
FOODS_3_767,FOODS_3,1329,1254,54005.0,40.635815,10,139,12,0.98759216,0.046750546,0.12340105342362678,0.9435665914221218,0.04733791
FOODS_3_154,FOODS_3,1382,1304,73297.0,53.036903,10,139,1,2.98,0.0,0.0,0.9435600578871202,0.0
FOODS_3_026,FOODS_3,1115,1052,14973.0,13.4286995,10,139,1,1.9799999,0.0,0.0,0.9434977578475336,0.0
FOODS_2_044,FOODS_2,954,900,8535.0,8.946541,8,139,11,2.460671,0.15902829,0.07547169811320754,0.9433962264150944,0.06462802
FOODS_3_477,FOODS_3,1390,1311,45950.0,33.057552,10,139,3,1.5378418,0.05097697,0.0,0.9431654676258993,0.03314838
FOODS_1_112,FOODS_1,1390,1311,13305.0,9.571942,10,139,2,1.9792949,0.026285648,0.0007194244604316547,0.9431654676258993,0.013280309
FOODS_3_490,FOODS_3,1191,1123,7174.0,6.0235095,10,136,5,3.5147777,0.26118657,0.04534005037783375,0.9429051217464316,0.07431098
HOUSEHOLD_2_096,HOUSEHOLD_2,647,610,2957.0,4.5703244,10,66,1,3.47,0.0,0.0,0.9428129829984544,0.0
HOBBIES_1_384,HOBBIES_1,593,559,4114.0,6.9376054,10,60,2,11.948802,0.121037535,0.0,0.9426644182124789,0.01012968
FOODS_1_145,FOODS_1,436,411,6390.0,14.655963,10,65,1,0.98,0.0,0.0,0.9426605504587156,0.0
FOODS_2_138,FOODS_2,1095,1032,10139.0,9.25936,9,139,7,1.8607215,0.1088461,0.03744292237442922,0.9424657534246575,0.058496717
FOODS_1_088,FOODS_1,1390,1310,17392.0,12.51223,10,139,4,4.64787,0.2397921,0.0,0.9424460431654677,0.051591825
FOODS_3_659,FOODS_3,851,802,9538.0,11.207991,8,131,2,3.1868155,0.35046265,0.07638072855464159,0.9424206815511164,0.10997268
HOUSEHOLD_1_348,HOUSEHOLD_1,642,605,9002.0,14.021807,10,75,2,1.989159,0.066414125,0.020249221183800622,0.942367601246106,0.03338804
FOODS_3_594,FOODS_3,1300,1225,42214.0,32.47231,10,139,15,0.9852231,0.04771802,0.09846153846153846,0.9423076923076923,0.048433717
FOODS_3_181,FOODS_3,537,506,4371.0,8.139665,9,101,1,2.98,0.0,0.0,0.9422718808193669,0.0
FOODS_3_616,FOODS_3,1292,1217,11591.0,8.971362,10,139,3,2.943692,0.1089343,0.008513931888544891,0.9419504643962848,0.037006013
HOBBIES_1_332,HOBBIES_1,635,598,2441.0,3.8440945,10,65,3,7.740126,0.19429004,0.0,0.9417322834645669,0.025101664
FOODS_2_156,FOODS_2,1095,1031,11959.0,10.921461,9,139,6,1.4265023,0.10108419,0.0009132420091324201,0.9415525114155251,0.07086156
FOODS_2_279,FOODS_2,513,483,4052.0,7.8986354,9,60,2,2.4990253,0.02207554,0.001949317738791423,0.9415204678362573,0.00883366
HOUSEHOLD_1_479,HOUSEHOLD_1,1111,1046,5418.0,4.8766875,10,112,1,7.52,0.0,0.0,0.9414941494149415,0.0
HOBBIES_1_201,HOBBIES_1,1384,1303,13127.0,9.484827,10,139,6,5.418656,0.26892155,0.01878612716763006,0.9414739884393064,0.04962883
HOBBIES_1_033,HOBBIES_1,17,16,41.0,2.4117646,9,2,1,15.969999,0.0,0.0,0.9411764705882353,0.0
HOBBIES_1_216,HOBBIES_1,1286,1210,8624.0,6.706065,10,139,9,1.7135613,0.08009959,0.02332814930015552,0.9409020217729394,0.046744514
HOUSEHOLD_1_426,HOUSEHOLD_1,591,556,7485.0,12.664974,10,60,1,2.48,0.0,0.0,0.9407783417935702,0.0
HOUSEHOLD_1_332,HOUSEHOLD_1,118,111,410.0,3.4745762,5,24,3,9.872966,0.74850434,0.00847457627118644,0.940677966101695,0.075813524
FOODS_3_753,FOODS_3,1378,1296,33419.0,24.251814,10,139,5,5.2691145,0.3203311,0.36792452830188677,0.9404934687953556,0.060794104
HOUSEHOLD_1_165,HOUSEHOLD_1,821,772,4056.0,4.9403167,10,83,4,17.946918,0.40689766,0.0036540803897685747,0.9403166869671132,0.022672286
FOODS_1_174,FOODS_1,1390,1307,8546.0,6.1482015,10,139,5,4.646489,0.24441142,0.0007194244604316547,0.9402877697841726,0.05260131
FOODS_3_259,FOODS_3,952,895,22002.0,23.111345,10,97,6,1.6013445,0.120660104,0.08508403361344538,0.9401260504201681,0.07534925
FOODS_3_010,FOODS_3,216,203,1467.0,6.7916665,10,22,2,2.7763426,0.05375269,0.0,0.9398148148148148,0.01936097
HOUSEHOLD_1_440,HOUSEHOLD_1,1378,1295,13088.0,9.497823,10,139,4,15.101017,0.2386679,0.001451378809869376,0.9397677793904209,0.015804756
FOODS_3_537,FOODS_3,896,842,6259.0,6.9854913,9,125,2,3.975558,0.09396613,0.002232142857142857,0.9397321428571429,0.02363596
FOODS_2_242,FOODS_2,1078,1013,10919.0,10.1289425,9,139,4,2.5096753,0.03682356,0.0009276437847866419,0.9397031539888683,0.014672639
FOODS_2_197,FOODS_2,1390,1306,93774.0,67.46331,10,139,5,3.1077268,0.1555163,0.03093525179856115,0.939568345323741,0.050041817
FOODS_1_052,FOODS_1,460,432,3891.0,8.458695,10,65,1,0.98,0.0,0.0,0.9391304347826087,0.0
FOODS_1_139,FOODS_1,492,462,8102.0,16.46748,10,65,1,0.98,0.0,0.0,0.9390243902439024,0.0
FOODS_3_658,FOODS_3,213,200,1475.0,6.9248824,10,22,1,2.78,0.0,0.0,0.9389671361502347,0.0
HOBBIES_1_343,HOBBIES_1,1390,1305,7642.0,5.497842,10,139,8,4.9805756,0.3448109,0.0,0.9388489208633094,0.06923114
FOODS_2_276,FOODS_2,1390,1305,95895.0,68.98921,10,139,5,3.107525,0.15547433,0.03093525179856115,0.9388489208633094,0.05003156
FOODS_1_024,FOODS_1,1390,1305,11746.0,8.450359,10,139,4,4.5980864,0.29550388,0.0007194244604316547,0.9388489208633094,0.06426671
FOODS_3_652,FOODS_3,1226,1151,22922.0,18.696575,10,124,1,3.98,0.0,0.0,0.9388254486133768,0.0
FOODS_3_301,FOODS_3,1385,1300,13224.0,9.548015,10,139,6,1.9730326,0.07947835,0.006498194945848376,0.9386281588447654,0.04028233
HOBBIES_1_424,HOBBIES_1,1333,1251,9081.0,6.8124533,10,139,11,1.713676,0.07936113,0.025506376594148537,0.9384846211552889,0.046310466
FOODS_3_290,FOODS_3,1379,1294,37429.0,27.142132,10,139,1,1.0,0.0,0.0,0.9383611312545322,0.0
HOUSEHOLD_1_376,HOUSEHOLD_1,1390,1304,9867.0,7.0985613,10,139,7,4.8626833,0.17589161,0.019424460431654675,0.9381294964028777,0.03617172
FOODS_3_403,FOODS_3,321,301,13393.0,41.72274,10,34,2,1.4984424,0.027907278,0.003115264797507788,0.9376947040498442,0.018624192
HOUSEHOLD_1_279,HOUSEHOLD_1,1331,1248,9997.0,7.5108943,10,139,2,0.97011274,0.0041115177,0.007513148009015778,0.9376408715251691,0.0042381855
HOUSEHOLD_1_218,HOUSEHOLD_1,560,525,6400.0,11.428572,10,64,3,1.9521427,0.0730945,0.0035714285714285713,0.9375,0.037443217
HOUSEHOLD_1_192,HOUSEHOLD_1,1390,1303,5210.0,3.7482014,10,139,3,3.64459,0.14152549,0.01870503597122302,0.9374100719424461,0.038831666
FOODS_3_064,FOODS_3,730,684,21144.0,28.964384,10,122,3,1.0273699,0.114624396,0.02054794520547945,0.936986301369863,0.11157072
FOODS_3_023,FOODS_3,1283,1202,14972.0,11.669524,10,139,3,3.9160094,0.0897925,0.024162120031176928,0.9368667186282151,0.022929592
FOODS_3_265,FOODS_3,1386,1298,19478.0,14.053391,10,139,3,3.9125395,0.09097334,0.016594516594516596,0.9365079365079365,0.023251737
FOODS_3_676,FOODS_3,1304,1221,11680.0,8.957055,10,134,3,7.070491,0.21247019,0.0007668711656441718,0.9363496932515337,0.030050274
HOUSEHOLD_1_363,HOUSEHOLD_1,251,235,1167.0,4.6494026,10,26,3,2.9594424,0.12223457,0.00796812749003984,0.9362549800796812,0.041303243
FOODS_1_042,FOODS_1,438,410,12824.0,29.27854,10,65,1,0.98,0.0,0.0,0.9360730593607306,0.0
HOUSEHOLD_2_348,HOUSEHOLD_2,1387,1298,11751.0,8.472242,10,139,5,6.4453926,0.18814628,0.012256669069935111,0.935832732516222,0.029190818
FOODS_3_656,FOODS_3,1368,1280,14884.0,10.880117,10,138,5,3.4762866,0.28430223,0.03435672514619883,0.935672514619883,0.08178331
FOODS_3_269,FOODS_3,1390,1300,10418.0,7.494964,10,139,12,2.9749856,0.16677421,0.18992805755395684,0.935251798561151,0.05605883
FOODS_1_194,FOODS_1,1388,1298,17948.0,12.930836,10,139,5,4.598033,0.29412788,0.001440922190201729,0.9351585014409222,0.0639682
FOODS_3_303,FOODS_3,1092,1021,6608.0,6.051282,9,139,2,2.979982,0.0004277639,0.0,0.934981684981685,0.00014354581
HOBBIES_1_037,HOBBIES_1,799,747,5466.0,6.841051,10,81,5,12.889349,0.30873126,0.017521902377972465,0.934918648310388,0.023952432
FOODS_3_065,FOODS_3,1195,1117,11491.0,9.6159,10,139,4,3.5667782,0.3508677,0.0,0.9347280334728033,0.098371044
FOODS_3_460,FOODS_3,1390,1299,28796.0,20.716547,10,139,4,1.973626,0.07477408,0.0057553956834532375,0.9345323741007194,0.03788665
FOODS_3_495,FOODS_3,1095,1023,15802.0,14.43105,9,139,7,1.9388311,0.22658487,0.023744292237442923,0.9342465753424658,0.11686674
FOODS_1_172,FOODS_1,1390,1298,15266.0,10.982734,10,139,5,1.8173742,0.06903907,0.0007194244604316547,0.9338129496402877,0.03798836
HOUSEHOLD_1_446,HOUSEHOLD_1,1390,1298,6401.0,4.605036,10,139,4,3.8974462,0.090323925,0.01870503597122302,0.9338129496402877,0.023175156
HOUSEHOLD_1_412,HOUSEHOLD_1,588,549,3478.0,5.914966,10,60,2,17.964931,0.12289311,0.0,0.9336734693877551,0.0068407226
FOODS_3_067,FOODS_3,1386,1294,17631.0,12.720779,10,139,3,3.912251,0.091313645,0.015873015873015872,0.9336219336219336,0.023340436
FOODS_3_678,FOODS_3,1023,955,12039.0,11.768329,10,113,3,4.868563,0.15979497,0.0,0.9335288367546432,0.032821793
FOODS_2_342,FOODS_2,1094,1021,14181.0,12.9625225,9,139,3,5.964214,0.11105112,0.10420475319926874,0.93327239488117,0.018619575
FOODS_1_144,FOODS_1,1386,1293,6961.0,5.0223665,10,139,2,6.9421215,0.09967956,0.0,0.9329004329004329,0.014358659
FOODS_3_513,FOODS_3,1352,1261,12522.0,9.261834,10,139,3,4.370651,0.21059471,0.08653846153846154,0.9326923076923077,0.048183836
HOUSEHOLD_1_486,HOUSEHOLD_1,563,525,3287.0,5.838366,10,61,4,17.88126,0.7217606,0.021314387211367674,0.9325044404973357,0.04036408
FOODS_2_311,FOODS_2,1095,1021,17106.0,15.621918,9,139,12,2.6999633,0.29098457,0.0228310502283105,0.9324200913242009,0.10777353
HOBBIES_1_010,HOBBIES_1,1390,1296,6581.0,4.7345324,10,139,3,2.9794965,0.051713955,0.09424460431654676,0.9323741007194245,0.017356608
HOBBIES_1_030,HOBBIES_1,576,537,6572.0,11.409722,10,63,2,0.75361115,0.039520793,0.0625,0.9322916666666666,0.05244189
HOUSEHOLD_1_223,HOUSEHOLD_1,1060,988,6747.0,6.365094,10,110,1,9.47,0.0,0.0,0.9320754716981132,0.0
HOBBIES_1_183,HOBBIES_1,147,137,583.0,3.9659865,10,16,2,7.8158507,0.06536353,0.0,0.9319727891156463,0.008362944
FOODS_3_789,FOODS_3,307,286,13616.0,44.35179,10,34,1,1.5,0.0,0.0,0.9315960912052117,0.0
HOUSEHOLD_1_364,HOUSEHOLD_1,1388,1293,7385.0,5.3206053,10,139,5,7.466693,0.42677146,0.001440922190201729,0.9315561959654178,0.05715669
FOODS_3_617,FOODS_3,1154,1075,14985.0,12.985269,10,139,3,2.3273137,0.19098654,0.0,0.9315424610051993,0.08206309
FOODS_1_149,FOODS_1,437,407,3064.0,7.0114417,9,64,1,0.98,0.0,0.0,0.931350114416476,0.0
HOUSEHOLD_1_070,HOUSEHOLD_1,1154,1074,5460.0,4.731369,10,117,3,3.3788648,0.10653502,0.0008665511265164644,0.9306759098786829,0.031529825
FOODS_2_019,FOODS_2,1096,1020,57986.0,52.906933,9,139,5,3.119051,0.15770213,0.03923357664233577,0.9306569343065694,0.050560936
FOODS_3_715,FOODS_3,848,789,5733.0,6.7606134,9,126,1,3.98,0.0,0.0,0.9304245283018868,0.0
HOUSEHOLD_2_465,HOUSEHOLD_2,1335,1242,8877.0,6.6494384,10,139,5,7.256899,0.078857884,0.01198501872659176,0.9303370786516854,0.010866609
HOUSEHOLD_1_155,HOUSEHOLD_1,999,929,3875.0,3.8788788,10,101,1,3.47,0.0,0.0,0.92992992992993,0.0
FOODS_3_248,FOODS_3,1297,1206,9433.0,7.272938,10,139,6,1.9693677,0.10007744,0.010023130300693909,0.9298380878951427,0.050817043
FOODS_3_488,FOODS_3,1054,980,6969.0,6.6119547,10,107,5,4.256025,0.24665791,0.1252371916508539,0.9297912713472486,0.057954997
HOUSEHOLD_1_195,HOUSEHOLD_1,625,581,2072.0,3.3152,10,65,2,3.8769922,0.07520001,0.0016,0.9296,0.01939648
HOBBIES_1_047,HOBBIES_1,1335,1241,8232.0,6.166292,10,139,11,1.7131461,0.08515611,0.024719101123595506,0.9295880149812734,0.049707443
FOODS_2_137,FOODS_2,955,887,7484.0,7.8366494,8,139,7,2.4665968,0.143089,0.07225130890052356,0.9287958115183246,0.058010694
FOODS_1_006,FOODS_1,1390,1291,12316.0,8.860432,10,139,3,2.1626546,0.12208089,0.0,0.9287769784172661,0.056449555
FOODS_1_040,FOODS_1,1388,1289,16105.0,11.603026,10,139,4,1.8921471,0.09995676,0.09438040345821326,0.9286743515850144,0.05282716
FOODS_3_752,FOODS_3,1386,1287,117112.0,84.49639,10,139,6,0.19820346,0.015548379,0.013708513708513708,0.9285714285714286,0.07844656
HOUSEHOLD_1_257,HOUSEHOLD_1,210,195,1122.0,5.3428574,7,31,4,5.115905,0.15467325,0.37142857142857144,0.9285714285714286,0.0302338
HOUSEHOLD_1_450,HOUSEHOLD_1,252,234,1328.0,5.269841,5,62,1,3.47,0.0,0.0,0.9285714285714286,0.0
HOUSEHOLD_2_322,HOUSEHOLD_2,349,324,1537.0,4.4040112,10,36,1,2.22,0.0,0.0,0.9283667621776505,0.0
HOUSEHOLD_1_121,HOUSEHOLD_1,321,298,2273.0,7.080997,10,33,2,2.4785047,0.026790988,0.003115264797507788,0.9283489096573209,0.010809335
FOODS_2_282,FOODS_2,1086,1008,10718.0,9.869245,9,138,7,7.04314,0.19813365,0.049723756906077346,0.9281767955801105,0.028131437
HOBBIES_1_338,HOBBIES_1,1333,1237,8791.0,6.5948987,10,139,6,8.065987,0.66705495,0.009752438109527382,0.9279819954988747,0.08269973
FOODS_3_310,FOODS_3,1101,1021,15456.0,14.038147,10,112,2,0.99979115,0.0069316113,0.0009082652134423251,0.927338782924614,0.0069330595
FOODS_3_651,FOODS_3,1390,1289,16770.0,12.064748,10,139,10,3.9973166,0.17766435,0.002158273381294964,0.9273381294964029,0.044445906
FOODS_3_331,FOODS_3,1390,1289,15630.0,11.244604,10,139,3,1.5090721,0.047661696,0.0007194244604316547,0.9273381294964029,0.031583447
FOODS_3_167,FOODS_3,55,51,345.0,6.2727275,10,6,1,1.98,0.0,0.0,0.9272727272727272,0.0
FOODS_1_190,FOODS_1,316,293,4419.0,13.984178,10,32,1,0.97999996,0.0,0.0,0.9272151898734177,0.0
FOODS_3_040,FOODS_3,711,659,3789.0,5.329114,10,81,3,2.4908438,0.11383515,0.007032348804500703,0.9268635724331927,0.04570144
HOBBIES_1_097,HOBBIES_1,1374,1273,6446.0,4.691412,10,139,7,4.0982604,0.14712965,0.0851528384279476,0.9264919941775837,0.035900515
HOBBIES_1_016,HOBBIES_1,1353,1253,32062.0,23.69697,10,139,7,0.7161124,0.024731562,0.090169992609017,0.9260901699926091,0.034535866
HOBBIES_1_073,HOBBIES_1,1379,1277,5750.0,4.169688,10,139,4,5.2254167,0.14047873,0.0,0.9260333575054387,0.026883738
FOODS_1_178,FOODS_1,1390,1287,7283.0,5.239568,10,139,4,8.982352,0.11804933,0.0007194244604316547,0.9258992805755396,0.013142362
HOUSEHOLD_1_468,HOUSEHOLD_1,1390,1287,7025.0,5.053957,10,139,4,4.982,0.049600556,0.015107913669064749,0.9258992805755396,0.009955953
HOBBIES_1_023,HOBBIES_1,1390,1287,14446.0,10.392806,10,139,2,3.4595397,0.07136489,0.00935251798561151,0.9258992805755396,0.020628434
HOUSEHOLD_1_230,HOUSEHOLD_1,1390,1287,6828.0,4.91223,10,139,2,3.2328634,0.121482305,0.0,0.9258992805755396,0.03757731
HOUSEHOLD_1_251,HOUSEHOLD_1,1173,1086,19235.0,16.398125,10,139,2,1.9797357,0.009051338,0.0008525149190110827,0.9258312020460358,0.004571993
HOUSEHOLD_1_236,HOUSEHOLD_1,1373,1271,20570.0,14.9817915,10,138,6,2.5429716,0.13719095,0.16678805535324107,0.9257101238164603,0.05394907
FOODS_1_121,FOODS_1,1368,1266,13954.0,10.200293,10,139,2,1.1411841,0.07405526,0.0,0.9254385964912281,0.06489335
HOBBIES_1_374,HOBBIES_1,375,347,1341.0,3.576,10,38,1,17.48,0.0,0.0,0.9253333333333333,0.0
HOBBIES_1_202,HOBBIES_1,1390,1286,12009.0,8.639568,10,139,9,1.7015755,0.117577076,0.031654676258992806,0.9251798561151079,0.06909895
FOODS_1_097,FOODS_1,438,405,7399.0,16.892694,10,65,1,0.98,0.0,0.0,0.9246575342465754,0.0
FOODS_3_132,FOODS_3,1367,1264,30428.0,22.25896,10,139,6,2.6192539,0.107148744,0.09656181419166057,0.9246525237746891,0.040908117
HOBBIES_1_420,HOBBIES_1,1390,1285,6967.0,5.0122304,10,139,8,5.6786976,0.08970756,0.00935251798561151,0.9244604316546763,0.015797207
FOODS_3_336,FOODS_3,1390,1285,12120.0,8.719424,10,139,7,2.5131943,0.19013962,0.026618705035971222,0.9244604316546763,0.075656556
FOODS_1_150,FOODS_1,1390,1285,16550.0,11.906475,10,139,6,4.6444387,0.26000285,0.0014388489208633094,0.9244604316546763,0.055981543
FOODS_2_059,FOODS_2,1029,951,11171.0,10.856171,9,139,3,5.9640136,0.11552414,0.11175898931000972,0.924198250728863,0.019370202
HOUSEHOLD_2_470,HOUSEHOLD_2,1371,1267,12002.0,8.754194,10,139,1,0.96999997,0.0,0.0,0.9241429613420861,0.0
HOBBIES_1_004,HOBBIES_1,1368,1264,18776.0,13.725146,10,139,4,4.3594737,0.211354,0.0,0.9239766081871345,0.048481543
HOUSEHOLD_1_379,HOUSEHOLD_1,1380,1275,27649.0,20.035507,10,139,1,0.9700001,0.0,0.0,0.9239130434782609,0.0
HOUSEHOLD_1_495,HOUSEHOLD_1,92,85,408.0,4.4347825,9,12,2,3.6910868,0.3299166,0.021739130434782608,0.9239130434782609,0.08938197
HOUSEHOLD_1_453,HOUSEHOLD_1,433,400,8954.0,20.678984,10,58,1,1.98,0.0,0.0,0.9237875288683602,0.0
HOBBIES_1_173,HOBBIES_1,669,618,2514.0,3.7578475,10,67,1,10.97,0.0,0.0,0.9237668161434978,0.0
HOBBIES_1_277,HOBBIES_1,1390,1284,10941.0,7.871223,10,139,7,1.715928,0.0780225,0.020863309352517987,0.9237410071942446,0.045469567
HOUSEHOLD_2_440,HOUSEHOLD_2,1390,1284,16766.0,12.061871,10,139,2,0.9714677,0.006473401,0.0,0.9237410071942446,0.006663527
HOBBIES_1_155,HOBBIES_1,118,109,637.0,5.398305,10,13,1,18.98,0.0,0.0,0.923728813559322,0.0
FOODS_2_131,FOODS_2,640,591,8971.0,14.017187,9,74,1,5.98,0.0,0.0,0.9234375,0.0
FOODS_3_498,FOODS_3,1365,1260,93633.0,68.595604,10,139,6,0.19792674,0.016412763,0.015384615384615385,0.9230769230769231,0.08292342
HOUSEHOLD_2_325,HOUSEHOLD_2,1390,1283,4782.0,3.4402878,10,139,4,3.69259,0.31176206,0.00935251798561151,0.923021582733813,0.08442911
HOBBIES_1_367,HOBBIES_1,1388,1281,7794.0,5.615274,10,139,4,8.453631,0.40717107,0.018731988472622477,0.9229106628242075,0.04816523
HOUSEHOLD_1_441,HOUSEHOLD_1,415,383,16816.0,40.52048,3,139,3,2.8938553,0.07500135,0.03132530120481928,0.9228915662650602,0.02591745
HOBBIES_1_029,HOBBIES_1,1373,1267,9186.0,6.690459,10,139,6,8.044618,0.65858555,0.009468317552804079,0.9227967953386744,0.08186661
FOODS_3_716,FOODS_3,1110,1024,10018.0,9.025226,9,139,6,1.3801621,0.14096783,0.16486486486486487,0.9225225225225225,0.1021386
FOODS_3_217,FOODS_3,1390,1282,19157.0,13.782015,10,139,3,2.932777,0.09466506,0.0,0.9223021582733812,0.032278303
FOODS_1_066,FOODS_1,1388,1280,9373.0,6.752882,10,139,4,1.3576225,0.01789084,0.010086455331412104,0.9221902017291066,0.013178067
HOBBIES_1_050,HOBBIES_1,1359,1253,4585.0,3.3738043,10,139,5,10.064061,0.7731178,0.02869757174392936,0.9220014716703459,0.076819666
FOODS_2_396,FOODS_2,897,827,7580.0,8.45039,9,112,6,2.9953513,0.12391275,0.10256410256410256,0.9219620958751393,0.041368354
FOODS_3_086,FOODS_3,1166,1075,51230.0,43.936535,9,139,7,1.1612092,0.13252062,0.19039451114922812,0.9219554030874786,0.11412294
FOODS_3_097,FOODS_3,1188,1095,16546.0,13.927609,10,139,2,1.9683332,0.07725875,0.010942760942760943,0.9217171717171717,0.03925085
FOODS_3_614,FOODS_3,1377,1269,30921.0,22.455338,10,139,14,0.98518515,0.049369406,0.09658678286129267,0.9215686274509803,0.050111804
HOBBIES_1_119,HOBBIES_1,102,94,479.0,4.6960783,10,13,2,1.7411764,0.05688783,0.0,0.9215686274509803,0.032672066
FOODS_2_150,FOODS_2,1095,1009,12308.0,11.240183,9,139,12,2.6947398,0.28824678,0.02009132420091324,0.9214611872146119,0.10696646
FOODS_3_216,FOODS_3,813,749,3755.0,4.618696,10,83,4,2.4979582,0.039363947,0.0024600246002460025,0.9212792127921279,0.01575845
FOODS_3_268,FOODS_3,722,665,3420.0,4.736842,10,98,2,2.1750138,0.021780994,0.0,0.9210526315789473,0.010014187
FOODS_2_171,FOODS_2,1289,1187,14655.0,11.369279,10,139,11,2.8364391,0.15056455,0.09231962761830877,0.9208688906128782,0.053082243
HOBBIES_1_209,HOBBIES_1,1390,1280,28744.0,20.679136,10,139,6,0.715259,0.024718093,0.09424460431654676,0.920863309352518,0.03455824
HOUSEHOLD_1_510,HOUSEHOLD_1,870,801,10127.0,11.64023,10,87,3,4.902126,0.14230375,0.0011494252873563218,0.9206896551724137,0.029028988
FOODS_3_131,FOODS_3,1106,1018,28361.0,25.642857,10,112,2,0.99958414,0.009776169,0.0018083182640144665,0.9204339963833634,0.0097802365
FOODS_3_732,FOODS_3,1390,1279,27794.0,19.995684,10,139,6,1.8836114,0.20421599,0.08705035971223021,0.9201438848920863,0.10841726
HOUSEHOLD_2_308,HOUSEHOLD_2,1390,1279,10323.0,7.4266186,10,139,3,3.433331,0.1381558,0.0007194244604316547,0.9201438848920863,0.04023958
HOUSEHOLD_1_123,HOUSEHOLD_1,250,230,1990.0,7.96,8,32,2,8.95808,0.18847178,0.004,0.92,0.021039305
FOODS_3_194,FOODS_3,1372,1262,15114.0,11.016035,10,138,3,2.9247522,0.09329146,0.0014577259475218659,0.9198250728862973,0.031897217
FOODS_1_187,FOODS_1,1378,1267,14493.0,10.517417,10,139,3,8.8060875,0.37946138,0.0,0.9194484760522497,0.0430908
FOODS_1_054,FOODS_1,1376,1265,12996.0,9.444767,10,139,3,1.8297238,0.08707906,0.0007267441860465116,0.9193313953488372,0.04759137
HOUSEHOLD_2_344,HOUSEHOLD_2,161,148,1238.0,7.689441,9,22,3,5.869317,0.39682823,0.012422360248447204,0.9192546583850931,0.06761063
HOUSEHOLD_2_011,HOUSEHOLD_2,777,714,2483.0,3.195624,10,79,2,5.640785,0.024658093,0.0,0.918918918918919,0.004371394
HOUSEHOLD_1_289,HOUSEHOLD_1,1307,1201,7880.0,6.029074,10,139,6,5.038294,0.2439339,0.001530221882172915,0.9188982402448355,0.048415974
FOODS_3_159,FOODS_3,528,485,4083.0,7.7329545,7,81,6,2.9068372,0.37321523,0.03787878787878788,0.9185606060606061,0.1283922
FOODS_2_034,FOODS_2,1277,1173,12306.0,9.636648,10,139,8,2.4564838,0.14862934,0.017227877838684416,0.9185591229444009,0.060504913
FOODS_1_162,FOODS_1,626,575,25534.0,40.78914,10,64,1,1.7800001,0.0,0.0,0.9185303514376997,0.0
HOUSEHOLD_1_461,HOUSEHOLD_1,1152,1058,13177.0,11.438368,10,139,1,0.97,0.0,0.0,0.9184027777777778,0.0
FOODS_3_299,FOODS_3,318,292,7545.0,23.726416,10,32,1,1.5,0.0,0.0,0.9182389937106918,0.0
FOODS_3_392,FOODS_3,1380,1267,9513.0,6.8934784,10,139,6,3.7909565,0.17316899,0.03840579710144928,0.9181159420289855,0.0456795
HOUSEHOLD_1_034,HOUSEHOLD_1,1390,1276,4941.0,3.5546763,10,139,4,3.951367,0.062115323,0.01870503597122302,0.9179856115107914,0.015719958
HOUSEHOLD_1_316,HOUSEHOLD_1,1390,1276,6395.0,4.6007195,10,139,2,3.9716403,0.003704346,0.0,0.9179856115107914,0.00093269924
HOUSEHOLD_1_445,HOUSEHOLD_1,1315,1207,18640.0,14.174905,10,133,4,1.9162587,0.05499961,0.0007604562737642585,0.9178707224334601,0.028701557
FOODS_2_349,FOODS_2,715,656,12705.0,17.76923,10,74,1,5.9800005,0.0,0.0,0.9174825174825175,0.0
FOODS_3_772,FOODS_3,1169,1072,22211.0,19.0,10,139,5,5.268965,0.324496,0.37553464499572287,0.9170230966638152,0.06158629
HOUSEHOLD_2_203,HOUSEHOLD_2,241,221,1327.0,5.506224,10,27,1,2.97,0.0,0.0,0.91701244813278,0.0
FOODS_2_054,FOODS_2,1096,1005,31729.0,28.949818,9,139,4,2.5382664,0.20138764,0.010036496350364963,0.916970802919708,0.07934062
FOODS_3_314,FOODS_3,1336,1225,7814.0,5.8488026,10,139,6,2.5144386,0.19347711,0.02844311377245509,0.9169161676646707,0.076946445
HOUSEHOLD_1_007,HOUSEHOLD_1,1119,1026,18888.0,16.879356,10,115,2,1.522949,0.02707352,0.0,0.9168900804289544,0.017777037
HOUSEHOLD_1_264,HOUSEHOLD_1,24,22,92.0,3.8333333,5,6,4,6.5975,1.0490502,0.0,0.9166666666666666,0.15900724
FOODS_3_053,FOODS_3,144,132,1914.0,13.291667,2,72,1,3.98,0.0,0.0,0.9166666666666666,0.0
FOODS_3_754,FOODS_3,287,263,1178.0,4.1045294,10,30,1,5.98,0.0,0.0,0.9163763066202091,0.0
FOODS_3_007,FOODS_3,1383,1267,98650.0,71.330444,10,139,6,0.19778019,0.016627466,0.018799710773680405,0.9161243673174259,0.08407043
FOODS_2_306,FOODS_2,1001,917,5529.0,5.5234766,9,130,5,4.054855,0.24289624,0.026973026973026972,0.916083916083916,0.059902575
FOODS_3_672,FOODS_3,1380,1264,51627.0,37.41087,10,139,4,2.3199058,0.21455333,0.0,0.9159420289855073,0.09248364
FOODS_1_177,FOODS_1,1389,1272,6666.0,4.799136,10,139,2,8.419049,0.16549748,0.0,0.9157667386609071,0.019657502
HOBBIES_1_044,HOBBIES_1,1381,1264,7150.0,5.1774077,10,139,2,1.4811513,0.0057652937,0.0,0.9152787834902245,0.0038924406
HOBBIES_1_417,HOBBIES_1,1390,1272,33020.0,23.755396,10,139,5,0.55263305,0.030873554,0.02158273381294964,0.9151079136690647,0.055866282
HOBBIES_1_319,HOBBIES_1,1390,1272,23989.0,17.258274,10,139,4,1.0169712,0.06826424,0.01079136690647482,0.9151079136690647,0.067125045
HOUSEHOLD_1_097,HOUSEHOLD_1,1390,1272,6811.0,4.9,10,139,3,4.0406547,0.19074047,0.09424460431654676,0.9151079136690647,0.047205336
HOBBIES_1_150,HOBBIES_1,1382,1264,10116.0,7.319826,10,139,11,1.7166135,0.07834804,0.03256150506512301,0.914616497829233,0.04564105
HOUSEHOLD_1_327,HOUSEHOLD_1,1380,1262,71418.0,51.752174,10,139,2,0.9528261,0.01484703,0.0,0.9144927536231884,0.015582099
FOODS_3_584,FOODS_3,1271,1162,21062.0,16.571203,10,139,1,1.0,0.0,0.0,0.9142407553107789,0.0
HOBBIES_1_264,HOBBIES_1,1382,1263,6529.0,4.724313,10,139,1,4.47,0.0,0.0,0.9138929088277858,0.0
FOODS_3_741,FOODS_3,1323,1209,67843.0,51.279667,10,139,3,1.3539305,0.1572253,0.09674981103552532,0.9138321995464853,0.11612509
HOUSEHOLD_1_387,HOUSEHOLD_1,1390,1269,24753.0,17.807913,10,139,7,2.957374,0.115289465,0.017985611510791366,0.9129496402877698,0.03898373
HOUSEHOLD_2_140,HOUSEHOLD_2,1390,1269,8866.0,6.3784175,10,139,2,6.9782734,0.06380573,0.00935251798561151,0.9129496402877698,0.009143484
HOUSEHOLD_2_061,HOUSEHOLD_2,264,241,1315.0,4.9810605,10,29,2,2.9625378,0.12124512,0.0,0.9128787878787878,0.040926103
HOUSEHOLD_1_269,HOUSEHOLD_1,1340,1223,7439.0,5.5514927,10,135,5,2.9460747,0.1299927,0.011940298507462687,0.9126865671641791,0.04412403
FOODS_3_381,FOODS_3,410,374,6512.0,15.882927,10,44,1,2.98,0.0,0.0,0.9121951219512195,0.0
FOODS_1_215,FOODS_1,694,633,8103.0,11.675793,9,79,1,1.6799998,0.0,0.0,0.9121037463976945,0.0
HOUSEHOLD_1_259,HOUSEHOLD_1,1390,1267,9092.0,6.541007,10,139,4,10.915245,0.20187919,0.0,0.9115107913669065,0.01849516
HOUSEHOLD_2_217,HOUSEHOLD_2,1390,1267,7441.0,5.3532376,10,139,3,2.8639567,0.10902153,0.019424460431654675,0.9115107913669065,0.038066752
HOUSEHOLD_2_410,HOUSEHOLD_2,1390,1267,6737.0,4.8467627,10,139,2,1.3905324,0.04917905,0.00935251798561151,0.9115107913669065,0.035367068
HOUSEHOLD_1_321,HOUSEHOLD_1,1389,1266,19969.0,14.37653,10,139,6,2.956897,0.12585136,0.01511879049676026,0.9114470842332614,0.04256197
FOODS_3_794,FOODS_3,1387,1264,13470.0,9.711608,10,139,6,2.7103822,0.08102203,0.10237923576063446,0.9113193943763518,0.029893212
FOODS_3_514,FOODS_3,45,41,1871.0,41.577778,6,10,1,4.98,0.0,0.0,0.9111111111111111,0.0
FOODS_1_045,FOODS_1,1382,1259,16694.0,12.079595,10,139,3,1.8916136,0.09737655,0.09406657018813314,0.9109985528219972,0.051478032
FOODS_3_580,FOODS_3,1280,1166,81576.0,63.73125,10,139,6,0.19732031,0.01667677,0.02265625,0.9109375,0.084516235
HOUSEHOLD_2_388,HOUSEHOLD_2,1390,1266,5017.0,3.6093526,10,139,3,6.990144,0.1152078,0.010071942446043165,0.9107913669064748,0.016481463
HOUSEHOLD_1_469,HOUSEHOLD_1,1362,1240,9662.0,7.0939794,10,139,14,18.00964,0.852454,0.07195301027900147,0.9104258443465492,0.047333207
FOODS_3_725,FOODS_3,1268,1154,18803.0,14.828864,10,128,5,2.7967508,0.11498955,0.08911671924290221,0.9100946372239748,0.041115407
HOUSEHOLD_2_299,HOUSEHOLD_2,1390,1265,12559.0,9.035252,10,139,1,1.24,0.0,0.0,0.9100719424460432,0.0
FOODS_2_392,FOODS_2,1289,1173,7245.0,5.620636,10,139,1,4.98,0.0,0.0,0.9100077579519007,0.0
HOBBIES_1_380,HOBBIES_1,1386,1261,8838.0,6.376623,10,139,9,1.7100359,0.081132315,0.023088023088023088,0.9098124098124099,0.0474448
FOODS_2_356,FOODS_2,1228,1117,12295.0,10.012215,10,139,5,2.511816,0.037746724,0.0016286644951140066,0.9096091205211726,0.015027663
FOODS_2_066,FOODS_2,1095,996,6265.0,5.7214613,9,139,7,5.6007123,0.3493151,0.0009132420091324201,0.9095890410958904,0.062369764
FOODS_3_520,FOODS_3,1139,1036,8451.0,7.4196663,10,139,3,3.964337,0.09450534,0.0,0.9095697980684812,0.023838876
FOODS_3_234,FOODS_3,1381,1256,133987.0,97.02172,10,139,5,0.19861695,0.012894735,0.010861694424330196,0.9094858797972484,0.06492263
FOODS_3_595,FOODS_3,22,20,72.0,3.2727273,6,7,1,1.98,0.0,0.0,0.9090909090909091,0.0
FOODS_3_492,FOODS_3,1153,1048,7173.0,6.2211623,10,139,5,2.9744494,0.069447696,0.006071118820468344,0.9089332176929749,0.023348084
FOODS_1_061,FOODS_1,1381,1255,25022.0,18.118755,10,139,5,2.0928965,0.13658468,0.09485879797248371,0.9087617668356264,0.06526108
FOODS_3_369,FOODS_3,1390,1263,15568.0,11.2,10,139,3,3.9093525,0.09202319,0.015107913669064749,0.9086330935251798,0.02353924
FOODS_2_103,FOODS_2,1160,1054,11630.0,10.025862,9,139,4,7.051103,0.16925754,0.002586206896551724,0.9086206896551724,0.024004405
FOODS_3_329,FOODS_3,425,386,44774.0,105.350586,10,43,3,2.974259,0.056040574,0.01647058823529412,0.908235294117647,0.01884186
FOODS_3_413,FOODS_3,1109,1007,43667.0,39.375114,10,112,3,0.9986926,0.031278476,0.002705139765554554,0.9080252479711451,0.031319425
HOBBIES_1_028,HOBBIES_1,1390,1262,4780.0,3.438849,10,139,9,7.3799853,0.45319158,0.010071942446043165,0.9079136690647482,0.061408196
HOBBIES_1_237,HOBBIES_1,1390,1262,6478.0,4.660432,10,139,2,7.979547,0.0020809285,0.0,0.9079136690647482,0.00026078278
FOODS_3_792,FOODS_3,1390,1262,47432.0,34.12374,10,139,1,1.0,0.0,0.0,0.9079136690647482,0.0
FOODS_2_258,FOODS_2,1095,994,6467.0,5.9059362,9,139,6,2.8663197,0.15815046,0.0,0.9077625570776255,0.055175446
FOODS_3_195,FOODS_3,1342,1218,27372.0,20.396423,10,139,5,2.6214159,0.09120011,0.09761549925484352,0.9076005961251863,0.034790404
FOODS_3_483,FOODS_3,411,373,5264.0,12.807786,10,43,1,2.98,0.0,0.0,0.9075425790754258,0.0
HOUSEHOLD_2_512,HOUSEHOLD_2,1384,1256,6127.0,4.427023,10,139,2,3.9708672,0.016110595,0.00939306358381503,0.9075144508670521,0.0040571983
HOBBIES_1_317,HOBBIES_1,1390,1261,5232.0,3.7640288,10,139,7,7.3341947,0.4592316,0.00935251798561151,0.9071942446043165,0.062615134
FOODS_1_003,FOODS_1,1390,1261,8307.0,5.9762588,10,139,2,2.8797266,0.010192397,0.0007194244604316547,0.9071942446043165,0.0035393627
HOUSEHOLD_1_061,HOUSEHOLD_1,743,674,7274.0,9.79004,10,75,1,1.88,0.0,0.0,0.9071332436069987,0.0
FOODS_3_456,FOODS_3,653,592,2987.0,4.5742726,10,68,4,3.813032,0.30243996,0.0015313935681470138,0.9065849923430321,0.07931745
HOUSEHOLD_1_014,HOUSEHOLD_1,824,747,3630.0,4.4053397,10,83,1,17.97,0.0,0.0,0.9065533980582524,0.0
HOUSEHOLD_1_173,HOUSEHOLD_1,963,873,25679.0,26.665628,9,136,1,0.97,0.0,0.0,0.9065420560747663,0.0
HOBBIES_1_270,HOBBIES_1,630,571,2718.0,4.3142858,10,65,3,4.7682858,0.18244663,0.0,0.9063492063492063,0.03826252
HOUSEHOLD_1_504,HOUSEHOLD_1,811,735,2605.0,3.2120838,10,82,1,2.96,0.0,0.0,0.906288532675709,0.0
HOBBIES_1_378,HOBBIES_1,1350,1223,7179.0,5.3177776,10,139,2,3.2394445,0.009115171,0.0,0.9059259259259259,0.0028138068
HOUSEHOLD_2_438,HOUSEHOLD_2,1307,1184,5704.0,4.364193,10,139,4,8.936642,0.11787286,0.011476664116296864,0.9058913542463657,0.013189838
FOODS_3_070,FOODS_3,382,346,24358.0,63.764397,10,41,4,0.19759163,0.01658386,0.020942408376963352,0.9057591623036649,0.08392997
FOODS_2_088,FOODS_2,1092,989,5617.0,5.143773,9,139,9,6.6022525,0.5258983,0.05036630036630037,0.9056776556776557,0.07965437
HOUSEHOLD_1_153,HOUSEHOLD_1,318,288,3346.0,10.522013,10,45,1,1.97,0.0,0.0,0.9056603773584906,0.0
FOODS_3_158,FOODS_3,286,259,1195.0,4.178322,10,30,2,5.9678326,0.20577672,0.0034965034965034965,0.9055944055944056,0.03448098
FOODS_2_045,FOODS_2,306,277,1331.0,4.3496733,9,34,5,6.9514055,0.17608766,0.0032679738562091504,0.9052287581699346,0.02533123
FOODS_3_101,FOODS_3,1106,1001,32769.0,29.628391,10,112,2,0.99958414,0.009776169,0.0018083182640144665,0.9050632911392406,0.0097802365
HOBBIES_1_276,HOBBIES_1,1390,1258,4722.0,3.3971224,10,139,8,7.381388,0.44944975,0.01079136690647482,0.9050359712230216,0.060889598
FOODS_1_185,FOODS_1,1368,1238,9512.0,6.9532166,10,139,4,2.0723464,0.07727604,0.0007309941520467836,0.9049707602339181,0.037289154
FOODS_3_241,FOODS_3,1334,1206,23540.0,17.646177,10,138,7,2.7127736,0.16141148,0.10794602698650675,0.904047976011994,0.059500534
HOUSEHOLD_1_485,HOUSEHOLD_1,1386,1253,5182.0,3.7388167,10,139,1,2.97,0.0,0.0,0.9040404040404041,0.0
HOBBIES_1_238,HOBBIES_1,1248,1128,3990.0,3.1971154,9,139,2,5.8866024,0.07893843,0.0,0.9038461538461539,0.013409846
HOUSEHOLD_2_451,HOUSEHOLD_2,405,366,1452.0,3.5851853,10,43,1,3.4199998,0.0,0.0,0.9037037037037037,0.0
HOBBIES_1_372,HOBBIES_1,1390,1256,7605.0,5.471223,10,139,4,6.669079,0.16390178,0.01870503597122302,0.9035971223021583,0.024576373
HOUSEHOLD_1_350,HOUSEHOLD_1,1356,1225,13857.0,10.219027,10,139,3,2.9588938,0.08465228,0.07669616519174041,0.9033923303834809,0.028609436
HOBBIES_1_421,HOBBIES_1,310,280,1084.0,3.4967742,10,33,5,8.835194,0.6632725,0.4258064516129032,0.9032258064516129,0.07507164
HOUSEHOLD_1_283,HOUSEHOLD_1,31,28,280.0,9.032258,3,11,2,1.4796774,0.0017960513,0.0,0.9032258064516129,0.0012138127
FOODS_2_014,FOODS_2,1094,988,10006.0,9.146253,9,139,13,2.6925592,0.29085895,0.02376599634369287,0.903107861060329,0.10802323
HOUSEHOLD_1_067,HOUSEHOLD_1,1390,1255,10163.0,7.3115106,10,139,11,4.3771367,0.18680944,0.00935251798561151,0.9028776978417267,0.042678457
HOUSEHOLD_1_422,HOUSEHOLD_1,1080,975,3617.0,3.3490741,10,139,3,3.6485,0.111486614,0.049074074074074076,0.9027777777777778,0.030556835
FOODS_2_164,FOODS_2,1384,1249,31839.0,23.005058,10,139,6,2.7548122,0.3018592,0.028179190751445087,0.9024566473988439,0.109575234
FOODS_2_375,FOODS_2,1084,978,7268.0,6.7047973,9,139,5,4.867786,0.16815081,0.0027675276752767526,0.9022140221402214,0.034543592
HOBBIES_1_032,HOBBIES_1,1390,1254,36692.0,26.397121,10,139,5,0.552741,0.030544093,0.02158273381294964,0.902158273381295,0.055259325
FOODS_3_597,FOODS_3,194,175,771.0,3.9742267,10,22,1,2.78,0.0,0.0,0.9020618556701031,0.0
HOBBIES_1_129,HOBBIES_1,622,561,3131.0,5.033762,10,63,2,4.7732477,0.17707431,0.0,0.9019292604501608,0.037097238
FOODS_1_051,FOODS_1,479,432,3041.0,6.348643,10,64,1,3.87,0.0,0.0,0.9018789144050104,0.0
HOUSEHOLD_1_194,HOUSEHOLD_1,844,761,6204.0,7.350711,10,85,1,4.98,0.0,0.0,0.9016587677725119,0.0
HOUSEHOLD_2_075,HOUSEHOLD_2,1382,1246,8246.0,5.966715,10,139,5,1.857055,0.052354507,0.00361794500723589,0.9015918958031838,0.028192222
FOODS_3_775,FOODS_3,1095,987,5496.0,5.019178,9,139,10,3.4714704,0.19361171,0.028310502283105023,0.9013698630136986,0.05577225
FOODS_1_204,FOODS_1,1287,1160,41126.0,31.954933,10,130,3,0.9752603,0.018486423,0.0,0.9013209013209014,0.018955374
FOODS_3_334,FOODS_3,1366,1231,16229.0,11.880673,10,138,8,2.7089458,0.15796435,0.0849194729136164,0.9011713030746705,0.05831211
HOBBIES_1_056,HOBBIES_1,263,237,3649.0,13.874525,9,31,1,0.94,0.0,0.0,0.9011406844106464,0.0
FOODS_1_167,FOODS_1,1390,1252,6421.0,4.6194243,10,139,6,4.5923953,0.31921253,0.0035971223021582736,0.9007194244604316,0.06950894
HOUSEHOLD_1_091,HOUSEHOLD_1,1369,1233,5709.0,4.170197,10,139,3,6.9447474,0.123922035,0.0007304601899196494,0.9006574141709277,0.017843995
HOUSEHOLD_2_288,HOUSEHOLD_2,1389,1251,4562.0,3.2843773,10,139,2,3.8376026,0.14901721,0.005039596832253419,0.9006479481641468,0.03883081
HOUSEHOLD_1_161,HOUSEHOLD_1,211,190,771.0,3.6540284,10,22,2,12.866303,0.19895583,0.004739336492890996,0.9004739336492891,0.015463325
HOUSEHOLD_1_185,HOUSEHOLD_1,10,9,60.0,6.0,5,3,1,2.87,0.0,0.0,0.9,0.0
FOODS_3_280,FOODS_3,1096,986,6328.0,5.7737226,9,139,13,4.2883854,0.212395,0.08759124087591241,0.8996350364963503,0.049527965
FOODS_1_016,FOODS_1,1366,1228,7800.0,5.7101026,10,139,2,1.977877,0.0061628236,0.0,0.8989751098096632,0.003115878
FOODS_1_014,FOODS_1,435,391,4148.0,9.535632,9,65,1,0.98,0.0,0.0,0.8988505747126436,0.0
HOBBIES_1_393,HOBBIES_1,79,71,193.0,2.443038,9,20,2,27.716833,1.5808822,0.012658227848101266,0.8987341772151899,0.0570369
HOBBIES_1_312,HOBBIES_1,1390,1249,32618.0,23.466187,10,139,5,0.5523957,0.031089196,0.02302158273381295,0.8985611510791367,0.05628066
HOUSEHOLD_2_201,HOUSEHOLD_2,1390,1249,6286.0,4.522302,10,139,3,5.933683,0.13769975,0.0007194244604316547,0.8985611510791367,0.023206456
FOODS_2_320,FOODS_2,88,79,596.0,6.7727275,9,11,5,1.8011364,0.2422378,0.056818181818181816,0.8977272727272727,0.13449165
HOUSEHOLD_2_437,HOUSEHOLD_2,1376,1235,8388.0,6.09593,10,139,9,7.503815,0.47733164,0.023982558139534885,0.8975290697674418,0.06361186
FOODS_1_086,FOODS_1,1366,1226,28067.0,20.546852,10,139,3,1.6161054,0.058988288,0.0021961932650073207,0.8975109809663251,0.03650027
HOUSEHOLD_1_353,HOUSEHOLD_1,1314,1179,4638.0,3.5296803,10,132,3,3.4381738,0.047726825,0.0015220700152207,0.8972602739726028,0.013881447
FOODS_3_138,FOODS_3,798,716,14042.0,17.59649,10,90,1,1.98,0.0,0.0,0.8972431077694235,0.0
FOODS_3_048,FOODS_3,757,679,7401.0,9.776751,10,81,6,1.5050594,0.07222211,0.14663143989431968,0.8969616908850726,0.047986224
HOUSEHOLD_1_030,HOUSEHOLD_1,621,557,5683.0,9.151369,10,63,2,4.9660063,0.09951896,0.0,0.8969404186795491,0.020040039
FOODS_3_141,FOODS_3,1385,1242,7063.0,5.099639,10,139,9,2.7057762,0.111381195,0.10830324909747292,0.8967509025270758,0.04116423
HOUSEHOLD_1_377,HOUSEHOLD_1,1384,1241,5476.0,3.9566474,10,139,4,8.531185,0.614886,0.000722543352601156,0.8966763005780347,0.0720751
FOODS_3_121,FOODS_3,416,373,10647.0,25.59375,10,42,2,2.9776921,0.02344872,0.009615384615384616,0.8966346153846154,0.007874797
FOODS_3_307,FOODS_3,754,676,13436.0,17.819628,9,104,2,4.0273476,0.109445706,0.08620689655172414,0.896551724137931,0.02717563
HOUSEHOLD_1_395,HOUSEHOLD_1,1390,1246,7501.0,5.396403,10,139,7,4.838633,0.22267342,0.09280575539568345,0.8964028776978418,0.0460199
HOUSEHOLD_2_047,HOUSEHOLD_2,1387,1243,5064.0,3.6510453,10,139,3,3.0625305,0.14979883,0.08435472242249459,0.8961788031723144,0.048913416
FOODS_2_016,FOODS_2,886,794,30401.0,34.31264,9,113,3,1.127833,0.041947488,0.0,0.8961625282167043,0.037192997
FOODS_2_144,FOODS_2,1093,979,9635.0,8.815187,9,139,3,2.5126076,0.032348074,0.0,0.8956999085086916,0.012874304
FOODS_1_168,FOODS_1,1390,1245,10409.0,7.488489,10,139,6,2.0833883,0.15004233,0.09784172661870504,0.89568345323741,0.072018415
HOUSEHOLD_1_040,HOUSEHOLD_1,995,891,28529.0,28.672361,10,114,2,4.3167334,0.2306426,0.004020100502512563,0.8954773869346734,0.053429894
FOODS_3_139,FOODS_3,1214,1087,13663.0,11.254531,9,139,5,4.9276195,0.1416189,0.002471169686985173,0.8953871499176277,0.02873982
HOUSEHOLD_1_393,HOUSEHOLD_1,755,676,14782.0,19.578808,10,139,2,1.9786888,0.03602979,0.0013245033112582781,0.895364238410596,0.018208921
FOODS_3_589,FOODS_3,305,273,7285.0,23.885246,10,31,2,0.9838033,0.007861499,0.0,0.8950819672131147,0.007990926
FOODS_3_367,FOODS_3,1105,989,11890.0,10.760181,10,139,4,2.6161177,0.12029794,0.0009049773755656109,0.8950226244343892,0.04598338
FOODS_3_475,FOODS_3,1390,1244,27623.0,19.872662,10,139,2,0.9996403,0.013411044,0.0007194244604316547,0.8949640287769784,0.01341587
FOODS_3_601,FOODS_3,19,17,67.0,3.5263157,2,10,1,1.9799999,0.0,0.0,0.8947368421052632,0.0
HOUSEHOLD_1_403,HOUSEHOLD_1,1155,1033,3184.0,2.75671,10,118,8,4.061117,0.21522766,0.11601731601731602,0.8943722943722944,0.052997157
HOUSEHOLD_2_275,HOUSEHOLD_2,1390,1243,4292.0,3.0877697,10,139,4,5.1143885,0.2342693,0.00935251798561151,0.8942446043165467,0.045805927
FOODS_3_628,FOODS_3,1390,1243,22287.0,16.033813,10,139,3,3.986187,0.058704462,0.07841726618705036,0.8942446043165467,0.014726971
HOBBIES_1_164,HOBBIES_1,1390,1243,5963.0,4.289928,10,139,3,8.96813,0.037579175,0.0014388489208633094,0.8942446043165467,0.004190302
FOODS_1_067,FOODS_1,1390,1243,28678.0,20.631655,10,139,1,1.97,0.0,0.0,0.8942446043165467,0.0
HOUSEHOLD_1_037,HOUSEHOLD_1,1389,1242,5148.0,3.7062635,10,139,7,3.9527502,0.18135953,0.007919366450683946,0.8941684665226782,0.04588186
HOUSEHOLD_1_483,HOUSEHOLD_1,811,725,2900.0,3.5758324,10,82,2,4.538101,0.054076713,0.0012330456226880395,0.8939580764488286,0.011916154
FOODS_2_174,FOODS_2,1244,1112,11152.0,8.96463,10,139,8,2.619172,0.21562839,0.03617363344051447,0.8938906752411575,0.08232693
FOODS_3_494,FOODS_3,1291,1154,7966.0,6.1704106,10,139,16,2.9668474,0.18526424,0.17660728117738186,0.8938807126258714,0.062444817
HOUSEHOLD_1_052,HOUSEHOLD_1,827,739,2882.0,3.4848852,10,84,3,3.9449577,0.22893023,0.012091898428053204,0.8935912938331319,0.0580311
FOODS_3_420,FOODS_3,1358,1213,6706.0,4.938144,10,139,4,8.349374,0.24204093,0.0007363770250368188,0.8932253313696613,0.028989112
FOODS_1_183,FOODS_1,1386,1238,19135.0,13.805916,10,139,4,2.9223738,0.100294456,0.0021645021645021645,0.8932178932178932,0.034319516
FOODS_3_454,FOODS_3,851,760,51290.0,60.27027,10,90,5,0.1959342,0.021208553,0.02937720329024677,0.8930669800235017,0.108243234
FOODS_1_203,FOODS_1,1390,1241,7352.0,5.2892084,10,139,4,2.0928562,0.12279902,0.008633093525179856,0.8928057553956834,0.058675326
FOODS_2_167,FOODS_2,997,890,5047.0,5.0621867,9,139,10,2.440712,0.21797533,0.037111334002006016,0.892678034102307,0.08930809
FOODS_3_237,FOODS_3,326,291,7821.0,23.990797,9,42,3,0.99699384,0.030616937,0.015337423312883436,0.8926380368098159,0.030709254
FOODS_3_238,FOODS_3,1300,1160,16597.0,12.766923,10,139,3,3.6008463,0.1205743,0.07,0.8923076923076924,0.03348499
FOODS_2_189,FOODS_2,1225,1093,11748.0,9.590204,10,139,6,2.510751,0.05919467,0.0024489795918367346,0.8922448979591837,0.02357648
FOODS_3_682,FOODS_3,334,298,8557.0,25.61976,10,35,2,3.497006,0.054717567,0.0029940119760479044,0.8922155688622755,0.015646975
HOUSEHOLD_1_305,HOUSEHOLD_1,964,860,5079.0,5.268672,10,98,2,2.9726453,0.019753253,0.0,0.8921161825726142,0.0066450085
HOBBIES_1_009,HOBBIES_1,1288,1149,8834.0,6.8586955,10,139,10,1.7135482,0.07657228,0.02406832298136646,0.8920807453416149,0.04468639
HOBBIES_1_123,HOBBIES_1,176,157,672.0,3.8181818,10,19,3,7.7676134,0.3768258,0.011363636363636364,0.8920454545454546,0.048512433
FOODS_2_058,FOODS_2,1129,1007,5326.0,4.717449,10,139,7,4.690939,0.33572888,0.0044286979627989375,0.8919397697077059,0.07156966
HOUSEHOLD_1_325,HOUSEHOLD_1,1322,1179,8327.0,6.2987895,10,139,10,3.365401,0.15481043,0.0226928895612708,0.8918305597579426,0.04600059
FOODS_3_650,FOODS_3,83,74,364.0,4.3855424,10,10,2,2.973976,0.05488213,0.012048192771084338,0.891566265060241,0.018454127
HOUSEHOLD_1_397,HOUSEHOLD_1,1390,1239,13919.0,10.013669,10,139,10,2.7644534,0.12692787,0.02446043165467626,0.8913669064748202,0.045914274
HOUSEHOLD_1_268,HOUSEHOLD_1,1388,1237,9137.0,6.582853,10,139,4,8.308998,0.17806846,0.001440922190201729,0.8912103746397695,0.021430798
FOODS_3_100,FOODS_3,642,572,5941.0,9.253894,10,86,1,3.9799998,0.0,0.0,0.8909657320872274,0.0
FOODS_2_248,FOODS_2,412,367,2252.0,5.4660196,3,139,6,5.8232036,0.44319284,0.0,0.8907766990291263,0.07610808
FOODS_3_160,FOODS_3,1390,1238,9787.0,7.041007,10,139,8,2.5117266,0.192142,0.02877697841726619,0.8906474820143885,0.07649797
FOODS_3_193,FOODS_3,1095,975,3361.0,3.0694065,9,139,7,2.3446212,0.18381052,0.005479452054794521,0.8904109589041096,0.07839668
FOODS_3_418,FOODS_3,1067,950,12696.0,11.898782,9,124,1,3.9800003,0.0,0.0,0.8903467666354264,0.0
HOUSEHOLD_2_298,HOUSEHOLD_2,364,324,1091.0,2.9972527,8,47,2,3.4204397,0.0041757724,0.0,0.8901098901098901,0.0012208291
FOODS_1_130,FOODS_1,1389,1236,11146.0,8.024478,10,139,5,1.7184377,0.1310166,0.06263498920086392,0.8898488120950324,0.076241694
FOODS_3_271,FOODS_3,1298,1155,12257.0,9.442989,10,139,7,4.5529814,0.37514013,0.17565485362095531,0.8898305084745762,0.08239439
FOODS_2_083,FOODS_2,1078,959,6063.0,5.6243043,9,138,8,7.0329685,0.24817345,0.05194805194805195,0.8896103896103896,0.035287153
FOODS_2_327,FOODS_2,1095,974,10482.0,9.572602,9,139,7,1.8540913,0.1287064,0.029223744292237442,0.8894977168949771,0.06941751
FOODS_3_012,FOODS_3,1347,1198,12488.0,9.270972,10,135,8,2.2289386,0.3469153,0.28507795100222716,0.8893838158871566,0.15564148
HOUSEHOLD_2_350,HOUSEHOLD_2,1390,1236,10712.0,7.706475,10,139,3,2.9246476,0.050403558,0.0,0.8892086330935252,0.017234063
HOUSEHOLD_1_025,HOUSEHOLD_1,1390,1236,7955.0,5.7230215,10,139,2,2.9792876,0.02655387,0.0007194244604316547,0.8892086330935252,0.008912825
HOBBIES_1_225,HOBBIES_1,649,577,1589.0,2.4483821,10,66,4,29.951262,1.3526669,0.0,0.889060092449923,0.045162268
FOODS_3_276,FOODS_3,1297,1153,12621.0,9.730918,10,139,8,4.546731,0.3784756,0.16653816499614496,0.8889745566692367,0.083241254
FOODS_3_523,FOODS_3,36,32,472.0,13.111111,9,5,1,1.98,0.0,0.0,0.8888888888888888,0.0
FOODS_3_284,FOODS_3,45,40,114.0,2.5333333,9,6,1,1.98,0.0,0.0,0.8888888888888888,0.0
HOUSEHOLD_1_177,HOUSEHOLD_1,1390,1235,22225.0,15.989208,10,139,4,7.8670506,0.20918413,0.10143884892086331,0.8884892086330936,0.026589904
FOODS_2_364,FOODS_2,1094,972,20924.0,19.126143,9,139,5,2.6164718,0.11282284,0.0,0.8884826325411335,0.04312022
FOODS_2_204,FOODS_2,1085,964,27395.0,25.248848,9,139,6,0.9506543,0.087343104,0.12626728110599078,0.8884792626728111,0.09187683
FOODS_3_711,FOODS_3,1387,1232,102848.0,74.151405,10,139,7,0.19809662,0.027521146,0.020187454938716654,0.8882480173035328,0.13892789
FOODS_3_289,FOODS_3,1386,1231,9585.0,6.9155846,10,139,7,2.7095168,0.0903446,0.10173160173160173,0.8881673881673882,0.033343438
HOBBIES_1_072,HOBBIES_1,1259,1118,5859.0,4.653693,10,139,1,1.97,0.0,0.0,0.8880063542494043,0.0
FOODS_1_216,FOODS_1,1374,1220,8481.0,6.172489,10,139,4,4.8054147,0.16943875,0.06622998544395925,0.8879184861717613,0.035259966
FOODS_3_464,FOODS_3,1362,1209,11236.0,8.249633,10,137,4,3.479119,0.27915448,0.032305433186490456,0.8876651982378855,0.08023711
FOODS_2_255,FOODS_2,1049,931,9871.0,9.409914,9,139,9,2.351201,0.3221719,0.0076263107721639654,0.8875119161105816,0.13702439
HOUSEHOLD_1_344,HOUSEHOLD_1,1390,1233,20548.0,14.782734,10,139,1,7.98,0.0,0.0,0.8870503597122302,0.0
HOBBIES_1_249,HOBBIES_1,1345,1193,4503.0,3.3479555,10,139,3,4.9573307,0.098642945,0.009665427509293681,0.8869888475836432,0.0198984
HOUSEHOLD_1_126,HOUSEHOLD_1,1304,1156,4343.0,3.3305216,10,139,5,8.5543785,0.6064493,0.003067484662576687,0.8865030674846626,0.07089344
FOODS_2_038,FOODS_2,1044,925,7206.0,6.902299,9,133,7,6.000642,0.3742324,0.007662835249042145,0.8860153256704981,0.062365398
HOBBIES_1_090,HOBBIES_1,140,124,1966.0,14.042857,10,14,1,0.97999996,0.0,0.0,0.8857142857142857,0.0
FOODS_2_176,FOODS_2,1067,945,6846.0,6.41612,9,139,10,2.590909,0.22496238,0.04311152764761012,0.8856607310215557,0.08682759
FOODS_1_213,FOODS_1,1390,1231,8074.0,5.8086333,10,139,7,2.3865397,0.20307262,0.027338129496402876,0.8856115107913669,0.08509082
HOUSEHOLD_2_183,HOUSEHOLD_2,1388,1229,4831.0,3.4805477,10,139,4,4.692082,0.15938435,0.010806916426512969,0.8854466858789626,0.03396879
HOUSEHOLD_1_417,HOUSEHOLD_1,1387,1228,4884.0,3.5212688,10,139,1,5.48,0.0,0.0,0.8853640951694304,0.0
FOODS_2_079,FOODS_2,1116,988,5232.0,4.688172,10,139,10,3.7181628,0.19028349,0.1603942652329749,0.8853046594982079,0.051176753
HOUSEHOLD_1_291,HOUSEHOLD_1,783,693,5427.0,6.9310346,10,83,2,3.6900384,0.10252004,0.0,0.8850574712643678,0.027782919
HOUSEHOLD_1_029,HOUSEHOLD_1,287,254,3874.0,13.498258,10,31,2,5.938188,0.2866387,0.020905923344947737,0.8850174216027874,0.0482704
HOBBIES_1_081,HOBBIES_1,113,100,379.0,3.3539822,9,13,1,14.72,0.0,0.0,0.8849557522123894,0.0
FOODS_3_246,FOODS_3,1299,1149,7403.0,5.6989994,10,139,5,1.9706696,0.09237542,0.008468052347959968,0.8845265588914549,0.04687514
FOODS_3_108,FOODS_3,1116,987,26467.0,23.71595,10,112,2,0.99979395,0.0068848706,0.0008960573476702509,0.8844086021505376,0.0068862895
HOUSEHOLD_1_168,HOUSEHOLD_1,829,733,8198.0,9.889023,9,108,4,2.9321592,0.1935426,0.028950542822677925,0.8841978287092883,0.066006854
HOUSEHOLD_1_326,HOUSEHOLD_1,1383,1222,6370.0,4.6059294,10,139,8,4.843782,0.17547688,0.09255242227042661,0.883586406362979,0.036227245
HOBBIES_1_085,HOBBIES_1,455,402,1752.0,3.8505495,10,65,2,14.736,0.09339783,0.0,0.8835164835164835,0.0063380725
HOBBIES_1_130,HOBBIES_1,1338,1182,7243.0,5.4133034,10,139,3,2.5948582,0.22239506,0.01943198804185351,0.8834080717488789,0.085706055
FOODS_3_174,FOODS_3,1354,1196,7750.0,5.7237816,10,139,6,5.9603543,0.21415642,0.0206794682422452,0.8833087149187593,0.03593015
HOUSEHOLD_2_074,HOUSEHOLD_2,1388,1226,12720.0,9.164265,10,139,1,0.96999997,0.0,0.0,0.8832853025936599,0.0
HOBBIES_1_411,HOBBIES_1,1373,1212,4932.0,3.592134,10,139,2,1.3276184,0.06371351,0.0,0.8827385287691187,0.047990836
HOBBIES_1_410,HOBBIES_1,85,75,193.0,2.2705882,9,20,1,27.97,0.0,0.0,0.8823529411764706,0.0
HOUSEHOLD_1_186,HOUSEHOLD_1,1389,1225,23858.0,17.176386,10,139,7,3.0056806,0.18460934,0.007199424046076314,0.8819294456443485,0.061420146
FOODS_3_766,FOODS_3,1386,1222,8278.0,5.972583,10,139,8,2.727114,0.12720107,0.10461760461760462,0.8816738816738817,0.046643104
FOODS_1_108,FOODS_1,1369,1207,13563.0,9.907231,10,139,1,2.5,0.0,0.0,0.8816654492330168,0.0
FOODS_2_294,FOODS_2,1390,1225,29904.0,21.51367,10,139,6,1.1896187,0.13731535,0.20431654676258992,0.8812949640287769,0.11542803
FOODS_1_206,FOODS_1,1378,1214,18898.0,13.714078,10,139,5,1.824746,0.2194013,0.18867924528301888,0.8809869375907112,0.12023662
HOUSEHOLD_2_336,HOUSEHOLD_2,1386,1221,7599.0,5.482684,10,139,3,9.27583,0.079792574,0.00937950937950938,0.8809523809523809,0.008602203
HOUSEHOLD_1_021,HOUSEHOLD_1,1285,1132,17306.0,13.467704,10,139,3,1.9571595,0.057622503,0.0015564202334630351,0.8809338521400778,0.029441904
HOUSEHOLD_2_329,HOUSEHOLD_2,1251,1102,5399.0,4.3157473,9,139,9,2.8832614,0.15213124,0.10711430855315747,0.8808952837729817,0.052763596
FOODS_2_330,FOODS_2,1175,1035,6902.0,5.8740425,10,139,4,3.9068167,0.11304179,0.0,0.8808510638297873,0.0289345
FOODS_3_816,FOODS_3,855,753,47567.0,55.63392,10,90,4,0.19898246,0.012128061,0.007017543859649123,0.8807017543859649,0.0609504
FOODS_2_194,FOODS_2,1181,1040,16735.0,14.170195,10,138,5,7.0412364,0.14496343,0.04403048264182896,0.8806096528365792,0.02058778
FOODS_2_122,FOODS_2,661,582,3084.0,4.665658,9,77,4,4.7581086,0.12559396,0.0030257186081694403,0.8804841149773072,0.026395774
FOODS_3_227,FOODS_3,1390,1223,43315.0,31.161871,10,139,4,2.5363166,0.11512396,0.008633093525179856,0.8798561151079136,0.045390215
FOODS_3_622,FOODS_3,1390,1223,5163.0,3.7143884,10,139,4,2.528928,0.08782994,0.0007194244604316547,0.8798561151079136,0.034730107
HOBBIES_1_350,HOBBIES_1,1389,1222,6004.0,4.322534,10,139,7,3.0154212,0.1494637,0.09503239740820735,0.8797696184305256,0.049566444
HOBBIES_1_310,HOBBIES_1,1389,1222,6055.0,4.359251,10,139,2,5.49892,0.040247615,0.0007199424046076314,0.8797696184305256,0.0073191854
FOODS_3_055,FOODS_3,814,716,4444.0,5.4594593,10,87,11,3.4404793,0.21461746,0.02702702702702703,0.8796068796068796,0.062380105
FOODS_2_116,FOODS_2,1094,962,14448.0,13.206581,10,139,5,1.8946435,0.10252894,0.04204753199268738,0.8793418647166362,0.054115158
HOUSEHOLD_2_059,HOUSEHOLD_2,1390,1222,11934.0,8.585611,10,139,3,2.961475,0.02164036,0.00935251798561151,0.879136690647482,0.0073072915
HOUSEHOLD_1_452,HOUSEHOLD_1,1390,1222,7521.0,5.4107914,10,139,2,3.4653237,0.04814488,0.00935251798561151,0.879136690647482,0.013893329
FOODS_2_025,FOODS_2,1116,981,5666.0,5.0770607,10,139,11,3.717894,0.20066062,0.15949820788530467,0.8790322580645161,0.05397158
HOUSEHOLD_2_414,HOUSEHOLD_2,124,109,531.0,4.282258,6,22,3,5.8983874,0.30900413,0.008064516129032258,0.8790322580645161,0.0523879
HOBBIES_1_042,HOBBIES_1,931,818,3923.0,4.2137485,10,103,2,7.4757895,0.12847282,0.0010741138560687433,0.878625134264232,0.017185183
HOUSEHOLD_1_324,HOUSEHOLD_1,1390,1221,11108.0,7.991367,10,139,9,5.8568773,0.37216318,0.09640287769784173,0.8784172661870504,0.06354293
FOODS_3_542,FOODS_3,1241,1089,6292.0,5.0701046,9,138,4,2.4864626,0.05911012,0.0008058017727639,0.8775181305398871,0.023772776
FOODS_1_080,FOODS_1,1346,1181,5301.0,3.938336,10,139,3,7.375698,0.33503175,0.0007429420505200594,0.8774145616641902,0.045423735
FOODS_3_328,FOODS_3,1295,1136,6776.0,5.2324324,10,139,7,3.6971276,0.29263493,0.016216216216216217,0.8772200772200772,0.07915197
FOODS_1_175,FOODS_1,814,714,4981.0,6.1191645,10,82,2,2.9588697,0.04084829,0.0,0.8771498771498771,0.013805369
FOODS_1_113,FOODS_1,764,670,21344.0,27.937172,10,82,1,0.98,0.0,0.0,0.8769633507853403,0.0
FOODS_3_313,FOODS_3,1314,1152,58619.0,44.61111,10,135,4,1.8439802,0.14281386,0.10121765601217655,0.8767123287671232,0.077448696
HOUSEHOLD_1_138,HOUSEHOLD_1,1386,1215,10269.0,7.409091,10,139,1,4.97,0.0,0.0,0.8766233766233766,0.0
FOODS_3_634,FOODS_3,1390,1218,23209.0,16.697123,10,139,3,3.9871223,0.059633445,0.07913669064748201,0.8762589928057554,0.0149565125
HOBBIES_1_084,HOBBIES_1,1389,1217,7316.0,5.2670984,10,139,7,4.1654644,0.24826263,0.011519078473722102,0.8761699064074874,0.059600227
HOBBIES_1_298,HOBBIES_1,1389,1217,7236.0,5.209503,10,139,7,4.1632977,0.24665563,0.009359251259899209,0.8761699064074874,0.059245255
FOODS_3_104,FOODS_3,759,665,2792.0,3.6785243,9,103,1,2.98,0.0,0.0,0.8761528326745718,0.0
HOBBIES_1_147,HOBBIES_1,1235,1082,16145.0,13.072874,10,139,4,10.074778,0.38163027,0.05263157894736842,0.8761133603238866,0.037879772
HOUSEHOLD_1_175,HOUSEHOLD_1,1377,1206,8152.0,5.9201164,10,139,6,4.837197,0.21386053,0.09803921568627451,0.8758169934640523,0.044211667
HOUSEHOLD_2_239,HOUSEHOLD_2,1390,1217,9406.0,6.7669063,10,139,1,1.24,0.0,0.0,0.8755395683453238,0.0
HOUSEHOLD_1_178,HOUSEHOLD_1,1389,1216,4530.0,3.2613392,10,139,3,4.402822,0.09632549,0.0,0.8754499640028798,0.021878123
HOUSEHOLD_1_299,HOUSEHOLD_1,152,133,1013.0,6.6644735,10,23,1,4.97,0.0,0.0,0.875,0.0
FOODS_3_039,FOODS_3,1317,1152,27672.0,21.011389,10,136,3,4.1043735,0.14877321,0.11845102505694761,0.8747152619589977,0.036247484
FOODS_3_750,FOODS_3,1346,1177,19547.0,14.522288,10,135,7,2.2323997,0.34674972,0.2890044576523031,0.87444279346211,0.15532601
FOODS_2_169,FOODS_2,890,778,4748.0,5.334831,10,89,5,5.754854,0.2753659,0.04269662921348315,0.8741573033707866,0.047849324
FOODS_2_285,FOODS_2,1390,1215,30067.0,21.630936,10,139,9,3.165583,0.50454986,0.07913669064748201,0.8741007194244604,0.15938608
HOUSEHOLD_1_088,HOUSEHOLD_1,1390,1215,6509.0,4.682734,10,139,2,5.971295,0.024113812,0.022302158273381296,0.8741007194244604,0.0040382887
FOODS_2_003,FOODS_2,1096,958,13011.0,11.87135,9,139,3,2.028084,0.08891523,0.010036496350364963,0.8740875912408759,0.043841984
FOODS_3_163,FOODS_3,1323,1156,10527.0,7.9569163,10,139,4,1.9705594,0.07894246,0.010582010582010581,0.873771730914588,0.04006094
HOUSEHOLD_1_162,HOUSEHOLD_1,1385,1210,10454.0,7.5480146,10,139,16,5.4708443,0.47419882,0.04693140794223827,0.8736462093862816,0.08667745
FOODS_2_231,FOODS_2,1249,1091,10684.0,8.554043,10,139,9,2.458655,0.15974322,0.07365892714171338,0.8734987990392313,0.06497179
FOODS_3_384,FOODS_3,663,579,4334.0,6.5369534,10,81,8,2.9613574,0.16175015,0.012066365007541479,0.8733031674208145,0.054620273
HOUSEHOLD_2_037,HOUSEHOLD_2,1389,1213,5885.0,4.236861,10,139,3,10.739042,0.13599041,0.0,0.8732901367890569,0.012663179
HOUSEHOLD_1_343,HOUSEHOLD_1,1387,1211,17245.0,12.43331,10,139,8,4.865025,0.20186193,0.028118240807498196,0.8731074260994953,0.041492477
HOBBIES_1_133,HOBBIES_1,645,563,2012.0,3.1193798,10,66,3,12.495954,0.36729404,0.0,0.8728682170542635,0.029393038
FOODS_2_179,FOODS_2,220,192,574.0,2.6090908,9,25,1,4.84,0.0,0.0,0.8727272727272727,0.0
HOUSEHOLD_1_505,HOUSEHOLD_1,1365,1191,16213.0,11.877656,10,137,5,2.5411575,0.13240224,0.16556776556776556,0.8725274725274725,0.052103125
FOODS_2_228,FOODS_2,564,492,2673.0,4.739362,9,77,2,4.7687764,0.08875753,0.0,0.8723404255319149,0.018612223
HOUSEHOLD_1_315,HOUSEHOLD_1,313,273,1015.0,3.2428114,10,32,1,9.48,0.0,0.0,0.8722044728434505,0.0
HOBBIES_1_086,HOBBIES_1,1390,1212,6463.0,4.64964,10,139,5,8.454303,0.4075793,0.02014388489208633,0.8719424460431655,0.04820969
HOUSEHOLD_2_294,HOUSEHOLD_2,476,415,4970.0,10.441176,10,135,2,4.747941,0.07838348,0.0,0.8718487394957983,0.016508942
FOODS_3_022,FOODS_3,39,34,65.0,1.6666666,9,6,1,1.98,0.0,0.0,0.8717948717948718,0.0
FOODS_1_207,FOODS_1,1386,1208,7592.0,5.4776335,10,139,2,3.253189,0.09436587,0.0,0.8715728715728716,0.029007189
FOODS_2_199,FOODS_2,1089,949,19167.0,17.600552,9,139,6,0.95134985,0.08774398,0.12396694214876033,0.8714416896235078,0.092231035
FOODS_3_300,FOODS_3,1299,1132,21875.0,16.839876,10,139,6,3.999438,0.14569874,0.06081601231716705,0.8714395688991532,0.036429804
FOODS_3_824,FOODS_3,1390,1211,6117.0,4.4007196,10,139,6,2.5131078,0.1903454,0.027338129496402876,0.8712230215827338,0.075741045
FOODS_3_412,FOODS_3,1335,1163,82797.0,62.020226,10,139,6,0.19895132,0.0116203,0.008239700374531835,0.8711610486891386,0.058407754
HOUSEHOLD_1_360,HOUSEHOLD_1,1389,1210,3848.0,2.7703383,10,139,4,3.978157,0.08976226,0.010079193664506839,0.871130309575234,0.022563782
HOUSEHOLD_2_054,HOUSEHOLD_2,1389,1210,4040.0,2.9085674,10,139,3,4.8460474,0.11883199,0.0007199424046076314,0.871130309575234,0.024521425
HOUSEHOLD_1_105,HOUSEHOLD_1,1381,1203,6923.0,5.013034,10,139,4,4.128378,0.16179912,0.07603186097031137,0.8711078928312816,0.039191935
FOODS_2_296,FOODS_2,155,135,912.0,5.883871,7,24,1,2.96,0.0,0.0,0.8709677419354839,0.0
HOBBIES_1_079,HOBBIES_1,1387,1208,4681.0,3.3749099,10,139,5,8.300916,0.32514074,0.10382119682768565,0.8709444844989185,0.039169263
FOODS_3_717,FOODS_3,1374,1196,5731.0,4.1710334,10,139,2,1.9798545,0.0038138493,0.0,0.8704512372634643,0.001926328
HOUSEHOLD_1_125,HOUSEHOLD_1,1373,1195,4793.0,3.4908957,10,139,3,5.7287035,0.06143033,0.009468317552804079,0.8703568827385287,0.010723252
FOODS_3_031,FOODS_3,910,792,4271.0,4.6934066,10,139,11,4.401044,0.40719554,0.012087912087912088,0.8703296703296703,0.09252249
HOBBIES_1_281,HOBBIES_1,802,698,4100.0,5.1122193,10,90,2,4.1232915,0.12939928,0.0,0.8703241895261845,0.031382523
FOODS_2_353,FOODS_2,1095,953,6348.0,5.7972603,9,139,8,2.7566576,0.2445684,0.042922374429223746,0.8703196347031964,0.088719174
HOUSEHOLD_1_129,HOUSEHOLD_1,1390,1209,14046.0,10.105036,10,139,6,3.852367,0.114786915,0.014388489208633094,0.8697841726618705,0.029796464
FOODS_3_019,FOODS_3,1297,1128,6712.0,5.1750193,10,139,7,1.952367,0.1594455,0.027756360832690823,0.8696993060909792,0.08166779
FOODS_1_001,FOODS_1,1389,1208,7632.0,5.4946003,10,139,6,2.0942261,0.12421771,0.004319654427645789,0.8696904247660188,0.059314374
HOUSEHOLD_1_351,HOUSEHOLD_1,698,607,41639.0,59.654728,10,70,2,0.97724926,0.036258254,0.0057306590257879654,0.8696275071633238,0.03710236
HOUSEHOLD_2_354,HOUSEHOLD_2,1240,1078,7543.0,6.0830646,10,125,2,0.9698146,0.0065315617,0.0008064516129032258,0.8693548387096774,0.006734856
FOODS_3_459,FOODS_3,620,539,22930.0,36.98387,8,86,2,1.8491936,0.046206627,0.0,0.8693548387096774,0.024987448
FOODS_3_782,FOODS_3,1390,1208,36582.0,26.317986,10,139,4,2.5360577,0.11630996,0.006474820143884892,0.8690647482014389,0.045862507
HOBBIES_1_382,HOBBIES_1,1364,1185,5486.0,4.021994,10,139,1,1.97,0.0,0.0,0.8687683284457478,0.0
FOODS_3_802,FOODS_3,1337,1161,5130.0,3.8369484,10,135,1,1.68,0.0,0.0,0.868362004487659,0.0
HOBBIES_1_012,HOBBIES_1,1389,1206,5025.0,3.6177106,10,139,5,6.4227715,0.14149731,0.0,0.8682505399568035,0.02203057
FOODS_3_083,FOODS_3,1389,1206,10739.0,7.7314615,10,139,4,19.08704,0.25480336,0.009359251259899209,0.8682505399568035,0.013349548
HOUSEHOLD_1_086,HOUSEHOLD_1,1388,1205,19122.0,13.776657,10,139,9,4.862003,0.2184507,0.028097982708933718,0.8681556195965417,0.044930186
FOODS_3_081,FOODS_3,1355,1176,6397.0,4.721033,10,139,4,4.5484204,0.22163749,0.08708487084870849,0.8678966789667897,0.04872845
HOUSEHOLD_2_442,HOUSEHOLD_2,1120,972,6030.0,5.383929,10,139,1,1.48,0.0,0.0,0.8678571428571429,0.0
FOODS_3_042,FOODS_3,1345,1167,46624.0,34.664684,10,139,2,1.5361339,0.049640805,0.0,0.8676579925650557,0.032315414
FOODS_1_173,FOODS_1,1389,1205,32754.0,23.580994,10,139,4,1.966681,0.0451287,0.007919366450683946,0.8675305975521959,0.02294663
HOUSEHOLD_2_002,HOUSEHOLD_2,1388,1204,7205.0,5.1909223,10,139,2,2.6790779,0.042722933,0.009365994236311239,0.8674351585014409,0.01594688
HOUSEHOLD_1_120,HOUSEHOLD_1,1033,896,2896.0,2.803485,8,139,4,4.4581604,0.06424805,0.001936108422071636,0.8673765730880929,0.014411336
HOBBIES_1_068,HOBBIES_1,1384,1200,5673.0,4.0989885,10,139,8,7.014032,0.18910687,0.0072254335260115606,0.8670520231213873,0.026961222
HOBBIES_1_400,HOBBIES_1,1384,1200,13473.0,9.734827,10,139,3,1.0878974,0.038535923,0.0,0.8670520231213873,0.035422385
HOBBIES_1_352,HOBBIES_1,30,26,120.0,4.0,9,4,1,2.63,0.0,0.0,0.8666666666666667,0.0
HOUSEHOLD_2_395,HOUSEHOLD_2,1364,1182,6561.0,4.8101172,10,139,1,3.6699998,0.0,0.0,0.8665689149560117,0.0
HOBBIES_1_231,HOBBIES_1,1071,928,4598.0,4.293184,10,109,1,6.87,0.0,0.0,0.8664799253034547,0.0
HOUSEHOLD_1_525,HOUSEHOLD_1,1390,1204,4483.0,3.22518,10,139,6,3.955266,0.16355054,0.006474820143884892,0.8661870503597122,0.041350074
FOODS_2_183,FOODS_2,1277,1106,20487.0,16.04307,10,139,6,8.580087,0.25021577,0.0,0.8660924040720438,0.029162383
HOBBIES_1_040,HOBBIES_1,685,593,6262.0,9.141605,10,69,4,12.916088,0.31971893,0.01897810218978102,0.8656934306569343,0.024753543
FOODS_3_401,FOODS_3,1234,1068,6021.0,4.8792543,10,139,2,1.979838,0.0040242164,0.0,0.8654781199351702,0.002032599
FOODS_2_100,FOODS_2,972,841,8201.0,8.4372425,9,139,12,2.4396193,0.2291815,0.08950617283950617,0.8652263374485597,0.0939415
HOUSEHOLD_2_374,HOUSEHOLD_2,408,353,2206.0,5.4068627,10,67,2,3.001446,0.08404464,0.031862745098039214,0.8651960784313726,0.028001385
FOODS_3_410,FOODS_3,1297,1122,11894.0,9.170393,10,139,7,2.6150346,0.11905502,0.10331534309946029,0.8650732459521974,0.04552713
HOBBIES_1_036,HOBBIES_1,1367,1182,5989.0,4.3811264,10,139,4,1.0071764,0.061817877,0.0,0.8646671543525969,0.06137741
FOODS_2_332,FOODS_2,1093,945,4099.0,3.7502286,9,139,10,3.5094419,0.23968302,0.008234217749313814,0.8645928636779506,0.06829662
FOODS_3_365,FOODS_3,970,838,3618.0,3.729897,10,139,5,3.7312474,0.18004304,0.0010309278350515464,0.8639175257731959,0.048252776
HOUSEHOLD_1_180,HOUSEHOLD_1,668,577,5900.0,8.832335,10,86,8,2.8636675,0.21235849,0.016467065868263474,0.8637724550898204,0.07415613
FOODS_1_115,FOODS_1,88,76,461.0,5.2386365,10,9,1,3.5799997,0.0,0.0,0.8636363636363636,0.0
FOODS_3_180,FOODS_3,22,19,60.0,2.7272727,7,5,1,2.78,0.0,0.0,0.8636363636363636,0.0
HOUSEHOLD_1_101,HOUSEHOLD_1,1370,1183,7476.0,5.4569345,10,139,3,2.3616424,0.025594518,0.0021897810218978104,0.8635036496350365,0.010837592
FOODS_3_177,FOODS_3,1164,1005,11207.0,9.628007,10,133,5,2.750301,0.15245593,0.1013745704467354,0.8634020618556701,0.055432454
FOODS_3_243,FOODS_3,1382,1193,8323.0,6.0224314,10,139,3,1.5083936,0.049374327,0.001447178002894356,0.8632416787264834,0.032733053
HOUSEHOLD_1_506,HOUSEHOLD_1,1162,1003,32773.0,28.203959,10,139,7,3.3621688,0.12624553,0.0008605851979345956,0.8631669535283993,0.037548836
HOUSEHOLD_1_301,HOUSEHOLD_1,635,548,3656.0,5.75748,10,64,2,4.90348,0.13249251,0.0,0.862992125984252,0.027020099
FOODS_3_008,FOODS_3,262,226,3377.0,12.889313,9,31,2,0.78889316,0.01791626,0.003816793893129771,0.8625954198473282,0.022710629
FOODS_1_192,FOODS_1,1390,1199,13942.0,10.030216,10,139,8,2.400259,0.14875947,0.09064748201438849,0.862589928057554,0.061976425
FOODS_3_571,FOODS_3,1193,1029,6967.0,5.8398995,10,123,8,8.086036,0.69073343,0.15758591785414922,0.8625314333612741,0.085423
HOUSEHOLD_1_475,HOUSEHOLD_1,1351,1165,9913.0,7.3375278,10,139,5,2.6517618,0.07389286,0.1080680977054034,0.8623242042931162,0.027865574
FOODS_3_161,FOODS_3,1385,1194,4601.0,3.3220217,10,139,5,2.0114512,0.08957501,0.0036101083032490976,0.8620938628158845,0.044532526
HOBBIES_1_152,HOBBIES_1,174,150,449.0,2.5804598,10,18,1,5.5,0.0,0.0,0.8620689655172413,0.0
FOODS_3_013,FOODS_3,848,731,4009.0,4.7275944,10,139,2,2.4356604,0.049707837,0.0,0.8620283018867925,0.020408362
HOBBIES_1_109,HOBBIES_1,1210,1043,4985.0,4.119835,10,139,4,5.900397,0.39845583,0.021487603305785124,0.8619834710743801,0.06753034
HOUSEHOLD_1_068,HOUSEHOLD_1,1369,1180,6866.0,5.01534,10,137,1,6.97,0.0,0.0,0.8619430241051863,0.0
HOUSEHOLD_1_428,HOUSEHOLD_1,1390,1198,5338.0,3.8402877,10,139,3,7.963907,0.18160409,0.0014388489208633094,0.8618705035971223,0.022803392
FOODS_2_153,FOODS_2,1385,1193,12271.0,8.859928,10,139,17,2.7201157,0.27399787,0.018050541516245487,0.8613718411552347,0.100730225
HOBBIES_1_355,HOBBIES_1,1390,1197,6683.0,4.807914,10,139,9,4.159633,0.25828496,0.01079136690647482,0.8611510791366906,0.062093206
HOUSEHOLD_1_312,HOUSEHOLD_1,1296,1116,3888.0,3.0,10,139,2,2.3606248,0.027503483,0.0,0.8611111111111112,0.011650934
FOODS_3_788,FOODS_3,1348,1160,18566.0,13.772997,10,135,7,3.748672,0.13623568,0.010385756676557863,0.8605341246290801,0.036342386
FOODS_2_236,FOODS_2,1311,1128,15444.0,11.78032,10,139,7,2.804981,0.18930244,0.020594965675057208,0.8604118993135011,0.06748796
FOODS_3_536,FOODS_3,1095,942,4767.0,4.3534245,10,139,5,2.5907578,0.13065183,0.0027397260273972603,0.8602739726027397,0.050429966
HOBBIES_1_092,HOBBIES_1,1366,1175,3611.0,2.6434846,10,139,3,2.2930162,0.055030983,0.0,0.8601756954612005,0.023999387
HOBBIES_1_320,HOBBIES_1,1384,1190,10743.0,7.7622833,10,139,3,4.4397902,0.10063371,0.00939306358381503,0.8598265895953757,0.02266632
FOODS_1_013,FOODS_1,1332,1145,11977.0,8.991742,10,139,3,1.4501802,0.0736591,0.0,0.8596096096096096,0.050793067
FOODS_3_208,FOODS_3,419,360,3526.0,8.415275,9,56,2,4.71389,0.07511977,0.0,0.8591885441527446,0.015935834
HOBBIES_1_351,HOBBIES_1,1384,1189,4362.0,3.151734,10,139,7,5.794437,0.21311304,0.01878612716763006,0.8591040462427746,0.036778904
FOODS_2_261,FOODS_2,574,493,2102.0,3.662021,9,139,4,9.951324,0.04493906,0.0,0.8588850174216028,0.0045158872
FOODS_2_063,FOODS_2,1378,1183,26514.0,19.240929,10,139,13,2.730936,0.27259862,0.012336719883889695,0.8584905660377359,0.09981875
HOUSEHOLD_1_048,HOUSEHOLD_1,1390,1193,17803.0,12.807914,10,139,2,2.8392158,0.029236075,0.0007194244604316547,0.858273381294964,0.010297236
FOODS_3_223,FOODS_3,910,780,3257.0,3.5791209,10,104,1,1.98,0.0,0.0,0.8571428571428571,0.0
FOODS_2_020,FOODS_2,1092,936,8673.0,7.9423075,9,139,9,2.4435987,0.17652608,0.02564102564102564,0.8571428571428571,0.07224021
FOODS_2_065,FOODS_2,1090,934,22367.0,20.520184,9,139,6,0.95097256,0.0871968,0.12477064220183487,0.8568807339449541,0.09169223
HOUSEHOLD_2_341,HOUSEHOLD_2,1390,1191,6764.0,4.866187,10,139,8,5.275518,0.18307662,0.014388489208633094,0.8568345323741007,0.03470306
HOUSEHOLD_2_219,HOUSEHOLD_2,1390,1191,8496.0,6.1122303,10,139,4,2.9483743,0.1424008,0.01870503597122302,0.8568345323741007,0.048298076
FOODS_3_215,FOODS_3,1306,1119,17148.0,13.130169,10,139,7,0.9802221,0.15152667,0.058958652373660034,0.8568147013782542,0.15458402
FOODS_2_314,FOODS_2,1068,915,3405.0,3.1882021,9,139,4,4.684607,0.28546053,0.0,0.8567415730337079,0.060935855
HOBBIES_1_061,HOBBIES_1,1381,1183,3743.0,2.7103548,10,139,4,2.7595437,0.052754644,0.0,0.8566256335988415,0.019117162
FOODS_2_225,FOODS_2,1095,938,8945.0,8.16895,9,139,7,2.5041096,0.08195121,0.005479452054794521,0.85662100456621,0.032726686
HOUSEHOLD_1_355,HOUSEHOLD_1,390,334,1735.0,4.448718,10,49,3,8.438231,0.3313503,0.0,0.8564102564102564,0.03926774
HOUSEHOLD_1_481,HOUSEHOLD_1,870,745,6193.0,7.118391,10,87,2,4.9043794,0.1317904,0.011494252873563218,0.8563218390804598,0.026871983
FOODS_1_062,FOODS_1,1390,1190,5964.0,4.2906475,10,139,5,3.8489497,0.25713807,0.0014388489208633094,0.8561151079136691,0.06680734
FOODS_1_049,FOODS_1,1389,1189,8279.0,5.960403,10,139,4,2.2121024,0.13987404,0.008639308855291577,0.8560115190784737,0.06323127
FOODS_3_803,FOODS_3,118,101,2171.0,18.398306,5,29,1,1.0,0.0,0.0,0.8559322033898306,0.0
FOODS_1_038,FOODS_1,1373,1175,7304.0,5.319738,10,139,4,8.807858,0.39235348,0.0007283321194464676,0.8557902403495994,0.044545844
HOBBIES_1_313,HOBBIES_1,1345,1151,6205.0,4.613383,10,139,1,1.23,0.0,0.0,0.8557620817843866,0.0
HOUSEHOLD_2_297,HOUSEHOLD_2,1386,1186,3737.0,2.6962483,10,139,3,5.9346604,0.1361924,0.0007215007215007215,0.8556998556998557,0.022948641
HOBBIES_1_115,HOBBIES_1,429,367,6932.0,16.158508,10,45,3,0.6827506,0.038437773,0.03263403263403263,0.8554778554778555,0.05629841
FOODS_3_332,FOODS_3,1036,886,20321.0,19.614864,10,126,1,1.98,0.0,0.0,0.8552123552123552,0.0
FOODS_3_558,FOODS_3,1286,1099,6327.0,4.9199066,10,139,5,3.018476,0.14088218,0.09097978227060653,0.854587869362364,0.04667328
FOODS_2_093,FOODS_2,1234,1054,14701.0,11.91329,10,139,6,2.5124311,0.07163542,0.012965964343598054,0.8541329011345219,0.02851239
FOODS_3_684,FOODS_3,644,550,4598.0,7.1397514,9,76,3,1.915264,0.060470626,0.17857142857142858,0.8540372670807453,0.031572998
FOODS_3_519,FOODS_3,137,117,2756.0,20.116789,7,29,1,1.0,0.0,0.0,0.8540145985401459,0.0
FOODS_1_020,FOODS_1,1390,1187,10193.0,7.3330936,10,139,5,2.6224604,0.11287714,0.01079136690647482,0.8539568345323741,0.04304246
HOBBIES_1_213,HOBBIES_1,1390,1187,4617.0,3.3215828,10,139,4,8.454418,0.40837148,0.01870503597122302,0.8539568345323741,0.04830273
FOODS_3_709,FOODS_3,41,35,145.0,3.5365853,10,6,2,1.9141462,0.014313548,0.0,0.8536585365853658,0.0074777715
FOODS_3_394,FOODS_3,1384,1181,7193.0,5.197254,10,139,9,2.7248626,0.14284013,0.1069364161849711,0.8533236994219653,0.05242104
FOODS_3_695,FOODS_3,1295,1105,27582.0,21.298841,10,139,5,4.0025635,0.12834851,0.06023166023166023,0.8532818532818532,0.03206658
HOUSEHOLD_1_292,HOUSEHOLD_1,728,621,9513.0,13.067307,10,86,3,6.901044,0.22878185,0.12774725274725274,0.853021978021978,0.033151776
HOUSEHOLD_1_336,HOUSEHOLD_1,1006,858,6256.0,6.218688,10,105,1,4.87,0.0,0.0,0.852882703777336,0.0
HOUSEHOLD_1_507,HOUSEHOLD_1,1151,981,6118.0,5.3153777,10,117,2,1.6621894,0.012189909,0.0,0.8523023457862728,0.0073336465
HOBBIES_1_031,HOBBIES_1,1387,1182,3622.0,2.6113915,10,139,3,10.978067,0.043205045,0.0,0.852198990627253,0.0039355783
FOODS_2_234,FOODS_2,837,713,4640.0,5.543608,10,88,7,2.7797134,0.16814186,0.008363201911589008,0.8518518518518519,0.060488917
FOODS_2_326,FOODS_2,1140,971,49971.0,43.83421,9,139,7,0.95335084,0.086551346,0.12719298245614036,0.8517543859649123,0.09078646
HOUSEHOLD_1_099,HOUSEHOLD_1,1253,1067,5338.0,4.2601757,10,139,2,2.362897,0.017462488,0.0,0.8515562649640862,0.0073902877
FOODS_3_591,FOODS_3,1379,1174,8858.0,6.4234953,10,139,7,2.5696592,0.1325866,0.05728788977519942,0.851341551849166,0.05159696
FOODS_2_216,FOODS_2,924,786,3608.0,3.9047618,8,137,10,5.9145994,0.25718907,0.0021645021645021645,0.8506493506493507,0.043483768
FOODS_3_512,FOODS_3,20,17,61.0,3.05,2,10,1,1.9799999,0.0,0.0,0.85,0.0
FOODS_1_196,FOODS_1,1386,1178,16324.0,11.777778,10,139,2,1.9672006,0.052053418,0.002886002886002886,0.84992784992785,0.026460655
FOODS_3_501,FOODS_3,1390,1181,108703.0,78.2036,10,139,8,0.8323453,0.048696134,0.19352517985611511,0.8496402877697842,0.058504727
FOODS_3_295,FOODS_3,1390,1181,108350.0,77.94964,10,139,8,0.83128774,0.052954435,0.19640287769784173,0.8496402877697842,0.06370169
FOODS_1_209,FOODS_1,1390,1181,11425.0,8.219424,10,139,7,2.3937194,0.16976304,0.051798561151079135,0.8496402877697842,0.07092019
HOUSEHOLD_2_380,HOUSEHOLD_2,1390,1181,5258.0,3.782734,10,139,3,5.151079,0.18009762,0.01079136690647482,0.8496402877697842,0.034963086
HOUSEHOLD_1_281,HOUSEHOLD_1,1022,868,4156.0,4.0665364,10,114,5,4.869785,0.2494031,0.0029354207436399216,0.8493150684931506,0.0512144
HOBBIES_1_124,HOBBIES_1,365,310,1795.0,4.917808,10,38,2,5.982219,0.024410773,0.0,0.8493150684931506,0.004080555
HOUSEHOLD_1_113,HOUSEHOLD_1,292,248,2432.0,8.328767,7,48,2,6.4227395,0.17458639,0.0684931506849315,0.8493150684931506,0.027182542
HOUSEHOLD_2_376,HOUSEHOLD_2,1386,1177,3725.0,2.6875901,10,139,4,3.6893291,0.31242487,0.00937950937950938,0.8492063492063492,0.08468338
FOODS_2_333,FOODS_2,1242,1054,16082.0,12.94847,10,139,7,3.1803784,0.23880564,0.10869565217391304,0.8486312399355878,0.075087175
FOODS_2_051,FOODS_2,1070,908,7541.0,7.0476637,9,139,6,2.5240748,0.08969667,0.014953271028037384,0.8485981308411215,0.035536453
FOODS_2_113,FOODS_2,692,587,2864.0,4.138728,9,84,7,2.7637427,0.17061226,0.011560693641618497,0.8482658959537572,0.061732326
HOBBIES_1_328,HOBBIES_1,1390,1179,4270.0,3.0719423,10,139,7,6.3693957,0.26199776,0.0841726618705036,0.8482014388489209,0.041133847
HOUSEHOLD_1_431,HOUSEHOLD_1,263,223,3108.0,11.817491,10,31,2,7.007072,0.06482646,0.0,0.8479087452471483,0.009251576
HOBBIES_1_017,HOBBIES_1,1166,988,7028.0,6.0274444,10,139,6,1.9073328,0.05956643,0.0017152658662092624,0.8473413379073756,0.031230224
HOUSEHOLD_1_528,HOUSEHOLD_1,1192,1010,12186.0,10.223154,9,139,3,2.9025502,0.049489874,0.008389261744966443,0.8473154362416108,0.01705048
FOODS_3_069,FOODS_3,1368,1159,16889.0,12.34576,10,139,2,2.9698026,0.004211548,0.0,0.8472222222222222,0.0014181238
HOUSEHOLD_1_115,HOUSEHOLD_1,855,724,3381.0,3.954386,10,86,3,4.96359,0.15694416,0.0023391812865497076,0.8467836257309942,0.03161908
HOBBIES_1_373,HOBBIES_1,124,105,424.0,3.419355,10,13,1,14.72,0.0,0.0,0.8467741935483871,0.0
HOBBIES_1_226,HOBBIES_1,1389,1176,7243.0,5.214543,10,139,11,15.010986,0.35303667,0.009359251259899209,0.8466522678185745,0.023518553
HOUSEHOLD_1_427,HOUSEHOLD_1,1089,922,34393.0,31.582186,10,110,2,5.9573555,0.0503406,0.0027548209366391185,0.8466483011937558,0.008450159
HOBBIES_1_376,HOBBIES_1,26,22,56.0,2.1538463,9,4,1,15.97,0.0,0.0,0.8461538461538461,0.0
HOUSEHOLD_2_313,HOUSEHOLD_2,13,11,47.0,3.6153846,4,5,1,1.97,0.0,0.0,0.8461538461538461,0.0
HOUSEHOLD_1_181,HOUSEHOLD_1,1390,1176,5370.0,3.8633094,10,139,3,4.1322446,0.13983376,0.07410071942446043,0.8460431654676259,0.03383966
FOODS_2_196,FOODS_2,1156,978,7180.0,6.2110724,9,139,9,3.7012024,0.18315607,0.157439446366782,0.8460207612456747,0.04948556
HOUSEHOLD_2_513,HOUSEHOLD_2,253,214,988.0,3.9051383,10,28,1,2.78,0.0,0.0,0.8458498023715415,0.0
FOODS_2_005,FOODS_2,1135,960,6773.0,5.967401,9,139,8,3.716476,0.18340902,0.15594713656387665,0.8458149779735683,0.04935025
HOUSEHOLD_1_470,HOUSEHOLD_1,1366,1155,7412.0,5.4260616,10,139,2,2.977101,0.07573484,0.0014641288433382138,0.8455344070278185,0.025439123
HOUSEHOLD_2_496,HOUSEHOLD_2,233,197,563.0,2.416309,10,26,1,1.48,0.0,0.0,0.8454935622317596,0.0
FOODS_3_406,FOODS_3,1390,1175,74978.0,53.941006,10,139,8,0.83117986,0.056094807,0.20071942446043164,0.8453237410071942,0.06748817
FOODS_1_219,FOODS_1,1390,1175,25521.0,18.360432,10,139,7,2.0530288,0.22462921,0.12877697841726618,0.8453237410071942,0.109413564
HOBBIES_1_146,HOBBIES_1,1388,1173,5480.0,3.9481268,10,139,4,4.7738543,0.24094695,0.0,0.8451008645533141,0.050472204
FOODS_2_373,FOODS_2,1045,883,4818.0,4.610526,9,133,6,5.8988132,0.28328216,0.0009569377990430622,0.8449760765550239,0.048023585
HOUSEHOLD_1_235,HOUSEHOLD_1,1308,1105,30386.0,23.230886,10,139,8,3.3484633,0.14546975,0.011467889908256881,0.8448012232415902,0.043443736
HOBBIES_1_149,HOBBIES_1,1041,879,4947.0,4.7521615,9,117,2,1.5277233,0.058994,0.0,0.8443804034582133,0.03861563
FOODS_3_176,FOODS_3,693,585,6906.0,9.965368,10,73,4,1.4454256,0.066944025,0.11255411255411256,0.8441558441558441,0.046314403
HOUSEHOLD_2_136,HOUSEHOLD_2,1386,1170,3972.0,2.8658009,10,139,4,4.845685,0.12985803,0.001443001443001443,0.8441558441558441,0.026798695
HOUSEHOLD_2_295,HOUSEHOLD_2,1390,1173,4313.0,3.1028776,10,139,4,5.8766403,0.37833294,0.019424460431654675,0.8438848920863309,0.06437912
HOUSEHOLD_2_117,HOUSEHOLD_2,1389,1172,4139.0,2.9798417,10,139,5,2.1042838,0.24178556,0.010079193664506839,0.843772498200144,0.11490159
FOODS_3_011,FOODS_3,1379,1163,12882.0,9.341552,10,139,3,1.9723858,0.18928108,0.09427121102248005,0.8433647570703409,0.09596555
FOODS_2_062,FOODS_2,1096,924,6177.0,5.635949,9,139,10,5.1996627,0.3429829,0.002737226277372263,0.843065693430657,0.06596252
HOBBIES_1_038,HOBBIES_1,1390,1171,3191.0,2.2956834,10,139,2,3.2019064,0.024035705,0.0,0.8424460431654677,0.007506686
FOODS_2_200,FOODS_2,387,326,1432.0,3.7002585,9,43,5,3.8171575,0.3746213,0.015503875968992248,0.8423772609819121,0.09814143
FOODS_1_083,FOODS_1,1383,1165,17970.0,12.993492,10,139,4,1.9654087,0.05613804,0.010845986984815618,0.8423716558206796,0.028563036
FOODS_1_156,FOODS_1,812,684,3619.0,4.456897,10,82,7,2.5466135,0.26719806,0.15886699507389163,0.8423645320197044,0.1049229
FOODS_3_588,FOODS_3,38,32,203.0,5.3421054,9,6,1,3.5400002,0.0,0.0,0.8421052631578947,0.0
FOODS_2_027,FOODS_2,576,485,3195.0,5.546875,9,68,6,1.8851217,0.23526707,0.15625,0.8420138888888888,0.12480206
HOUSEHOLD_1_541,HOUSEHOLD_1,1386,1167,18082.0,13.046176,10,139,3,7.8653316,0.20794448,0.10317460317460317,0.841991341991342,0.026438108
HOBBIES_1_159,HOBBIES_1,1359,1144,5918.0,4.3546724,10,139,5,3.2375863,0.051646553,0.0029433406916850625,0.8417954378219279,0.015952177
HOBBIES_1_022,HOBBIES_1,1390,1170,4237.0,3.0482013,10,139,8,7.106187,0.18144958,0.011510791366906475,0.841726618705036,0.025534028
HOBBIES_1_076,HOBBIES_1,1369,1152,5652.0,4.128561,10,139,3,3.1043317,0.23570476,0.0014609203798392988,0.8414901387874361,0.0759277
HOUSEHOLD_2_266,HOUSEHOLD_2,246,207,1180.0,4.796748,10,27,1,2.97,0.0,0.0,0.8414634146341463,0.0
HOBBIES_1_383,HOBBIES_1,863,726,2974.0,3.446118,9,118,4,2.9769988,0.05193168,0.0034762456546929316,0.8412514484356894,0.017444307
HOUSEHOLD_1_530,HOUSEHOLD_1,636,535,3367.0,5.294025,10,64,2,1.968475,0.038463004,0.0,0.8411949685534591,0.019539494
HOUSEHOLD_2_450,HOUSEHOLD_2,1385,1165,4762.0,3.4382672,10,139,4,9.437582,0.1294564,0.0,0.8411552346570397,0.013717115
FOODS_3_030,FOODS_3,1384,1164,102006.0,73.70376,10,139,4,1.2498916,0.11390169,0.16401734104046242,0.8410404624277457,0.09112925
HOUSEHOLD_2_483,HOUSEHOLD_2,1389,1168,9550.0,6.87545,10,139,4,4.752599,0.2704627,0.0007199424046076314,0.8408927285817135,0.05690838
FOODS_3_345,FOODS_3,1388,1167,6675.0,4.8090777,10,139,7,2.512882,0.19018352,0.027377521613832854,0.840778097982709,0.07568343
HOUSEHOLD_1_320,HOUSEHOLD_1,232,195,754.0,3.25,9,26,3,4.5386205,0.1756246,0.30603448275862066,0.8405172413793104,0.03869559
HOBBIES_1_160,HOBBIES_1,652,548,1439.0,2.2070553,10,66,4,19.718342,0.77135885,0.0,0.8404907975460123,0.03911885
FOODS_2_205,FOODS_2,827,695,3735.0,4.516324,10,87,6,2.7871704,0.14811967,0.014510278113663845,0.8403869407496977,0.053143386
FOODS_2_146,FOODS_2,1094,919,9689.0,8.85649,9,139,4,1.8949087,0.10263208,0.04113345521023766,0.840036563071298,0.05416202
HOBBIES_1_361,HOBBIES_1,649,545,1359.0,2.0939908,10,66,4,29.931187,1.3617347,0.0,0.8397534668721109,0.045495514
FOODS_3_642,FOODS_3,792,665,3617.0,4.5669193,10,87,8,3.4228284,0.25636688,0.04671717171717172,0.8396464646464646,0.07489913
FOODS_3_414,FOODS_3,766,643,3141.0,4.100522,10,82,4,5.086801,0.14630555,0.0026109660574412533,0.839425587467363,0.028761799
FOODS_3_538,FOODS_3,610,512,5140.0,8.4262295,10,64,4,1.3657212,0.10125757,0.001639344262295082,0.839344262295082,0.074142195
FOODS_3_330,FOODS_3,1297,1087,13672.0,10.541249,10,139,5,4.0079107,0.12836896,0.07016191210485737,0.8380878951426368,0.032028895
FOODS_2_121,FOODS_2,302,253,1941.0,6.427152,9,34,2,1.6269536,0.13498366,0.19205298013245034,0.8377483443708609,0.082967125
FOODS_2_055,FOODS_2,1047,877,7204.0,6.8806114,9,139,9,2.4588063,0.14961776,0.0028653295128939827,0.8376313276026743,0.060849756
HOBBIES_1_369,HOBBIES_1,123,103,1447.0,11.764228,10,14,1,0.98,0.0,0.0,0.8373983739837398,0.0
FOODS_2_284,FOODS_2,990,829,4521.0,4.5666666,9,125,2,2.4682627,0.05466519,0.00101010101010101,0.8373737373737373,0.022147233
FOODS_3_383,FOODS_3,1383,1158,25596.0,18.507591,10,139,6,1.2491974,0.11420843,0.15835140997830802,0.8373101952277657,0.09142545
HOUSEHOLD_1_366,HOUSEHOLD_1,1093,915,28905.0,26.445562,10,110,2,5.9586096,0.045976244,0.0009149130832570906,0.8371454711802379,0.007715935
FOODS_3_438,FOODS_3,1086,909,10954.0,10.086556,10,112,1,1.0,0.0,0.0,0.8370165745856354,0.0
HOUSEHOLD_1_183,HOUSEHOLD_1,981,821,5263.0,5.364934,9,114,7,4.816993,0.26959386,0.09480122324159021,0.836901121304791,0.05596725
FOODS_3_306,FOODS_3,465,389,4513.0,9.705377,10,71,4,1.5485376,0.107965134,0.1935483870967742,0.8365591397849462,0.06972071
FOODS_1_214,FOODS_1,1284,1074,6393.0,4.978972,10,130,3,2.841433,0.14451726,0.003115264797507788,0.8364485981308412,0.050860696
FOODS_1_102,FOODS_1,1350,1129,6560.0,4.859259,10,139,3,1.7362369,0.09069079,0.007407407407407408,0.8362962962962963,0.05223411
HOUSEHOLD_2_387,HOUSEHOLD_2,317,265,883.0,2.7854888,10,33,2,5.930694,0.16568851,0.0031545741324921135,0.8359621451104101,0.027937457
HOUSEHOLD_2_411,HOUSEHOLD_2,1328,1110,5177.0,3.8983433,10,134,1,5.84,0.0,0.0,0.8358433734939759,0.0
HOBBIES_1_413,HOBBIES_1,1381,1154,8193.0,5.9326577,10,139,4,4.774431,0.24142043,0.0,0.835626357711803,0.050565276
HOUSEHOLD_1_454,HOUSEHOLD_1,620,518,1553.0,2.5048387,10,64,1,2.97,0.0,0.0,0.8354838709677419,0.0
FOODS_1_166,FOODS_1,1385,1157,22148.0,15.991336,10,139,6,2.087711,0.14166549,0.10613718411552346,0.8353790613718411,0.06785685
FOODS_1_096,FOODS_1,1390,1161,19314.0,13.894964,10,139,22,7.0236545,1.1184472,0.08273381294964029,0.8352517985611511,0.15924007
FOODS_3_671,FOODS_3,1390,1161,10896.0,7.838849,10,139,2,1.9791367,0.016075868,0.0,0.8352517985611511,0.008122667
FOODS_3_145,FOODS_3,1094,913,3647.0,3.333638,9,139,6,2.742669,0.12380444,0.002742230347349177,0.8345521023765996,0.045140132
FOODS_1_201,FOODS_1,1390,1160,19066.0,13.716547,10,139,6,2.0866044,0.13804397,0.10575539568345324,0.8345323741007195,0.06615723
FOODS_3_411,FOODS_3,1232,1028,10543.0,8.55763,10,139,2,2.9799676,0.0005691076,0.0,0.8344155844155844,0.00019097778
HOBBIES_1_006,HOBBIES_1,790,659,5985.0,7.575949,10,81,3,1.0111899,0.033280347,0.0,0.8341772151898734,0.032912064
HOBBIES_1_342,HOBBIES_1,644,537,1390.0,2.158385,10,66,6,19.710295,0.8022366,0.003105590062111801,0.8338509316770186,0.0407014
FOODS_3_632,FOODS_3,1296,1080,9876.0,7.6203704,10,139,5,4.009738,0.12973726,0.07021604938271606,0.8333333333333334,0.032355547
HOUSEHOLD_1_405,HOUSEHOLD_1,6,5,14.0,2.3333333,4,2,1,2.9800003,0.0,0.0,0.8333333333333334,0.0
HOBBIES_1_143,HOBBIES_1,1390,1158,4354.0,3.132374,10,139,8,8.5177555,0.36386284,0.0007194244604316547,0.8330935251798561,0.04271816
HOBBIES_1_067,HOBBIES_1,1390,1158,38392.0,27.620144,10,139,6,0.5396547,0.06396224,0.031654676258992806,0.8330935251798561,0.118524395
FOODS_3_667,FOODS_3,1389,1157,4873.0,3.5082793,10,139,4,2.0542765,0.04531186,0.0007199424046076314,0.8329733621310296,0.022057334
FOODS_3_484,FOODS_3,1386,1154,3959.0,2.8564215,10,139,4,2.001075,0.05030229,0.0007215007215007215,0.8326118326118326,0.025137633
FOODS_3_309,FOODS_3,1141,950,3646.0,3.1954427,10,139,1,1.9799999,0.0,0.0,0.8326029798422436,0.0
HOBBIES_1_108,HOBBIES_1,1362,1134,11389.0,8.361968,10,139,6,12.551513,0.49079674,0.035976505139500736,0.8325991189427313,0.039102595
FOODS_2_134,FOODS_2,1135,945,7190.0,6.3348017,9,139,10,2.958467,0.17232649,0.18325991189427313,0.8325991189427313,0.058248576
HOUSEHOLD_2_315,HOUSEHOLD_2,1390,1157,3955.0,2.8453238,10,139,11,7.6426764,0.33344704,0.008633093525179856,0.8323741007194244,0.043629616
HOUSEHOLD_2_368,HOUSEHOLD_2,1390,1157,6197.0,4.4582734,10,139,4,5.521403,0.14593793,0.10287769784172662,0.8323741007194244,0.026431315
FOODS_3_126,FOODS_3,1130,940,14284.0,12.640708,10,137,3,3.4308848,0.15298656,0.05929203539823009,0.831858407079646,0.04459099
HOUSEHOLD_2_196,HOUSEHOLD_2,214,178,1820.0,8.504673,7,31,1,2.27,0.0,0.0,0.8317757009345794,0.0
HOUSEHOLD_1_494,HOUSEHOLD_1,1141,949,20363.0,17.846626,10,135,1,7.97,0.0,0.0,0.8317265556529361,0.0
HOBBIES_1_154,HOBBIES_1,707,588,4066.0,5.751061,10,74,2,2.7601416,0.17670417,0.026874115983026876,0.8316831683168316,0.06401996
HOBBIES_1_172,HOBBIES_1,1390,1156,5254.0,3.7798562,10,139,7,2.8856332,0.106608845,0.09352517985611511,0.8316546762589928,0.0369447
HOUSEHOLD_2_191,HOUSEHOLD_2,1390,1156,4653.0,3.347482,10,139,4,4.696043,0.17977114,0.012949640287769784,0.8316546762589928,0.038281407
HOBBIES_1_379,HOBBIES_1,1388,1154,12107.0,8.722623,10,139,4,2.162291,0.095479354,0.028097982708933718,0.8314121037463977,0.04415657
FOODS_1_143,FOODS_1,1387,1153,8508.0,6.1341023,10,139,3,1.9670368,0.04691432,0.006488824801730353,0.8312905551550108,0.02385025
HOBBIES_1_041,HOBBIES_1,1209,1005,3625.0,2.9983459,10,122,6,3.6902313,0.32989872,0.0008271298593879239,0.8312655086848635,0.08939784
FOODS_1_047,FOODS_1,1380,1147,11793.0,8.545652,10,139,4,3.2375362,0.11325372,0.009420289855072464,0.8311594202898551,0.034981452
FOODS_2_308,FOODS_2,1053,875,4874.0,4.6286798,9,139,12,2.588243,0.22612508,0.0446343779677113,0.8309591642924976,0.087366246
HOUSEHOLD_1_295,HOUSEHOLD_1,1254,1042,5330.0,4.2503986,10,139,1,2.98,0.0,0.0,0.8309409888357256,0.0
FOODS_3_797,FOODS_3,751,624,6049.0,8.054594,7,129,2,4.0694804,0.16680092,0.0692410119840213,0.8308921438082557,0.04098826
HOUSEHOLD_2_486,HOUSEHOLD_2,1389,1154,3938.0,2.835133,10,139,13,5.9306836,0.38551757,0.02663786897048236,0.8308135349172067,0.0650039
HOUSEHOLD_2_246,HOUSEHOLD_2,1387,1152,3172.0,2.2869503,10,139,2,7.878651,0.082773805,0.009372746935832732,0.8305695746214852,0.010506088
HOUSEHOLD_2_021,HOUSEHOLD_2,1379,1145,3017.0,2.1878173,10,139,4,4.418433,0.13278253,0.0036258158085569255,0.8303118201595359,0.03005195
FOODS_2_367,FOODS_2,1131,939,4286.0,3.7895668,9,139,6,4.621335,0.4029776,0.0017683465959328027,0.830238726790451,0.08719939
FOODS_3_078,FOODS_3,893,741,4572.0,5.1198206,8,139,5,2.8811648,0.15656197,0.029115341545352745,0.8297872340425532,0.05433982
HOBBIES_1_288,HOBBIES_1,1361,1129,23133.0,16.99706,10,139,6,0.5508964,0.029339613,0.0213078618662748,0.8295371050698016,0.05325795
FOODS_3_106,FOODS_3,170,141,2998.0,17.635294,7,29,1,1.0,0.0,0.0,0.8294117647058824,0.0
HOUSEHOLD_1_421,HOUSEHOLD_1,762,632,3405.0,4.468504,9,85,3,6.5286613,0.3383582,0.010498687664041995,0.8293963254593176,0.05182658
HOUSEHOLD_2_371,HOUSEHOLD_2,1301,1079,12691.0,9.754804,10,139,1,0.78,0.0,0.0,0.8293620292083013,0.0
HOUSEHOLD_2_154,HOUSEHOLD_2,1388,1151,4825.0,3.476225,10,139,1,1.88,0.0,0.0,0.829250720461095,0.0
HOUSEHOLD_1_212,HOUSEHOLD_1,1153,956,5275.0,4.5750217,10,120,8,4.5973635,0.19463147,0.09453599306157849,0.8291413703382481,0.042335454
HOUSEHOLD_2_262,HOUSEHOLD_2,1390,1152,5338.0,3.8402877,10,139,3,4.9784026,0.08469763,0.010071942446043165,0.8287769784172662,0.017013013
FOODS_2_162,FOODS_2,467,387,3107.0,6.653105,7,75,2,2.9299786,0.00046274439,0.0,0.828693790149893,0.0001579344
HOUSEHOLD_2_505,HOUSEHOLD_2,1376,1140,4275.0,3.1068313,10,139,6,4.950247,0.21697508,0.00872093023255814,0.8284883720930233,0.043831162
HOBBIES_1_408,HOBBIES_1,1390,1151,17886.0,12.867626,10,139,6,0.5986331,0.010631703,0.0028776978417266188,0.8280575539568346,0.017759964
HOUSEHOLD_1_362,HOUSEHOLD_1,1390,1151,4238.0,3.0489209,10,139,1,7.97,0.0,0.0,0.8280575539568346,0.0
FOODS_3_032,FOODS_3,366,303,4690.0,12.814208,10,37,2,2.9793444,0.012545002,0.00273224043715847,0.8278688524590164,0.0042106584
FOODS_3_731,FOODS_3,366,303,3202.0,8.748634,9,42,2,2.97459,0.07308259,0.00273224043715847,0.8278688524590164,0.024568962
FOODS_3_539,FOODS_3,842,697,3330.0,3.9548693,8,139,6,2.5135152,0.34631845,0.007125890736342043,0.827790973871734,0.13778251
HOBBIES_1_131,HOBBIES_1,447,370,7162.0,16.022371,10,45,4,0.6827293,0.037865404,0.06040268456375839,0.8277404921700223,0.055461813
FOODS_2_397,FOODS_2,1078,892,9699.0,8.997217,9,139,7,2.8912709,0.101997524,0.01855287569573284,0.8274582560296846,0.035277747
FOODS_2_211,FOODS_2,1162,961,10847.0,9.334767,10,139,9,2.301222,0.09844819,0.10154905335628227,0.8270223752151463,0.042780828
HOUSEHOLD_1_074,HOUSEHOLD_1,1373,1135,6487.0,4.7246904,10,138,6,5.040699,0.41476026,0.101238164603059,0.8266569555717407,0.08228229
FOODS_1_152,FOODS_1,1389,1148,7344.0,5.287257,10,139,4,7.8775444,0.5626311,0.0014398848092152627,0.8264938804895609,0.07142214
FOODS_3_146,FOODS_3,1036,856,9812.0,9.471043,10,139,9,5.2376156,0.32384527,0.3388030888030888,0.8262548262548263,0.061830666
FOODS_3_266,FOODS_3,1338,1105,5023.0,3.7541106,10,135,7,3.7506278,0.13179131,0.01046337817638266,0.8258594917787743,0.035138465
HOBBIES_1_167,HOBBIES_1,447,369,6999.0,15.657718,10,45,3,0.6834452,0.03780686,0.06040268456375839,0.825503355704698,0.055318058
HOBBIES_1_412,HOBBIES_1,521,430,1865.0,3.5796545,10,57,2,2.0588865,0.0408504,0.0,0.8253358925143954,0.019841015
FOODS_3_206,FOODS_3,849,700,5206.0,6.13192,10,139,2,2.435477,0.049728364,0.0,0.8244994110718492,0.020418325
HOUSEHOLD_1_472,HOUSEHOLD_1,1390,1146,2886.0,2.076259,10,139,4,4.8316765,0.07377408,0.019424460431654675,0.8244604316546763,0.015268836
HOUSEHOLD_2_031,HOUSEHOLD_2,393,324,1195.0,3.0407124,10,41,1,5.9399996,0.0,0.0,0.8244274809160306,0.0
FOODS_3_348,FOODS_3,1389,1145,58447.0,42.078472,10,139,8,0.8316559,0.057166472,0.19870410367170627,0.8243340532757379,0.06873813
FOODS_3_430,FOODS_3,176,145,512.0,2.909091,6,30,2,5.975455,0.060302284,0.0,0.8238636363636364,0.010091664
FOODS_3_686,FOODS_3,1299,1070,5352.0,4.1200924,10,139,3,3.724088,0.19277877,0.0007698229407236335,0.8237105465742879,0.051765364
FOODS_3_543,FOODS_3,1331,1096,5484.0,4.12021,10,135,9,3.747528,0.16355951,0.012021036814425245,0.8234410217881293,0.04364464
HOUSEHOLD_1_133,HOUSEHOLD_1,566,466,2022.0,3.5724382,10,65,2,3.1201766,0.0042033195,0.0,0.823321554770318,0.0013471416
FOODS_3_198,FOODS_3,215,177,851.0,3.9581394,10,33,2,4.9986043,0.09485802,0.10697674418604651,0.8232558139534883,0.0189769
FOODS_3_508,FOODS_3,1386,1141,22776.0,16.432901,10,139,1,1.0,0.0,0.0,0.8232323232323232,0.0
HOUSEHOLD_1_081,HOUSEHOLD_1,379,312,1644.0,4.337731,9,49,2,8.463483,0.12687539,0.0,0.8232189973614775,0.014990919
HOUSEHOLD_2_184,HOUSEHOLD_2,1390,1144,5610.0,4.035971,10,139,2,1.9594891,0.019043684,0.0007194244604316547,0.823021582733813,0.009718698
HOUSEHOLD_1_492,HOUSEHOLD_1,1388,1142,3745.0,2.6981268,10,139,5,4.0738835,0.2534273,0.10302593659942363,0.8227665706051873,0.062207792
FOODS_3_210,FOODS_3,750,617,2170.0,2.8933334,10,78,2,1.9786934,0.035784543,0.0013333333333333333,0.8226666666666667,0.018084936
HOUSEHOLD_2_148,HOUSEHOLD_2,400,329,1397.0,3.4925,10,42,1,5.94,0.0,0.0,0.8225,0.0
FOODS_3_624,FOODS_3,490,403,3669.0,7.4877553,10,49,2,2.4711838,0.06451825,0.018367346938775512,0.8224489795918367,0.026108237
FOODS_2_142,FOODS_2,653,537,7211.0,11.042879,10,73,2,4.024196,0.0977358,0.15926493108728942,0.8223583460949464,0.024287038
FOODS_2_374,FOODS_2,1057,869,14483.0,13.701986,8,139,8,1.9469914,0.10658629,0.04919583727530748,0.8221381267738883,0.0547441
FOODS_3_751,FOODS_3,101,83,494.0,4.891089,8,17,1,4.98,0.0,0.0,0.8217821782178217,0.0
FOODS_3_706,FOODS_3,28,23,329.0,11.75,9,5,1,1.9800001,0.0,0.0,0.8214285714285714,0.0
FOODS_3_657,FOODS_3,1387,1139,21122.0,15.228551,10,139,5,3.0756238,0.16467756,0.03604902667627974,0.8211968276856525,0.05354282
FOODS_3_582,FOODS_3,1330,1092,7565.0,5.68797,10,139,7,1.9701428,0.08565454,0.03308270676691729,0.8210526315789474,0.04347631
FOODS_1_197,FOODS_1,1378,1131,5280.0,3.83164,10,139,4,4.6533594,0.23296905,0.0,0.8207547169811321,0.0500647
FOODS_2_192,FOODS_2,954,783,7637.0,8.005241,8,139,7,1.8565829,0.11988568,0.015723270440251572,0.8207547169811321,0.0645733
FOODS_2_382,FOODS_2,1160,952,8382.0,7.225862,9,139,10,3.4199052,0.27482003,0.08275862068965517,0.8206896551724138,0.08035896
FOODS_2_391,FOODS_2,1390,1140,15645.0,11.255396,10,139,6,1.9449352,0.06920377,0.014388489208633094,0.8201438848920863,0.03558153
FOODS_3_192,FOODS_3,100,82,742.0,7.42,8,16,1,5.93,0.0,0.0,0.82,0.0
HOUSEHOLD_1_200,HOUSEHOLD_1,748,613,1951.0,2.6082888,10,82,3,1.9773664,0.050899692,0.00267379679144385,0.81951871657754,0.025741152
HOBBIES_1_210,HOBBIES_1,853,699,3270.0,3.8335288,10,87,3,5.876741,0.07166154,0.0023446658851113715,0.8194607268464243,0.012194095
FOODS_3_150,FOODS_3,1390,1139,113294.0,81.50648,10,139,6,2.1494749,0.16251956,0.008633093525179856,0.8194244604316546,0.07560896
HOUSEHOLD_1_368,HOUSEHOLD_1,1390,1139,3273.0,2.3546762,10,139,5,8.60082,0.60567117,0.10143884892086331,0.8194244604316546,0.07042017
HOUSEHOLD_2_310,HOUSEHOLD_2,1278,1047,3438.0,2.690141,10,139,1,1.42,0.0,0.0,0.8192488262910798,0.0
HOUSEHOLD_1_271,HOUSEHOLD_1,94,77,218.0,2.319149,10,11,1,2.98,0.0,0.0,0.8191489361702128,0.0
HOUSEHOLD_1_508,HOUSEHOLD_1,1387,1135,8681.0,6.258832,10,139,8,4.825847,0.22160813,0.10742609949531362,0.8183129055515501,0.045921084
FOODS_2_182,FOODS_2,1095,896,10167.0,9.284931,9,139,5,1.9377352,0.06132588,0.014611872146118721,0.8182648401826484,0.031648226
HOUSEHOLD_2_343,HOUSEHOLD_2,253,207,771.0,3.0474308,10,29,1,2.78,0.0,0.0,0.8181818181818182,0.0
FOODS_3_389,FOODS_3,1232,1008,75711.0,61.453735,9,139,2,1.5327598,0.049944066,0.0,0.8181818181818182,0.032584406
HOBBIES_1_098,HOBBIES_1,1390,1137,7001.0,5.0366907,10,139,11,15.006798,0.35621616,0.00935251798561151,0.8179856115107914,0.023736987
HOUSEHOLD_1_080,HOUSEHOLD_1,159,130,736.0,4.628931,10,43,2,9.951133,0.23791552,0.006289308176100629,0.8176100628930818,0.023908386
FOODS_3_298,FOODS_3,1389,1135,4174.0,3.0050397,10,139,5,19.087759,0.25725994,0.010079193664506839,0.8171346292296616,0.013477745
HOUSEHOLD_1_337,HOUSEHOLD_1,584,477,1186.0,2.0308218,10,60,1,4.97,0.0,0.0,0.8167808219178082,0.0
FOODS_3_433,FOODS_3,1113,909,10840.0,9.739443,10,112,3,0.99947894,0.010383724,0.0026954177897574125,0.816711590296496,0.010389138
HOBBIES_1_248,HOBBIES_1,970,792,19570.0,20.175259,10,110,2,0.9627629,0.029129006,0.21649484536082475,0.8164948453608247,0.030255638
FOODS_3_619,FOODS_3,294,240,999.0,3.3979592,10,34,1,2.68,0.0,0.0,0.8163265306122449,0.0
FOODS_3_415,FOODS_3,1235,1008,11320.0,9.165992,10,130,4,2.4984617,0.1565819,0.06639676113360324,0.8161943319838056,0.06267132
HOBBIES_1_063,HOBBIES_1,1251,1021,2703.0,2.1606715,9,139,4,5.218121,0.17277513,0.0,0.8161470823341327,0.033110604
FOODS_2_118,FOODS_2,951,775,5580.0,5.867508,8,139,8,2.9023974,0.11178051,0.016824395373291272,0.814931650893796,0.038513165
FOODS_3_244,FOODS_3,1296,1056,3090.0,2.3842592,10,139,5,9.596072,0.58557856,0.013888888888888888,0.8148148148148148,0.061022732
FOODS_3_759,FOODS_3,54,44,596.0,11.037037,8,7,1,2.68,0.0,0.0,0.8148148148148148,0.0
HOUSEHOLD_2_089,HOUSEHOLD_2,1371,1117,5816.0,4.242159,10,139,3,2.961291,0.020058569,0.0087527352297593,0.8147337709700948,0.006773589
HOUSEHOLD_2_485,HOUSEHOLD_2,1347,1097,4769.0,3.5404603,10,139,12,6.919941,0.47018284,0.02301410541945063,0.8144023756495917,0.06794608
HOUSEHOLD_2_319,HOUSEHOLD_2,237,193,703.0,2.9662447,10,26,1,1.98,0.0,0.0,0.8143459915611815,0.0
FOODS_2_304,FOODS_2,1298,1057,10941.0,8.429122,10,139,5,3.9966333,0.14278255,0.10708782742681047,0.8143297380585516,0.03572571
HOBBIES_1_049,HOBBIES_1,969,789,2390.0,2.4664602,9,110,3,8.071951,0.24658237,0.0,0.8142414860681114,0.030548051
FOODS_3_188,FOODS_3,1221,994,3178.0,2.6027846,10,139,2,1.9798363,0.004045565,0.0,0.814086814086814,0.0020433837
HOUSEHOLD_1_394,HOUSEHOLD_1,769,626,3267.0,4.2483745,10,88,2,4.870715,0.14845957,0.0039011703511053317,0.8140442132639792,0.030480035
HOUSEHOLD_2_024,HOUSEHOLD_2,360,293,1203.0,3.3416667,10,37,1,2.22,0.0,0.0,0.8138888888888889,0.0
HOBBIES_1_077,HOBBIES_1,779,634,2092.0,2.6854942,10,80,2,9.859589,0.09795764,0.0,0.8138639281129654,0.009935266
FOODS_2_013,FOODS_2,1390,1131,48336.0,34.7741,10,139,11,1.956885,0.09699893,0.05611510791366906,0.8136690647482014,0.049568027
FOODS_1_053,FOODS_1,1363,1109,4180.0,3.0667646,10,139,16,6.5531034,1.118729,0.03888481291269259,0.8136463683052091,0.17071743
FOODS_3_015,FOODS_3,1361,1107,11890.0,8.736223,10,139,5,1.6818001,0.03171669,0.024246877296105803,0.813372520205731,0.018858775
HOBBIES_1_278,HOBBIES_1,1316,1070,43791.0,33.275837,10,139,6,0.55167174,0.031890035,0.016717325227963525,0.8130699088145896,0.05780618
HOUSEHOLD_1_167,HOUSEHOLD_1,818,665,4848.0,5.9266505,10,83,2,2.9488997,0.08065225,0.12224938875305623,0.812958435207824,0.027349947
FOODS_1_036,FOODS_1,1379,1121,13165.0,9.546773,10,139,3,1.7296447,0.09537993,0.007251631617113851,0.8129079042784626,0.055144235
HOBBIES_1_326,HOBBIES_1,1389,1129,5253.0,3.7818575,10,139,3,1.9733261,0.027775774,0.018718502519798418,0.8128149748020158,0.014075613
FOODS_2_262,FOODS_2,1095,890,7415.0,6.7716894,9,139,4,1.9379909,0.055316783,0.01643835616438356,0.8127853881278538,0.028543366
FOODS_1_055,FOODS_1,1387,1127,28012.0,20.196106,10,139,8,3.7052703,0.4255386,0.10598413842826243,0.8125450612833454,0.11484684
FOODS_1_071,FOODS_1,400,325,2213.0,5.5325,9,45,3,1.9287751,0.11632317,0.0775,0.8125,0.06030935
HOUSEHOLD_1_261,HOUSEHOLD_1,528,429,1114.0,2.1098485,7,111,2,6.064697,0.2930736,0.10227272727272728,0.8125,0.048324525
FOODS_3_822,FOODS_3,1390,1129,31592.0,22.728058,10,139,10,3.7692878,0.4306133,0.20647482014388488,0.8122302158273381,0.11424262
FOODS_3_224,FOODS_3,1390,1129,20805.0,14.967626,10,139,8,3.776554,0.42936593,0.1920863309352518,0.8122302158273381,0.113692515
HOBBIES_1_409,HOBBIES_1,1390,1129,6110.0,4.3956833,10,139,7,5.7401724,0.26668102,0.09352517985611511,0.8122302158273381,0.046458714
HOBBIES_1_282,HOBBIES_1,1390,1129,4749.0,3.4165468,10,139,4,4.3294964,0.1580503,0.00935251798561151,0.8122302158273381,0.03650547
HOBBIES_1_208,HOBBIES_1,330,268,1249.0,3.7848485,9,38,1,3.2399998,0.0,0.0,0.8121212121212121,0.0
FOODS_2_111,FOODS_2,713,579,2161.0,3.0308557,9,121,6,6.1874056,0.26693308,0.14446002805049088,0.8120617110799438,0.043141358
FOODS_3_664,FOODS_3,1378,1119,53524.0,38.8418,10,139,6,2.1515095,0.16229889,0.007982583454281567,0.8120464441219158,0.07543489
FOODS_2_335,FOODS_2,875,710,3208.0,3.6662858,9,137,8,3.54488,0.25914547,0.009142857142857144,0.8114285714285714,0.07310416
FOODS_1_137,FOODS_1,1376,1116,26827.0,19.496367,10,139,2,1.9684012,0.017816903,0.007994186046511628,0.811046511627907,0.009051459
FOODS_3_257,FOODS_3,1388,1125,20296.0,14.6224785,10,139,6,3.7924206,0.41520378,0.17435158501440923,0.8105187319884726,0.10948253
FOODS_1_025,FOODS_1,411,333,3181.0,7.7396593,10,44,2,3.9352798,0.09569315,0.0024330900243309003,0.8102189781021898,0.024316734
FOODS_2_305,FOODS_2,1043,845,2578.0,2.4717162,8,139,7,8.762128,1.1623187,0.09204218600191755,0.8101629913710451,0.13265257
HOUSEHOLD_2_355,HOUSEHOLD_2,1373,1112,3404.0,2.4792426,10,139,5,10.953766,0.29151416,0.011653313911143482,0.809905316824472,0.026613144
FOODS_1_031,FOODS_1,1373,1112,9634.0,7.016752,10,139,4,3.2380188,0.11278932,0.009468317552804079,0.809905316824472,0.034832817
FOODS_3_507,FOODS_3,21,17,79.0,3.7619047,2,11,1,1.9800001,0.0,0.0,0.8095238095238095,0.0
FOODS_2_173,FOODS_2,1216,984,6816.0,5.605263,10,139,10,8.506596,0.4441856,0.006578947368421052,0.8092105263157895,0.05221661
FOODS_2_149,FOODS_2,1094,885,13652.0,12.478976,9,139,7,7.0156856,0.26992124,0.038391224862888484,0.8089579524680073,0.038473964
FOODS_1_189,FOODS_1,820,663,2279.0,2.7792683,10,83,6,2.549756,0.23324683,0.1573170731707317,0.8085365853658537,0.091478094
HOBBIES_1_364,HOBBIES_1,1388,1122,8672.0,6.2478385,10,139,8,12.132969,0.4922589,0.001440922190201729,0.80835734870317,0.040572006
FOODS_3_432,FOODS_3,1390,1123,19507.0,14.0338125,10,139,9,3.7882159,0.4212281,0.1856115107913669,0.8079136690647482,0.11119433
FOODS_3_123,FOODS_3,1390,1123,6798.0,4.8906474,10,139,7,2.5169065,0.18697374,0.027338129496402876,0.8079136690647482,0.07428712
FOODS_3_727,FOODS_3,1390,1123,20828.0,14.984173,10,139,6,3.7930503,0.41534472,0.18273381294964028,0.8079136690647482,0.1095015
HOUSEHOLD_1_059,HOUSEHOLD_1,1384,1118,11943.0,8.629335,10,139,7,2.8574276,0.12318396,0.02167630057803468,0.8078034682080925,0.043110088
HOBBIES_1_239,HOBBIES_1,1389,1122,3305.0,2.3794096,10,139,1,2.97,0.0,0.0,0.8077753779697624,0.0
FOODS_1_154,FOODS_1,1331,1075,15665.0,11.769346,10,139,4,1.4478062,0.07608264,0.009767092411720512,0.8076634109691961,0.05255029
HOUSEHOLD_2_320,HOUSEHOLD_2,862,696,2528.0,2.9327147,10,88,3,8.611415,0.22521502,0.15081206496519722,0.8074245939675174,0.02615308
HOBBIES_1_255,HOBBIES_1,763,616,2851.0,3.7365663,10,84,6,1.8745478,0.064952224,0.007863695937090432,0.8073394495412844,0.034649543
FOODS_3_452,FOODS_3,1385,1118,5152.0,3.7198555,10,139,6,4.976736,0.09913081,0.02888086642599278,0.8072202166064982,0.01991884
FOODS_2_139,FOODS_2,1224,988,13467.0,11.002451,10,139,8,2.9747877,0.15903261,0.18055555555555555,0.8071895424836601,0.053460155
FOODS_2_132,FOODS_2,508,410,2624.0,5.1653543,7,78,6,2.704173,0.26066503,0.07874015748031496,0.8070866141732284,0.096393615
HOUSEHOLD_1_493,HOUSEHOLD_1,1384,1117,3669.0,2.6510115,10,139,4,2.750708,0.061589587,0.019508670520231215,0.8070809248554913,0.022390448
HOUSEHOLD_1_204,HOUSEHOLD_1,1191,961,6804.0,5.7128463,10,120,3,1.8860453,0.03759665,0.0109151973131822,0.8068849706129303,0.019934118
FOODS_2_217,FOODS_2,621,501,4648.0,7.484702,9,73,2,4.0277295,0.10073669,0.16747181964573268,0.8067632850241546,0.025010789
HOUSEHOLD_1_415,HOUSEHOLD_1,1013,817,2267.0,2.2379072,9,116,5,12.547403,0.28909948,0.0029615004935834156,0.8065153010858835,0.023040583
HOBBIES_1_341,HOBBIES_1,1390,1121,47598.0,34.243164,10,139,4,0.48317987,0.024320055,0.14892086330935253,0.8064748201438849,0.050333336
HOUSEHOLD_2_228,HOUSEHOLD_2,1381,1113,3409.0,2.468501,10,139,2,4.973041,0.046056274,0.00941346850108617,0.8059377262853005,0.009261189
HOUSEHOLD_1_232,HOUSEHOLD_1,792,638,3908.0,4.9343433,10,81,7,3.9520833,0.1967134,0.010101010101010102,0.8055555555555556,0.04977461
FOODS_2_371,FOODS_2,1388,1118,41306.0,29.759365,10,139,9,1.9608717,0.10693356,0.06556195965417867,0.8054755043227666,0.054533683
HOUSEHOLD_1_263,HOUSEHOLD_1,647,521,1480.0,2.2874806,10,65,2,7.8223495,0.23249765,0.2009273570324575,0.8052550231839258,0.029722227
HOBBIES_1_371,HOBBIES_1,1381,1112,61265.0,44.36278,10,139,4,0.4830992,0.024405027,0.14409847936278058,0.8052136133236785,0.05051763
HOBBIES_1_080,HOBBIES_1,1386,1116,22595.0,16.302309,10,139,6,0.53719336,0.070709564,0.031746031746031744,0.8051948051948052,0.13162777
HOUSEHOLD_1_147,HOUSEHOLD_1,1390,1119,13988.0,10.06331,10,139,14,1.3620217,0.14202948,0.1366906474820144,0.8050359712230216,0.10427843
FOODS_2_181,FOODS_2,1390,1119,74815.0,53.823742,10,139,10,1.9605037,0.09449289,0.05611510791366906,0.8050359712230216,0.04819827
HOUSEHOLD_1_228,HOUSEHOLD_1,1363,1097,4332.0,3.1782832,10,139,6,9.248158,0.33280373,0.008070432868672046,0.8048422597212033,0.035985947
HOUSEHOLD_1_500,HOUSEHOLD_1,292,235,775.0,2.6541095,10,31,1,4.44,0.0,0.0,0.8047945205479452,0.0
HOUSEHOLD_2_468,HOUSEHOLD_2,1296,1043,3451.0,2.6628087,10,139,6,9.260887,0.17329085,0.013888888888888888,0.8047839506172839,0.018712122
FOODS_1_017,FOODS_1,808,650,2953.0,3.654703,10,82,5,2.5410273,0.2680173,0.15965346534653466,0.8044554455445545,0.10547596
FOODS_2_220,FOODS_2,1094,880,6529.0,5.968007,9,139,7,1.936097,0.07845393,0.016453382084095063,0.8043875685557587,0.040521692
FOODS_3_247,FOODS_3,138,111,345.0,2.5,10,16,1,4.88,0.0,0.0,0.8043478260869565,0.0
FOODS_2_018,FOODS_2,1093,879,10652.0,9.745654,9,139,6,7.0204573,0.2438717,0.03751143641354071,0.8042086001829826,0.034737296
FOODS_1_064,FOODS_1,1389,1117,6118.0,4.404608,10,139,2,2.562174,0.05113298,0.0,0.8041756659467243,0.019956872
FOODS_3_745,FOODS_3,764,614,1925.0,2.5196335,10,79,1,1.98,0.0,0.0,0.8036649214659686,0.0
FOODS_3_351,FOODS_3,1390,1117,52066.0,37.457554,10,139,10,1.0814172,0.10644765,0.3273381294964029,0.8035971223021583,0.09843347
HOUSEHOLD_1_134,HOUSEHOLD_1,793,637,3108.0,3.9192939,10,83,5,3.934502,0.26058653,0.02269861286254729,0.8032786885245902,0.06623114
HOUSEHOLD_2_390,HOUSEHOLD_2,1385,1112,3622.0,2.6151624,10,139,3,5.8216534,0.15339625,0.009386281588447653,0.8028880866425993,0.026349258
FOODS_3_117,FOODS_3,1390,1116,52646.0,37.87482,10,139,6,2.150295,0.16251881,0.006474820143884892,0.8028776978417266,0.07557978
FOODS_2_398,FOODS_2,759,609,10825.0,14.262187,7,139,6,2.2619236,0.1381635,0.05401844532279315,0.8023715415019763,0.061082307
FOODS_1_124,FOODS_1,1370,1099,11729.0,8.561314,10,139,6,2.0912263,0.13078608,0.01970802919708029,0.8021897810218979,0.062540375
HOUSEHOLD_1_309,HOUSEHOLD_1,1390,1115,3345.0,2.4064748,10,139,7,6.6374745,0.35717872,0.00935251798561151,0.802158273381295,0.053812444
HOBBIES_1_235,HOBBIES_1,1227,984,6908.0,5.629992,10,125,5,12.622819,0.4929396,0.08883455582722087,0.8019559902200489,0.039051466
FOODS_3_791,FOODS_3,681,546,3703.0,5.4375916,10,74,3,2.4948459,0.08350774,0.004405286343612335,0.801762114537445,0.033472102
HOUSEHOLD_1_140,HOUSEHOLD_1,1300,1042,10025.0,7.7115383,10,139,3,15.168554,0.24465476,0.0,0.8015384615384615,0.016129076
HOUSEHOLD_1_255,HOUSEHOLD_1,1386,1110,4127.0,2.9776335,10,139,4,9.252418,0.3154786,0.0021645021645021645,0.8008658008658008,0.03409688
HOBBIES_1_025,HOBBIES_1,1175,941,4520.0,3.8468084,10,139,8,3.7901447,0.14418389,0.001702127659574468,0.8008510638297872,0.03804179
FOODS_3_479,FOODS_3,1220,977,10253.0,8.4040985,10,135,2,0.99610656,0.030967528,0.010655737704918032,0.8008196721311476,0.03108857
FOODS_3_755,FOODS_3,1390,1113,64105.0,46.118706,10,139,8,1.0879136,0.10156353,0.30719424460431655,0.8007194244604317,0.093356244
FOODS_3_133,FOODS_3,1389,1112,49409.0,35.571632,10,139,7,0.8340677,0.05287633,0.18502519798416125,0.8005759539236861,0.06339573
HOUSEHOLD_1_532,HOUSEHOLD_1,953,762,5927.0,6.2193074,10,115,1,2.48,0.0,0.0,0.7995802728226653,0.0
HOBBIES_1_221,HOBBIES_1,1387,1109,2744.0,1.9783705,10,139,3,2.9153209,0.22408696,0.004325883201153569,0.7995674116798847,0.07686528
FOODS_1_117,FOODS_1,1377,1101,9492.0,6.893246,10,139,7,2.0893173,0.13434802,0.01670297748729121,0.7995642701525054,0.064302355
FOODS_3_425,FOODS_3,424,339,2164.0,5.1037736,10,43,3,2.4721227,0.120075725,0.007075471698113208,0.7995283018867925,0.04857191
HOBBIES_1_300,HOBBIES_1,1376,1100,5807.0,4.2202034,10,139,7,9.572987,0.2151121,0.025436046511627907,0.7994186046511628,0.02247074
HOBBIES_1_390,HOBBIES_1,1390,1111,3074.0,2.211511,10,139,6,11.574338,0.21252312,0.00935251798561151,0.7992805755395683,0.01836158
FOODS_3_431,FOODS_3,1110,887,10591.0,9.541442,10,112,1,1.0,0.0,0.0,0.7990990990990992,0.0
HOUSEHOLD_1_127,HOUSEHOLD_1,1050,839,7730.0,7.3619046,10,139,1,7.98,0.0,0.0,0.799047619047619,0.0
FOODS_1_186,FOODS_1,751,600,2158.0,2.873502,10,82,1,5.98,0.0,0.0,0.7989347536617842,0.0
FOODS_3_800,FOODS_3,1377,1100,69057.0,50.150326,10,139,6,2.1513724,0.16219494,0.005083514887436456,0.7988380537400145,0.07539138
FOODS_3_629,FOODS_3,1378,1100,5853.0,4.24746,10,139,4,5.404209,0.33454803,0.09506531204644413,0.7982583454281568,0.061905086
HOUSEHOLD_1_008,HOUSEHOLD_1,1331,1062,4100.0,3.0803907,10,135,3,5.3729978,0.2019415,0.0015026296018031556,0.7978963185574756,0.037584513
FOODS_1_002,FOODS_1,1389,1108,3791.0,2.7293017,10,139,4,8.6144705,0.4348937,0.0014398848092152627,0.7976961843052556,0.05048409
HOUSEHOLD_2_187,HOUSEHOLD_2,350,279,1384.0,3.9542856,10,36,1,3.33,0.0,0.0,0.7971428571428572,0.0
HOBBIES_1_256,HOBBIES_1,1390,1108,41058.0,29.53813,10,139,5,0.483259,0.024844175,0.1460431654676259,0.7971223021582734,0.05140965
HOUSEHOLD_2_076,HOUSEHOLD_2,1389,1107,4695.0,3.3801296,10,139,4,8.975061,0.24639374,0.010079193664506839,0.796976241900648,0.027453154
FOODS_2_064,FOODS_2,1157,922,7454.0,6.442524,10,139,10,2.300242,0.09852429,0.10112359550561797,0.7968885047536733,0.04283214
FOODS_1_091,FOODS_1,1388,1106,7754.0,5.5864553,10,139,9,2.37799,0.22180732,0.08357348703170028,0.7968299711815562,0.09327512
FOODS_3_744,FOODS_3,1378,1098,51722.0,37.534107,10,139,2,1.976299,0.03312709,0.009433962264150943,0.7968069666182874,0.016762186
HOUSEHOLD_2_259,HOUSEHOLD_2,1386,1104,3241.0,2.338384,10,139,6,7.5250216,0.4531999,0.022366522366522368,0.7965367965367965,0.060225725
FOODS_2_283,FOODS_2,1140,908,17679.0,15.5078945,9,139,6,1.4224912,0.10566121,0.002631578947368421,0.7964912280701755,0.074278995
FOODS_1_081,FOODS_1,997,794,5505.0,5.5215645,10,126,15,5.9127784,0.6391567,0.11735205616850551,0.7963891675025075,0.10809752
HOUSEHOLD_2_408,HOUSEHOLD_2,1262,1005,4798.0,3.8019018,10,138,5,6.5060854,0.2084634,0.001584786053882726,0.7963549920760697,0.032041296
HOUSEHOLD_1_432,HOUSEHOLD_1,1355,1079,4822.0,3.5586715,10,139,5,3.9551294,0.0561101,0.0007380073800738007,0.796309963099631,0.014186665
HOUSEHOLD_2_475,HOUSEHOLD_2,859,684,2460.0,2.863795,10,87,1,4.97,0.0,0.0,0.7962747380675204,0.0
HOUSEHOLD_2_251,HOUSEHOLD_2,751,598,3056.0,4.069241,10,78,1,3.97,0.0,0.0,0.796271637816245,0.0
HOUSEHOLD_2_511,HOUSEHOLD_2,1389,1106,8352.0,6.012959,10,139,2,2.8838012,0.059484683,0.009359251259899209,0.7962562994960403,0.020627178
FOODS_3_770,FOODS_3,460,366,4448.0,9.669565,10,46,2,3.9735,0.13940947,0.002173913043478261,0.7956521739130434,0.035084803
HOBBIES_2_142,HOBBIES_2,1369,1089,13533.0,9.885318,10,139,5,0.23256391,0.05142914,0.08400292184075968,0.7954711468224982,0.22113982
FOODS_3_191,FOODS_3,1373,1092,22857.0,16.647488,10,139,1,1.0,0.0,0.0,0.7953386744355426,0.0
FOODS_3_142,FOODS_3,757,602,8989.0,11.874505,10,99,5,4.116222,0.34872177,0.15984147952443858,0.7952443857331571,0.0847189
FOODS_3_355,FOODS_3,1390,1105,31973.0,23.00216,10,139,10,1.0861583,0.10812053,0.3079136690647482,0.7949640287769785,0.09954399
HOUSEHOLD_1_047,HOUSEHOLD_1,780,620,4105.0,5.2628207,10,80,13,3.8652692,0.45256713,0.06025641025641026,0.7948717948717948,0.11708554
HOBBIES_1_348,HOBBIES_1,1389,1104,52721.0,37.956085,10,139,5,0.48296618,0.024632448,0.1511879049676026,0.7948164146868251,0.051002428
HOUSEHOLD_2_488,HOUSEHOLD_2,1389,1104,3901.0,2.8084953,10,139,3,4.7609286,0.26485503,0.004319654427645789,0.7948164146868251,0.05563096
FOODS_1_048,FOODS_1,964,766,3518.0,3.6493776,10,102,1,5.98,0.0,0.0,0.7946058091286307,0.0
HOUSEHOLD_2_025,HOUSEHOLD_2,1368,1087,3875.0,2.8326023,10,139,4,5.4795027,0.09515114,0.014619883040935672,0.7945906432748538,0.017364923
FOODS_3_675,FOODS_3,895,711,11050.0,12.346369,10,91,2,2.055419,0.13021757,0.1452513966480447,0.794413407821229,0.0633533
FOODS_3_461,FOODS_3,1390,1104,16716.0,12.025899,10,139,6,1.3984101,0.086408995,0.038129496402877695,0.7942446043165468,0.061790884
HOUSEHOLD_1_280,HOUSEHOLD_1,733,582,3338.0,4.5538883,10,75,1,4.97,0.0,0.0,0.7939972714870396,0.0
FOODS_1_129,FOODS_1,1390,1103,12540.0,9.021583,10,139,22,7.0466046,1.1176659,0.06906474820143885,0.7935251798561151,0.15861055
HOUSEHOLD_2_386,HOUSEHOLD_2,368,292,1271.0,3.4538043,10,38,1,3.9699998,0.0,0.0,0.7934782608695652,0.0
FOODS_3_378,FOODS_3,1006,798,9350.0,9.294234,9,139,8,4.5337873,0.29490808,0.06858846918489066,0.7932405566600398,0.06504674
HOUSEHOLD_1_005,HOUSEHOLD_1,1318,1045,8367.0,6.348255,10,139,5,10.122436,0.45302752,0.08118361153262518,0.7928679817905918,0.044754792
FOODS_2_388,FOODS_2,1279,1014,14344.0,11.215012,10,139,9,2.96509,0.15772782,0.16262705238467554,0.7928068803752932,0.05319495
HOBBIES_1_340,HOBBIES_1,188,149,524.0,2.787234,10,22,2,7.807181,0.0546357,0.0,0.7925531914893617,0.0069981343
HOUSEHOLD_2_285,HOUSEHOLD_2,1388,1100,3606.0,2.5979826,10,139,9,4.676902,0.24955602,0.02521613832853026,0.792507204610951,0.05335926
HOBBIES_1_266,HOBBIES_1,1367,1083,5494.0,4.0190196,10,139,4,4.7751207,0.2419769,0.0,0.7922457937088515,0.05067451
HOUSEHOLD_1_032,HOUSEHOLD_1,505,400,10280.0,20.356436,7,93,1,10.86,0.0,0.0,0.7920792079207921,0.0
HOBBIES_1_034,HOBBIES_1,1356,1074,4635.0,3.4181416,10,139,4,4.776541,0.2431319,0.0,0.7920353982300885,0.050901245
FOODS_3_540,FOODS_3,1303,1032,36854.0,28.28396,10,133,2,3.0297313,0.11160538,0.04144282425172678,0.7920184190330007,0.03683673
HOUSEHOLD_1_256,HOUSEHOLD_1,1390,1100,9040.0,6.5035973,10,139,9,5.827964,0.4327215,0.0985611510791367,0.7913669064748201,0.07424917
FOODS_2_347,FOODS_2,1138,900,51842.0,45.55536,9,139,8,1.9499737,0.103086494,0.03427065026362039,0.7908611599297012,0.052865583
FOODS_3_140,FOODS_3,879,695,8951.0,10.183163,10,102,3,3.0534015,0.20543447,0.1012514220705347,0.7906712172923777,0.06728053
FOODS_2_157,FOODS_2,1093,864,4343.0,3.9734676,9,139,9,3.7045743,0.20076707,0.1445562671546203,0.7904849039341263,0.05419437
FOODS_3_029,FOODS_3,1255,992,14162.0,11.284462,10,139,7,1.2999681,0.106990136,0.23266932270916335,0.7904382470119522,0.08230212
HOUSEHOLD_2_302,HOUSEHOLD_2,524,414,1705.0,3.2538168,10,53,2,2.9688933,0.01789912,0.003816793893129771,0.7900763358778626,0.0060288864
HOUSEHOLD_1_386,HOUSEHOLD_1,562,444,10909.0,19.411032,9,73,2,2.9483097,0.014643348,0.0,0.7900355871886121,0.0049666925
FOODS_3_204,FOODS_3,476,376,2451.0,5.1491594,10,48,2,2.467899,0.07532525,0.025210084033613446,0.7899159663865546,0.030522015
FOODS_2_148,FOODS_2,751,593,2751.0,3.6631157,9,88,7,2.7608523,0.14593996,0.014647137150466045,0.7896138482023968,0.052860472
FOODS_3_274,FOODS_3,1325,1046,26413.0,19.93434,10,139,9,1.3049811,0.1079594,0.24150943396226415,0.789433962264151,0.08272871
HOUSEHOLD_2_367,HOUSEHOLD_2,1386,1094,2886.0,2.082251,10,139,4,6.980411,0.16832295,0.010101010101010102,0.7893217893217893,0.024113616
HOUSEHOLD_2_250,HOUSEHOLD_2,1386,1093,4551.0,3.2835498,10,139,18,7.0621357,1.1242723,0.08297258297258298,0.7886002886002886,0.15919721
HOUSEHOLD_2_222,HOUSEHOLD_2,1390,1096,9018.0,6.4877696,10,139,4,4.973928,0.17947279,0.025179856115107913,0.7884892086330936,0.036082707
FOODS_2_269,FOODS_2,528,416,1719.0,3.2556818,7,86,6,2.7994318,0.16227643,0.015151515151515152,0.7878787878787878,0.057967633
FOODS_3_020,FOODS_3,1390,1095,34553.0,24.858273,10,139,7,1.0847842,0.102508776,0.3143884892086331,0.7877697841726619,0.094496936
HOBBIES_1_075,HOBBIES_1,1379,1086,3603.0,2.612763,10,139,7,7.015359,0.18291071,0.0036258158085569255,0.7875271936185642,0.026072893
FOODS_3_560,FOODS_3,644,507,3192.0,4.9565215,9,76,1,2.88,0.0,0.0,0.7872670807453416,0.0
HOBBIES_1_163,HOBBIES_1,1372,1080,2703.0,1.9701166,10,139,4,9.329942,0.6351981,0.01967930029154519,0.7871720116618076,0.068081684
FOODS_2_124,FOODS_2,902,710,4075.0,4.5177383,9,139,8,2.5945232,0.21566339,0.036585365853658534,0.7871396895787139,0.08312255
HOUSEHOLD_2_472,HOUSEHOLD_2,1295,1019,5134.0,3.9644787,10,137,3,6.5121465,0.18536115,0.0,0.7868725868725869,0.02846391
FOODS_1_076,FOODS_1,1384,1089,6280.0,4.5375724,10,139,16,6.536192,1.1130072,0.03829479768786127,0.786849710982659,0.17028373
HOUSEHOLD_2_036,HOUSEHOLD_2,1384,1089,3560.0,2.5722544,10,139,1,3.97,0.0,0.0,0.786849710982659,0.0
FOODS_3_347,FOODS_3,1373,1080,24431.0,17.793882,10,139,7,2.1512163,0.16267504,0.00873998543335761,0.786598689002185,0.07562003
HOUSEHOLD_2_509,HOUSEHOLD_2,1387,1091,5883.0,4.2415285,10,139,2,8.999777,0.14131984,0.009372746935832732,0.786589762076424,0.015702594
FOODS_2_319,FOODS_2,922,725,3665.0,3.9750543,9,139,8,2.567267,0.335418,0.0650759219088937,0.7863340563991323,0.13065177
HOUSEHOLD_2_070,HOUSEHOLD_2,1369,1076,5021.0,3.6676407,10,139,4,2.9697225,0.07707222,0.010226442658875092,0.7859751643535428,0.025952667
HOUSEHOLD_2_050,HOUSEHOLD_2,1253,984,4107.0,3.2777333,10,137,4,6.505052,0.20245877,0.0007980845969672786,0.7853152434158021,0.031123312
HOBBIES_1_178,HOBBIES_1,1363,1070,41956.0,30.782099,10,139,4,0.48366836,0.023993056,0.1474688187820983,0.7850330154071901,0.04960642
FOODS_3_294,FOODS_3,1251,982,7219.0,5.7705836,9,139,2,2.4782174,0.0038288196,0.0,0.7849720223820943,0.0015449894
FOODS_3_625,FOODS_3,767,602,3978.0,5.1864405,10,92,3,3.0064275,0.31302702,0.07953063885267275,0.7848761408083442,0.10411926
HOUSEHOLD_2_197,HOUSEHOLD_2,1384,1085,7746.0,5.596821,10,139,3,3.9733238,0.110885195,0.00939306358381503,0.7839595375722543,0.027907414
HOUSEHOLD_1_443,HOUSEHOLD_1,1328,1041,12360.0,9.307229,10,137,7,2.5198646,0.13689695,0.15210843373493976,0.7838855421686747,0.054327108
HOUSEHOLD_2_139,HOUSEHOLD_2,1327,1040,3413.0,2.571967,10,134,1,5.84,0.0,0.0,0.7837226827430294,0.0
FOODS_3_199,FOODS_3,1257,985,12086.0,9.614956,10,126,3,2.434272,0.17621723,0.011137629276054098,0.7836117740652346,0.07239011
HOUSEHOLD_2_112,HOUSEHOLD_2,744,583,1734.0,2.330645,10,76,2,3.9235215,0.33584705,0.01747311827956989,0.7836021505376344,0.08559837
HOUSEHOLD_1_073,HOUSEHOLD_1,1312,1028,3741.0,2.851372,10,139,3,8.250213,0.28134766,0.0007621951219512195,0.7835365853658537,0.034101866
FOODS_3_738,FOODS_3,1390,1089,45187.0,32.508633,10,139,7,1.3007122,0.09943395,0.21223021582733814,0.7834532374100719,0.07644577
FOODS_2_340,FOODS_2,1237,969,6224.0,5.031528,10,139,12,2.9648666,0.16727279,0.16006467259498788,0.7833468067906225,0.05641832
HOUSEHOLD_2_155,HOUSEHOLD_2,1389,1088,3263.0,2.349172,10,139,6,6.4795823,0.22201036,0.05327573794096472,0.7832973362131029,0.034263067
FOODS_2_203,FOODS_2,286,224,1116.0,3.902098,9,54,3,3.128951,0.14266245,0.0,0.7832167832167832,0.04559434
FOODS_2_357,FOODS_2,1139,892,14473.0,12.70676,9,139,8,1.948727,0.10294885,0.0456540825285338,0.7831431079894644,0.05282877
HOBBIES_1_309,HOBBIES_1,1378,1079,4304.0,3.1233673,10,139,3,5.109158,0.057530988,0.0,0.7830188679245284,0.011260366
FOODS_3_648,FOODS_3,1258,985,10234.0,8.135135,10,135,1,1.0,0.0,0.0,0.7829888712241654,0.0
FOODS_3_528,FOODS_3,1298,1016,4270.0,3.2896764,10,139,8,4.973089,0.1398488,0.03312788906009245,0.7827426810477658,0.028121112
FOODS_3_196,FOODS_3,985,771,4501.0,4.5695434,10,139,4,4.407127,0.19891363,0.06091370558375635,0.782741116751269,0.045134537
FOODS_3_014,FOODS_3,1390,1088,17844.0,12.83741,10,139,4,1.9850359,0.14854407,0.09928057553956834,0.7827338129496403,0.07483193
HOUSEHOLD_2_033,HOUSEHOLD_2,1390,1088,3826.0,2.752518,10,139,3,6.9897842,0.13064037,0.010071942446043165,0.7827338129496403,0.018690187
HOUSEHOLD_2_237,HOUSEHOLD_2,695,544,2637.0,3.7942445,10,71,1,5.9399996,0.0,0.0,0.7827338129496403,0.0
HOUSEHOLD_2_417,HOUSEHOLD_2,1319,1032,2798.0,2.121304,10,139,2,3.9917588,0.12152771,0.009855951478392721,0.7824109173616376,0.030444652
FOODS_2_354,FOODS_2,124,97,453.0,3.653226,9,16,1,4.98,0.0,0.0,0.782258064516129,0.0
HOBBIES_2_036,HOBBIES_2,1389,1086,5984.0,4.3081355,10,139,1,0.97,0.0,0.0,0.7818574514038877,0.0
FOODS_1_158,FOODS_1,989,773,3212.0,3.247725,10,102,2,4.713367,0.09437038,0.13144590495449948,0.78159757330637,0.020021861
HOUSEHOLD_1_419,HOUSEHOLD_1,270,211,589.0,2.1814816,10,30,1,8.94,0.0,0.0,0.7814814814814814,0.0
HOBBIES_1_141,HOBBIES_1,1390,1086,9344.0,6.722302,10,139,11,15.004886,0.35525188,0.00935251798561151,0.781294964028777,0.023675747
FOODS_3_491,FOODS_3,1390,1086,116828.0,84.04892,10,139,8,1.299295,0.10045938,0.21654676258992805,0.781294964028777,0.07731838
FOODS_2_056,FOODS_2,1390,1085,28537.0,20.530216,10,139,5,7.017468,0.21250787,0.031654676258992806,0.7805755395683454,0.030282699
FOODS_3_587,FOODS_3,1390,1085,189591.0,136.39641,10,139,4,2.6163166,0.115582064,0.033093525179856115,0.7805755395683454,0.0441774
HOUSEHOLD_2_369,HOUSEHOLD_2,1389,1084,5841.0,4.2051835,10,139,5,6.4628005,0.24151003,0.01655867530597552,0.7804175665946724,0.037369255
FOODS_2_049,FOODS_2,1095,854,7668.0,7.00274,9,139,6,2.4502282,0.23205712,0.047488584474885846,0.7799086757990867,0.09470837
FOODS_3_611,FOODS_3,1390,1084,18259.0,13.135971,10,139,4,2.600921,0.1193359,0.017985611510791366,0.7798561151079136,0.04588217
FOODS_1_142,FOODS_1,1326,1034,10959.0,8.264706,10,139,6,1.446727,0.083859704,0.00980392156862745,0.779788838612368,0.05796512
FOODS_2_030,FOODS_2,1139,888,11890.0,10.438982,9,139,10,4.4124055,0.19285525,0.03424056189640035,0.7796312554872695,0.04370751
HOBBIES_1_078,HOBBIES_1,1384,1079,9789.0,7.072977,10,139,10,12.150875,0.49011377,0.001445086705202312,0.7796242774566474,0.040335678
FOODS_2_361,FOODS_2,1207,941,6756.0,5.5973487,10,139,11,3.6992378,0.20908128,0.15658657829328915,0.7796188898094449,0.056520097
HOBBIES_1_008,HOBBIES_1,1329,1036,42184.0,31.74116,10,139,4,0.48367193,0.023536708,0.14446952595936793,0.7795334838224228,0.048662547
FOODS_3_778,FOODS_3,1093,852,3194.0,2.9222324,9,139,4,1.9770539,0.047483504,0.004574565416285453,0.7795059469350412,0.024017304
FOODS_3_240,FOODS_3,317,247,2186.0,6.895899,9,42,3,0.9964669,0.040191114,0.006309148264984227,0.7791798107255521,0.040333617
HOUSEHOLD_2_231,HOUSEHOLD_2,1390,1083,2919.0,2.1,10,139,2,3.987115,0.07991598,0.00935251798561151,0.779136690647482,0.02004356
FOODS_2_376,FOODS_2,1233,960,12468.0,10.111922,10,139,3,1.904331,0.09848725,0.038929440389294405,0.7785888077858881,0.05171751
HOUSEHOLD_2_135,HOUSEHOLD_2,1386,1079,3682.0,2.6565657,10,139,4,10.664076,1.7464448,0.09523809523809523,0.7784992784992785,0.16376898
FOODS_3_692,FOODS_3,1390,1082,23515.0,16.917267,10,139,8,0.8348418,0.052061293,0.18776978417266188,0.7784172661870503,0.06236067
HOUSEHOLD_2_492,HOUSEHOLD_2,1295,1008,5185.0,4.003861,10,139,7,5.927135,0.2934776,0.008494208494208495,0.7783783783783784,0.04951424
HOBBIES_2_059,HOBBIES_2,1349,1050,12023.0,8.912528,10,139,5,0.23385471,0.051703587,0.0770941438102298,0.7783543365455893,0.22109278
HOBBIES_2_009,HOBBIES_2,1389,1081,4575.0,3.2937365,10,139,7,4.7565947,0.46466956,0.09431245500359971,0.7782577393808495,0.09768954
HOUSEHOLD_2_281,HOUSEHOLD_2,1389,1081,3637.0,2.6184306,10,139,4,4.8536067,0.23759362,0.0007199424046076314,0.7782577393808495,0.048951972
HOUSEHOLD_2_373,HOUSEHOLD_2,1382,1075,4064.0,2.9406657,10,139,4,4.6911287,0.14056633,0.017366136034732273,0.7778581765557163,0.029964289
FOODS_2_245,FOODS_2,1278,994,9054.0,7.084507,10,139,13,2.962152,0.1771319,0.1643192488262911,0.7777777777777778,0.059798386
FOODS_3_723,FOODS_3,1390,1081,154416.0,111.090645,10,139,7,1.304741,0.09447387,0.20215827338129497,0.7776978417266187,0.07240814
HOUSEHOLD_2_176,HOUSEHOLD_2,1389,1080,16025.0,11.537077,10,139,3,4.976839,0.081347734,0.01583873290136789,0.7775377969762419,0.01634526
HOUSEHOLD_2_349,HOUSEHOLD_2,1390,1080,6313.0,4.5417266,10,139,4,4.6999784,0.272571,0.0007194244604316547,0.7769784172661871,0.057994097
HOUSEHOLD_2_185,HOUSEHOLD_2,448,348,2141.0,4.779018,10,45,1,3.33,0.0,0.0,0.7767857142857143,0.0
FOODS_3_435,FOODS_3,1390,1079,52891.0,38.05108,10,139,6,1.2341367,0.15295485,0.13093525179856116,0.7762589928057554,0.12393671
FOODS_3_326,FOODS_3,1390,1079,24684.0,17.758274,10,139,6,1.2333741,0.15279181,0.1302158273381295,0.7762589928057554,0.123881154
HOUSEHOLD_1_477,HOUSEHOLD_1,1296,1006,5348.0,4.126543,10,139,6,12.604893,0.6844245,0.011574074074074073,0.7762345679012346,0.054298323
FOODS_2_351,FOODS_2,1277,991,7557.0,5.917776,10,139,11,2.9660063,0.18211065,0.1667971808927173,0.7760375880971025,0.06139928
FOODS_2_329,FOODS_2,1085,842,3282.0,3.0248847,9,139,8,3.4098709,0.2799538,0.026728110599078342,0.776036866359447,0.082101
FOODS_3_094,FOODS_3,366,284,3766.0,10.289618,10,37,1,2.9800003,0.0,0.0,0.7759562841530054,0.0
FOODS_1_128,FOODS_1,1379,1070,6770.0,4.9093547,10,139,13,3.6901886,0.47608995,0.10514865844815083,0.7759245830311821,0.12901507
FOODS_1_009,FOODS_1,812,630,3356.0,4.133005,10,82,8,2.5600986,0.18875735,0.18226600985221675,0.7758620689655172,0.0737305
FOODS_3_317,FOODS_3,1390,1078,18554.0,13.348202,10,139,7,1.0856619,0.09964421,0.3194244604316547,0.7755395683453238,0.09178199
FOODS_3_318,FOODS_3,1390,1078,158171.0,113.79208,10,139,5,1.2329568,0.1534629,0.1316546762589928,0.7755395683453238,0.12446738
HOBBIES_1_001,HOBBIES_1,98,76,203.0,2.0714285,10,11,3,8.514694,0.4582489,0.30612244897959184,0.7755102040816326,0.0538186
FOODS_3_442,FOODS_3,490,380,2028.0,4.1387753,10,49,2,2.4711838,0.06451825,0.018367346938775512,0.7755102040816326,0.026108237
HOUSEHOLD_2_426,HOUSEHOLD_2,1303,1010,4307.0,3.305449,10,131,6,4.7632155,0.6216806,0.20260936300844207,0.7751343054489639,0.130517
FOODS_3_630,FOODS_3,1390,1076,4539.0,3.2654676,10,139,7,2.5072374,0.1899888,0.02805755395683453,0.7741007194244605,0.07577615
FOODS_3_219,FOODS_3,1390,1076,50679.0,36.459713,10,139,6,1.2296474,0.15610893,0.1302158273381295,0.7741007194244605,0.12695423
FOODS_1_026,FOODS_1,1380,1068,4912.0,3.5594203,10,139,5,6.872174,0.22584216,0.016666666666666666,0.7739130434782608,0.032863278
HOUSEHOLD_2_431,HOUSEHOLD_2,1371,1061,3438.0,2.5076587,10,139,5,9.39097,0.36215943,0.020423048869438368,0.7738876732312181,0.038564645
HOUSEHOLD_1_457,HOUSEHOLD_1,168,130,1589.0,9.458333,10,52,1,9.97,0.0,0.0,0.7738095238095238,0.0
HOUSEHOLD_1_205,HOUSEHOLD_1,985,762,12773.0,12.967513,9,136,1,5.97,0.0,0.0,0.7736040609137056,0.0
FOODS_3_251,FOODS_3,759,587,1989.0,2.6205533,9,103,3,2.9737947,0.09883138,0.003952569169960474,0.7733860342555995,0.033234097
HOUSEHOLD_2_500,HOUSEHOLD_2,1335,1032,3170.0,2.3745317,10,134,3,5.8360453,0.10651603,0.00149812734082397,0.7730337078651686,0.018251406
FOODS_1_028,FOODS_1,220,170,3749.0,17.040909,10,23,4,2.6543636,0.15851206,0.25,0.7727272727272727,0.059717536
HOUSEHOLD_2_424,HOUSEHOLD_2,1245,962,2751.0,2.2096386,10,139,3,2.8772852,0.06813563,0.001606425702811245,0.7726907630522089,0.023680525
FOODS_3_339,FOODS_3,1390,1074,24290.0,17.474821,10,139,8,0.83403593,0.0499925,0.1949640287769784,0.7726618705035971,0.059940465
FOODS_3_343,FOODS_3,1094,845,1896.0,1.7330896,9,139,5,3.4254296,0.200366,0.003656307129798903,0.7723948811700183,0.05849369
FOODS_3_819,FOODS_3,1378,1064,24114.0,17.499275,10,139,4,1.9859362,0.14956692,0.0899854862119013,0.772133526850508,0.075313054
HOBBIES_1_370,HOBBIES_1,1390,1073,43834.0,31.535252,10,139,4,0.48369786,0.024435941,0.15035971223021583,0.7719424460431654,0.05051902
FOODS_2_186,FOODS_2,513,396,1902.0,3.7076023,9,59,4,5.4851074,0.1582313,0.015594541910331383,0.7719298245614035,0.02884744
HOBBIES_2_115,HOBBIES_2,1387,1070,4062.0,2.928623,10,139,4,2.524672,0.17288221,0.08507570295602018,0.7714491708723864,0.0684771
HOBBIES_1_399,HOBBIES_1,1330,1026,3230.0,2.4285715,10,134,2,1.9663459,0.009815478,0.0,0.7714285714285715,0.004991735
HOUSEHOLD_2_476,HOUSEHOLD_2,345,266,740.0,2.1449275,10,79,1,3.97,0.0,0.0,0.7710144927536232,0.0
HOBBIES_1_111,HOBBIES_1,1362,1050,4959.0,3.6409693,10,139,5,3.08417,0.085360035,0.011013215859030838,0.7709251101321586,0.027676824
FOODS_3_655,FOODS_3,1383,1066,26101.0,18.87274,10,139,5,1.9840636,0.1499097,0.1019522776572668,0.7707881417208966,0.075556904
FOODS_2_048,FOODS_2,301,232,845.0,2.807309,9,35,3,7.950166,0.24250422,0.0033222591362126247,0.770764119601329,0.030503038
FOODS_3_179,FOODS_3,772,595,1962.0,2.5414507,9,103,4,3.9706867,0.13829955,0.0051813471502590676,0.7707253886010362,0.034830134
FOODS_1_153,FOODS_1,1360,1048,9281.0,6.8242645,10,139,5,1.8295146,0.09376157,0.003676470588235294,0.7705882352941177,0.051249426
HOBBIES_1_099,HOBBIES_1,1390,1071,10328.0,7.430216,10,139,12,15.0152445,0.33991864,0.0028776978417266188,0.7705035971223022,0.022638235
FOODS_3_554,FOODS_3,1328,1023,3910.0,2.944277,10,135,9,3.7477863,0.14781377,0.012048192771084338,0.7703313253012049,0.039440285
HOUSEHOLD_2_124,HOUSEHOLD_2,1384,1066,4692.0,3.3901734,10,139,3,5.1190968,0.15333942,0.00939306358381503,0.7702312138728323,0.029954389
FOODS_3_261,FOODS_3,1292,995,8281.0,6.409443,10,139,5,4.453878,0.17627104,0.0023219814241486067,0.7701238390092879,0.03957698
HOBBIES_1_357,HOBBIES_1,1357,1045,4185.0,3.084009,10,139,7,13.8052025,1.1068107,0.03831982313927782,0.7700810611643331,0.08017345
FOODS_3_786,FOODS_3,1373,1057,17671.0,12.870357,10,139,4,1.9843117,0.14966455,0.101238164603059,0.7698470502549163,0.07542391
HOBBIES_1_324,HOBBIES_1,1385,1066,4870.0,3.5162456,10,139,6,15.076823,0.46448138,0.0,0.7696750902527075,0.030807642
HOBBIES_1_137,HOBBIES_1,1389,1069,3955.0,2.8473723,10,139,11,9.504593,0.76602894,0.037437005039596835,0.769618430525558,0.08059566
HOUSEHOLD_1_135,HOUSEHOLD_1,937,721,8277.0,8.833511,10,104,2,1.4801708,0.002609292,0.0,0.7694770544290288,0.0017628317
FOODS_3_399,FOODS_3,325,250,7518.0,23.132307,10,34,1,3.5,0.0,0.0,0.7692307692307693,0.0
HOUSEHOLD_1_172,HOUSEHOLD_1,39,30,158.0,4.051282,10,10,1,2.12,0.0,0.0,0.7692307692307693,0.0
FOODS_3_090,FOODS_3,1390,1069,581800.0,418.56116,10,139,8,1.3039569,0.09607652,0.21510791366906476,0.7690647482014389,0.07368075
FOODS_3_062,FOODS_3,1264,972,4318.0,3.4161391,10,139,4,2.7762027,0.07262619,0.0023734177215189874,0.7689873417721519,0.026160263
HOUSEHOLD_1_150,HOUSEHOLD_1,740,569,1883.0,2.5445945,9,83,1,11.86,0.0,0.0,0.768918918918919,0.0
FOODS_2_386,FOODS_2,718,552,2292.0,3.1922007,9,86,6,2.7632313,0.1579387,0.011142061281337047,0.7688022284122563,0.057157252
FOODS_2_105,FOODS_2,160,123,746.0,4.6625,9,19,2,2.80075,0.53718996,0.0,0.76875,0.19180217
FOODS_3_095,FOODS_3,1382,1062,4236.0,3.065123,10,139,8,5.3988276,0.34970045,0.09768451519536903,0.768451519536903,0.0647734
HOBBIES_1_005,HOBBIES_1,1230,945,7395.0,6.012195,10,126,6,2.8785608,0.21141921,0.10569105691056911,0.7682926829268293,0.073446155
HOUSEHOLD_2_287,HOUSEHOLD_2,1389,1067,4544.0,3.2714183,10,139,3,1.8742765,0.032865085,0.010079193664506839,0.7681785457163427,0.017534811
HOUSEHOLD_2_403,HOUSEHOLD_2,1362,1046,5168.0,3.79442,10,138,3,4.867232,0.0722091,0.0014684287812041115,0.7679882525697503,0.014835763
HOUSEHOLD_2_043,HOUSEHOLD_2,1387,1065,2986.0,2.1528478,10,139,2,4.697253,0.12498146,0.009372746935832732,0.7678442682047585,0.026607351
HOBBIES_1_388,HOBBIES_1,1238,950,6235.0,5.036349,10,126,6,2.877601,0.21899116,0.10823909531502424,0.7673667205169629,0.07610199
HOBBIES_1_207,HOBBIES_1,1388,1065,3748.0,2.7002883,10,139,5,2.6379826,0.08226584,0.0,0.7672910662824207,0.031185133
HOBBIES_1_120,HOBBIES_1,772,592,1355.0,1.7551813,10,132,6,10.1907,0.9002062,0.034974093264248704,0.7668393782383419,0.08833606
FOODS_3_214,FOODS_3,1390,1065,13749.0,9.891367,10,139,11,1.0823885,0.10586088,0.320863309352518,0.7661870503597122,0.097803034
HOUSEHOLD_1_375,HOUSEHOLD_1,1390,1065,4214.0,3.0316546,10,139,3,7.9306254,0.50594246,0.006474820143884892,0.7661870503597122,0.063796036
HOBBIES_1_058,HOBBIES_1,1377,1055,3325.0,2.4146695,10,139,2,8.138264,0.29922774,0.0,0.766158315177923,0.036768008
HOBBIES_1_268,HOBBIES_1,1359,1041,47407.0,34.88374,10,139,5,0.4836939,0.023797387,0.14422369389256806,0.7660044150110376,0.049199272
FOODS_2_086,FOODS_2,1094,838,10278.0,9.394881,9,139,7,2.447011,0.23356487,0.048446069469835464,0.7659963436928702,0.095449045
HOUSEHOLD_1_203,HOUSEHOLD_1,1384,1060,9068.0,6.552023,10,139,4,4.957579,0.12094705,0.01083815028901734,0.7658959537572254,0.024396393
HOUSEHOLD_2_356,HOUSEHOLD_2,1361,1042,3445.0,2.531227,10,139,2,9.878618,0.05095993,0.0007347538574577516,0.7656135194709772,0.0051586092
FOODS_3_408,FOODS_3,1384,1059,3948.0,2.852601,10,139,7,2.9486778,0.10642171,0.039739884393063585,0.7651734104046243,0.03609133
FOODS_3_544,FOODS_3,353,270,2174.0,6.1586404,10,37,4,2.926912,0.13967428,0.06232294617563739,0.7648725212464589,0.047720693
HOBBIES_1_398,HOBBIES_1,1390,1063,32556.0,23.421583,10,139,9,0.5426907,0.059540696,0.03525179856115108,0.7647482014388489,0.10971387
FOODS_3_612,FOODS_3,1170,894,4961.0,4.240171,10,139,3,3.9830258,0.03924099,0.011111111111111112,0.764102564102564,0.009852055
HOUSEHOLD_2_383,HOUSEHOLD_2,1390,1062,3986.0,2.867626,10,139,5,3.9946332,0.13748735,0.10359712230215827,0.7640287769784173,0.034418017
FOODS_3_486,FOODS_3,1375,1050,4948.0,3.5985456,10,139,4,2.6321528,0.16808333,0.08654545454545455,0.7636363636363637,0.06385774
HOBBIES_1_346,HOBBIES_1,131,100,285.0,2.1755726,4,33,1,3.97,0.0,0.0,0.7633587786259542,0.0
HOUSEHOLD_2_172,HOUSEHOLD_2,1390,1061,6237.0,4.4870505,10,139,11,6.4507194,0.41580153,0.0460431654676259,0.7633093525179856,0.06445816
HOUSEHOLD_2_145,HOUSEHOLD_2,1368,1043,5691.0,4.1600876,10,139,3,3.9487426,0.12187405,0.015350877192982455,0.7624269005847953,0.030864015
FOODS_2_359,FOODS_2,1132,863,11974.0,10.577739,9,139,9,1.9495493,0.10416809,0.046819787985865724,0.7623674911660777,0.05343188
HOUSEHOLD_2_501,HOUSEHOLD_2,265,202,508.0,1.9169811,9,33,3,8.434151,0.34492776,0.007547169811320755,0.7622641509433963,0.04089656
FOODS_3_762,FOODS_3,1299,990,3877.0,2.9846036,10,139,5,3.5982757,0.14283326,0.07159353348729793,0.7621247113163973,0.03969492
HOUSEHOLD_1_095,HOUSEHOLD_1,1378,1050,4245.0,3.0805516,10,139,9,6.2458854,0.49291152,0.11828737300435414,0.7619738751814223,0.078917794
FOODS_3_005,FOODS_3,1382,1053,8563.0,6.1960926,10,139,3,1.9786325,0.03005565,0.000723589001447178,0.7619392185238785,0.015190112
FOODS_3_445,FOODS_3,486,370,2286.0,4.703704,10,49,3,2.4668725,0.086877644,0.024691358024691357,0.7613168724279835,0.03521773
HOBBIES_1_397,HOBBIES_1,645,491,1970.0,3.0542636,9,80,3,4.391287,0.17895941,0.0,0.7612403100775194,0.040753298
HOBBIES_1_295,HOBBIES_1,1336,1017,34017.0,25.461826,10,139,4,0.48333833,0.02397113,0.13697604790419163,0.7612275449101796,0.049594928
FOODS_3_323,FOODS_3,481,366,1742.0,3.6216216,10,49,2,2.4730146,0.05754218,0.014553014553014554,0.760914760914761,0.023268031
FOODS_1_023,FOODS_1,1027,781,11253.0,10.957157,10,126,15,5.919552,0.5963866,0.10126582278481013,0.7604673807205453,0.100748606
HOBBIES_1_116,HOBBIES_1,663,504,1998.0,3.0135746,10,77,1,6.47,0.0,0.0,0.7601809954751131,0.0
HOBBIES_1_144,HOBBIES_1,1380,1049,4838.0,3.5057971,10,139,7,11.299912,0.5552403,0.02391304347826087,0.7601449275362319,0.049136687
FOODS_2_115,FOODS_2,25,19,116.0,4.64,6,5,1,7.44,0.0,0.0,0.76,0.0
HOUSEHOLD_2_071,HOUSEHOLD_2,1337,1016,3677.0,2.750187,10,139,4,6.3918395,0.2611901,0.028421839940164548,0.7599102468212415,0.040863056
HOUSEHOLD_1_488,HOUSEHOLD_1,1295,984,9918.0,7.658687,10,139,2,9.949883,0.17097205,0.010038610038610039,0.7598455598455598,0.017183322
FOODS_2_331,FOODS_2,820,623,3143.0,3.8329268,10,86,8,2.7849636,0.16614826,0.01707317073170732,0.7597560975609756,0.05965904
FOODS_3_222,FOODS_3,1367,1038,6253.0,4.57425,10,138,5,3.996635,0.17785145,0.09948792977322604,0.75932699341624,0.0445003
HOBBIES_1_026,HOBBIES_1,83,63,211.0,2.5421686,8,20,2,17.904095,0.6004104,0.012048192771084338,0.7590361445783133,0.03353481
FOODS_3_522,FOODS_3,1275,967,4137.0,3.244706,10,139,7,2.5183609,0.1882066,0.011764705882352941,0.7584313725490196,0.07473377
HOUSEHOLD_1_399,HOUSEHOLD_1,1132,858,25987.0,22.956715,10,114,5,1.0681537,0.03012854,0.00441696113074205,0.7579505300353356,0.028206185
FOODS_2_119,FOODS_2,1299,984,12062.0,9.2856045,10,139,7,2.491124,0.2471757,0.06004618937644342,0.7575057736720554,0.09922256
FOODS_3_550,FOODS_3,367,278,1779.0,4.8474116,10,37,3,2.9344416,0.12019861,0.0653950953678474,0.7574931880108992,0.04096132
FOODS_3_422,FOODS_3,1389,1052,17887.0,12.87761,10,139,6,2.151303,0.16228941,0.003599712023038157,0.7573794096472283,0.075437725
HOBBIES_1_199,HOBBIES_1,996,754,2529.0,2.5391567,9,118,4,3.4236348,0.102039725,0.0,0.7570281124497992,0.0298045
FOODS_3_627,FOODS_3,1258,952,4855.0,3.8593004,10,133,6,2.7894676,0.12002173,0.09141494435612083,0.7567567567567568,0.043026753
HOUSEHOLD_1_414,HOUSEHOLD_1,764,578,28895.0,37.820683,10,86,2,0.9574738,0.014804307,0.0,0.756544502617801,0.015461841
HOUSEHOLD_1_340,HOUSEHOLD_1,1386,1048,2695.0,1.9444444,10,139,3,4.9466667,0.08655467,0.0,0.7561327561327561,0.017497575
FOODS_3_362,FOODS_3,422,319,39317.0,93.16824,10,43,2,2.4864457,0.08295132,0.026066350710900472,0.7559241706161137,0.033361405
FOODS_3_089,FOODS_3,1339,1012,19982.0,14.923077,10,139,2,0.99969375,0.011204529,0.0007468259895444362,0.7557879014189693,0.0112079615
HOUSEHOLD_1_270,HOUSEHOLD_1,1343,1015,4456.0,3.317945,10,139,1,9.98,0.0,0.0,0.7557706626954579,0.0
FOODS_3_061,FOODS_3,360,272,1717.0,4.7694445,10,37,3,2.9361668,0.11462315,0.058333333333333334,0.7555555555555555,0.039038364
FOODS_3_531,FOODS_3,458,346,2275.0,4.967249,10,47,3,2.4663537,0.079929,0.028384279475982533,0.7554585152838428,0.03240776
HOUSEHOLD_2_324,HOUSEHOLD_2,1355,1022,3382.0,2.495941,10,139,5,14.263492,0.18880484,0.0007380073800738007,0.7542435424354244,0.01323693
FOODS_3_487,FOODS_3,402,303,10502.0,26.124378,3,139,2,1.5399503,0.049060997,0.0,0.753731343283582,0.03185882
HOBBIES_1_100,HOBBIES_1,1388,1046,3978.0,2.8659942,10,139,6,11.325865,0.3748832,0.018731988472622477,0.7536023054755043,0.03309974
FOODS_3_779,FOODS_3,385,290,1040.0,2.7012987,10,39,1,2.48,0.0,0.0,0.7532467532467533,0.0
FOODS_3_155,FOODS_3,1373,1034,11253.0,8.195921,10,139,4,1.9861325,0.1496935,0.0968681718863802,0.7530954115076475,0.07536934
HOUSEHOLD_1_408,HOUSEHOLD_1,1388,1045,10037.0,7.231268,10,139,5,5.6833215,0.20532005,0.09438040345821326,0.7528818443804035,0.03612677
FOODS_1_039,FOODS_1,574,432,1744.0,3.0383275,10,63,1,2.48,0.0,0.0,0.7526132404181185,0.0
FOODS_1_140,FOODS_1,1390,1046,4392.0,3.1597123,10,139,6,6.8772087,0.23891336,0.0057553956834532375,0.7525179856115108,0.034739874
FOODS_2_399,FOODS_2,1234,928,13041.0,10.568071,10,139,5,1.942812,0.05907879,0.011345218800648298,0.7520259319286872,0.030408908
FOODS_3_660,FOODS_3,1375,1034,11035.0,8.0254545,10,139,5,1.4052509,0.069921404,0.029818181818181817,0.752,0.04975724
HOUSEHOLD_1_089,HOUSEHOLD_1,1312,986,3959.0,3.0175304,10,139,6,5.0122404,0.24378628,0.003048780487804878,0.7515243902439024,0.048638184
FOODS_1_180,FOODS_1,1374,1032,7369.0,5.363173,10,139,3,9.39674,0.3776388,0.000727802037845706,0.7510917030567685,0.040188275
FOODS_3_784,FOODS_3,1390,1044,12163.0,8.75036,10,139,10,1.2259856,0.15866251,0.14532374100719425,0.7510791366906475,0.12941629
FOODS_3_207,FOODS_3,1390,1044,14102.0,10.145324,10,139,6,1.9842879,0.15299283,0.10143884892086331,0.7510791366906475,0.07710213
HOUSEHOLD_1_065,HOUSEHOLD_1,919,690,4557.0,4.9586506,10,123,1,0.98,0.0,0.0,0.750816104461371,0.0
FOODS_2_053,FOODS_2,1058,794,2857.0,2.7003782,9,139,3,7.0295467,0.18890713,0.001890359168241966,0.7504725897920604,0.026873302
HOBBIES_1_391,HOBBIES_1,841,631,1858.0,2.2092748,10,86,1,3.88,0.0,0.0,0.7502972651605232,0.0
FOODS_3_211,FOODS_3,1072,804,6919.0,6.454291,10,139,6,4.245597,0.46079704,0.03731343283582089,0.75,0.10853528
HOBBIES_2_035,HOBBIES_2,4,3,5.0,1.25,2,2,1,3.97,0.0,0.0,0.75,0.0
FOODS_1_044,FOODS_1,1390,1042,19232.0,13.835971,10,139,4,2.7308345,0.10037091,0.020863309352517987,0.7496402877697842,0.036754664
HOUSEHOLD_2_193,HOUSEHOLD_2,1390,1042,5253.0,3.7791367,10,139,3,4.9308634,0.15259211,0.0035971223021582736,0.7496402877697842,0.030946326
HOBBIES_1_297,HOBBIES_1,1360,1019,5517.0,4.0566177,10,139,8,15.049853,0.5037927,0.0014705882352941176,0.7492647058823529,0.033474926
FOODS_3_321,FOODS_3,315,236,1803.0,5.7238097,9,94,5,1.2714286,0.054499958,0.050793650793650794,0.7492063492063492,0.042865135
FOODS_3_380,FOODS_3,1387,1039,2835.0,2.04398,10,139,3,2.0033598,0.04350398,0.0,0.749098774333093,0.02171551
HOBBIES_1_244,HOBBIES_1,1314,984,31099.0,23.667427,10,139,4,0.48318115,0.024057288,0.14535768645357686,0.7488584474885844,0.049789377
HOBBIES_1_414,HOBBIES_1,1379,1032,5375.0,3.897752,10,139,3,7.0981655,0.19198042,0.002175489485134155,0.7483683828861494,0.027046485
HOBBIES_2_063,HOBBIES_2,655,490,1417.0,2.1633587,10,77,2,0.9567176,0.033964433,0.0,0.7480916030534351,0.035501
FOODS_3_515,FOODS_3,242,181,1858.0,7.6776857,10,25,2,2.8721488,0.054165993,0.02066115702479339,0.7479338842975206,0.01885905
FOODS_2_184,FOODS_2,995,744,13288.0,13.3547735,9,135,8,5.054231,0.2026055,0.01407035175879397,0.7477386934673367,0.040086314
FOODS_3_272,FOODS_3,539,403,1354.0,2.5120595,10,80,1,8.98,0.0,0.0,0.7476808905380334,0.0
FOODS_3_426,FOODS_3,368,275,1963.0,5.334239,10,37,5,2.9330978,0.13800119,0.0625,0.7472826086956522,0.047049638
FOODS_2_136,FOODS_2,688,514,3849.0,5.5944767,7,139,7,2.8819187,0.16153862,0.040697674418604654,0.747093023255814,0.056052454
FOODS_1_029,FOODS_1,1166,871,2687.0,2.3044598,9,131,7,3.8175213,0.49386948,0.015437392795883362,0.7469982847341338,0.12936915
FOODS_3_175,FOODS_3,1272,950,6342.0,4.985849,10,132,3,7.06728,0.22378369,0.0007861635220125787,0.7468553459119497,0.031664755
HOBBIES_1_363,HOBBIES_1,1387,1035,3362.0,2.4239366,10,139,6,2.8303244,0.037131626,0.0007209805335255948,0.7462148521989906,0.013119212
HOUSEHOLD_2_443,HOUSEHOLD_2,1390,1037,3323.0,2.3906474,10,139,4,4.6628346,0.04986834,0.00935251798561151,0.746043165467626,0.010694855
FOODS_2_218,FOODS_2,1168,871,3332.0,2.8527398,10,139,11,3.7029364,0.20331992,0.15753424657534246,0.7457191780821918,0.054907754
FOODS_2_170,FOODS_2,1223,912,14893.0,12.177433,10,124,6,2.9057317,0.10317356,0.017988552739165987,0.7457072771872445,0.03550691
HOBBIES_1_335,HOBBIES_1,655,488,4989.0,7.616794,10,66,4,12.489603,0.39366335,0.0030534351145038168,0.7450381679389313,0.031519283
FOODS_2_291,FOODS_2,1234,918,16617.0,13.465964,10,139,6,7.0043597,0.31419066,0.04051863857374392,0.7439222042139384,0.04485644
HOBBIES_1_170,HOBBIES_1,78,58,111.0,1.4230769,7,23,1,17.97,0.0,0.0,0.7435897435897436,0.0
FOODS_3_066,FOODS_3,799,594,10283.0,12.869838,10,80,2,3.0779977,0.14078544,0.06508135168961202,0.7434292866082604,0.045739293
HOUSEHOLD_2_316,HOUSEHOLD_2,1387,1031,2806.0,2.0230713,10,139,8,7.246042,0.18779723,0.01658255227108868,0.7433309300648883,0.025917217
HOUSEHOLD_1_288,HOUSEHOLD_1,849,631,3922.0,4.6195526,10,86,3,8.407609,0.2073703,0.10836277974087162,0.7432273262661955,0.024664598
HOUSEHOLD_1_219,HOUSEHOLD_1,731,543,4734.0,6.4760604,10,86,3,6.9154444,0.21041293,0.106703146374829,0.7428180574555403,0.030426525
HOUSEHOLD_2_064,HOUSEHOLD_2,1339,994,3677.0,2.7460792,10,139,1,3.87,0.0,0.0,0.7423450336071695,0.0
FOODS_2_344,FOODS_2,1125,835,7186.0,6.3875556,10,139,8,2.7557778,0.2642165,0.09866666666666667,0.7422222222222222,0.09587729
FOODS_3_719,FOODS_3,824,611,8911.0,10.814321,10,84,5,2.2439563,0.108337164,0.0012135922330097086,0.741504854368932,0.04827953
HOBBIES_1_404,HOBBIES_1,1329,985,33193.0,24.975922,10,139,4,0.4832807,0.023999503,0.145221971407073,0.7411587659894657,0.049659554
FOODS_1_101,FOODS_1,1367,1013,4735.0,3.4637892,10,139,2,1.9692904,0.026235389,0.000731528895391368,0.7410387710314558,0.013322255
FOODS_2_366,FOODS_2,832,616,3010.0,3.6177886,9,105,8,2.7324998,0.31742877,0.13942307692307693,0.7403846153846154,0.1161679
HOUSEHOLD_1_329,HOUSEHOLD_1,843,624,5454.0,6.469751,10,88,3,4.963535,0.13323164,0.002372479240806643,0.7402135231316725,0.026842088
FOODS_3_398,FOODS_3,1390,1028,9347.0,6.7244606,10,139,4,6.056403,0.5857474,0.00935251798561151,0.739568345323741,0.0967154
HOUSEHOLD_2_079,HOUSEHOLD_2,1317,974,2274.0,1.7266514,10,139,3,4.484024,0.085061535,0.010630220197418374,0.7395596051632498,0.01896991
HOUSEHOLD_1_531,HOUSEHOLD_1,1139,842,5566.0,4.8867426,10,123,5,8.626874,0.5935085,0.17120280948200176,0.7392449517120281,0.06879763
FOODS_1_069,FOODS_1,1330,983,9586.0,7.2075186,10,139,4,2.4440527,0.10421751,0.0015037593984962407,0.7390977443609023,0.042641267
HOUSEHOLD_2_119,HOUSEHOLD_2,1325,979,3339.0,2.52,10,134,1,5.84,0.0,0.0,0.7388679245283019,0.0
HOBBIES_1_002,HOBBIES_1,1289,952,2549.0,1.977502,10,134,1,3.97,0.0,0.0,0.7385570209464701,0.0
HOUSEHOLD_1_191,HOUSEHOLD_1,1390,1026,32918.0,23.682014,10,139,7,3.3164032,0.10494273,0.011510791366906475,0.7381294964028777,0.03164354
HOUSEHOLD_1_035,HOUSEHOLD_1,904,667,2773.0,3.067478,10,120,4,4.613595,0.1724182,0.011061946902654867,0.7378318584070797,0.03737177
HOUSEHOLD_1_276,HOUSEHOLD_1,1144,844,1794.0,1.5681819,10,117,3,16.193287,0.88079524,0.0026223776223776225,0.7377622377622378,0.054392617
FOODS_2_195,FOODS_2,1077,794,3642.0,3.3816156,9,139,13,3.0438998,0.28995228,0.0733519034354689,0.7372330547818013,0.09525684
FOODS_2_233,FOODS_2,1225,903,23260.0,18.987755,10,139,9,4.3087835,0.42489183,0.0,0.7371428571428571,0.098610625
FOODS_1_151,FOODS_1,350,258,971.0,2.7742858,10,38,2,10.891428,0.2845309,0.0,0.7371428571428571,0.026124299
HOBBIES_1_265,HOBBIES_1,653,481,1715.0,2.62634,9,75,1,3.9699998,0.0,0.0,0.7366003062787136,0.0
HOBBIES_1_169,HOBBIES_1,1313,967,22752.0,17.328257,10,139,6,0.5392155,0.064822055,0.027418126428027417,0.7364813404417365,0.12021549
FOODS_3_349,FOODS_3,1171,862,30665.0,26.18702,9,139,3,1.475901,0.06445251,0.0,0.7361229718189581,0.04366994
FOODS_2_160,FOODS_2,1092,803,2178.0,1.9945055,9,139,5,2.7738278,0.24407034,0.010073260073260074,0.7353479853479854,0.08799044
FOODS_3_148,FOODS_3,1390,1022,24160.0,17.381294,10,139,8,1.0888274,0.10213129,0.3043165467625899,0.7352517985611511,0.093799345
FOODS_2_297,FOODS_2,1152,847,12019.0,10.43316,9,138,9,3.4566755,0.22283301,0.25,0.7352430555555556,0.06446454
HOUSEHOLD_2_273,HOUSEHOLD_2,1384,1017,3431.0,2.4790463,10,139,3,5.282326,0.093673736,0.01083815028901734,0.7348265895953757,0.017733425
FOODS_2_299,FOODS_2,1218,895,18367.0,15.0796385,9,139,9,1.9511905,0.099664085,0.03201970443349754,0.7348111658456487,0.051078603
FOODS_3_162,FOODS_3,1261,926,10363.0,8.2180805,10,139,4,1.9783345,0.14991668,0.09278350515463918,0.7343378271213322,0.07577924
HOUSEHOLD_2_170,HOUSEHOLD_2,1376,1010,3843.0,2.792878,10,139,3,1.5012718,0.036853243,0.00944767441860465,0.7340116279069767,0.024548015
HOUSEHOLD_1_206,HOUSEHOLD_1,1387,1018,3129.0,2.255948,10,139,4,4.81049,0.23566817,0.0007209805335255948,0.7339581831290555,0.04899047
HOUSEHOLD_1_310,HOUSEHOLD_1,1390,1020,16957.0,12.199281,10,139,3,7.8686833,0.19821313,0.09712230215827339,0.7338129496402878,0.025190126
FOODS_2_022,FOODS_2,1093,802,8856.0,8.10247,9,139,4,7.055554,0.17335983,0.0054894784995425435,0.7337602927721867,0.02457069
FOODS_2_072,FOODS_2,1074,788,6019.0,5.604283,9,139,8,2.7427096,0.27257878,0.10335195530726257,0.7337057728119181,0.09938303
FOODS_3_427,FOODS_3,424,311,1564.0,3.6886792,10,43,2,2.4686792,0.07292699,0.02358490566037736,0.7334905660377359,0.029540895
FOODS_3_183,FOODS_3,1264,927,7706.0,6.096519,10,134,2,3.0227215,0.10488101,0.0925632911392405,0.7333860759493671,0.034697544
FOODS_1_136,FOODS_1,1389,1018,3673.0,2.6443484,10,139,4,4.598013,0.29403758,0.0014398848092152627,0.7329013678905687,0.06394884
FOODS_2_092,FOODS_2,1153,845,9591.0,8.3183,9,138,9,3.4360192,0.27727664,0.25498699045967044,0.7328707718993929,0.08069706
HOUSEHOLD_2_277,HOUSEHOLD_2,273,200,582.0,2.1318681,10,43,2,3.3251283,0.08049526,0.003663003663003663,0.7326007326007326,0.024208168
HOUSEHOLD_2_471,HOUSEHOLD_2,1387,1016,3676.0,2.6503243,10,139,4,2.9612184,0.029904129,0.010093727469358327,0.7325162220620043,0.01009859
FOODS_1_087,FOODS_1,1075,787,13308.0,12.379535,10,126,16,5.991293,0.7290262,0.09674418604651162,0.7320930232558139,0.121680945
FOODS_1_015,FOODS_1,1294,947,7631.0,5.8972178,10,137,11,3.0144203,0.2848127,0.14992272024729522,0.731839258114374,0.094483405
FOODS_1_205,FOODS_1,727,532,2861.0,3.9353507,9,82,2,4.7366986,0.051319715,0.001375515818431912,0.7317744154057771,0.01083449
HOBBIES_1_088,HOBBIES_1,1386,1014,3152.0,2.2741702,10,139,1,2.57,0.0,0.0,0.7316017316017316,0.0
FOODS_1_138,FOODS_1,1389,1016,6711.0,4.8315334,10,139,4,2.4295466,0.124688685,0.012958963282937365,0.7314614830813535,0.051321793
HOUSEHOLD_2_256,HOUSEHOLD_2,1361,995,6984.0,5.1315207,10,139,5,5.736613,0.17963217,0.12417340191036003,0.7310800881704629,0.03131328
HOUSEHOLD_1_211,HOUSEHOLD_1,1387,1013,5020.0,3.6193223,10,139,4,3.8781543,0.08652285,0.018745493871665464,0.7303532804614276,0.022310317
FOODS_2_101,FOODS_2,1053,769,7144.0,6.7844253,10,139,3,5.95622,0.10510426,0.0835707502374169,0.7302943969610636,0.017646134
FOODS_3_297,FOODS_3,222,162,848.0,3.81982,10,25,2,2.8680182,0.06655479,0.03153153153153153,0.7297297297297297,0.023205848
FOODS_2_348,FOODS_2,1043,761,4260.0,4.084372,9,139,4,5.944995,0.23975809,0.08916586768935762,0.7296260786193672,0.0403294
HOUSEHOLD_1_017,HOUSEHOLD_1,869,634,5446.0,6.2669735,10,88,4,4.941991,0.29604155,0.009205983889528193,0.7295742232451093,0.059903298
FOODS_3_805,FOODS_3,1249,911,17079.0,13.674139,10,135,1,1.0,0.0,0.0,0.7293835068054444,0.0
FOODS_3_102,FOODS_3,1377,1004,12332.0,8.955701,10,139,5,1.985679,0.15202127,0.08932461873638345,0.729121278140886,0.076558836
FOODS_3_182,FOODS_3,1376,1003,10618.0,7.71657,10,139,5,1.9752907,0.14646351,0.09084302325581395,0.7289244186046512,0.07414783
HOUSEHOLD_1_004,HOUSEHOLD_1,1388,1011,13650.0,9.834294,10,139,3,2.1572695,0.21580037,0.028097982708933718,0.728386167146974,0.100034036
FOODS_3_781,FOODS_3,1249,909,8894.0,7.120897,9,139,8,2.3203843,0.336063,0.041633306645316254,0.7277822257806245,0.14483075
HOUSEHOLD_1_367,HOUSEHOLD_1,1292,940,1999.0,1.5472137,10,131,1,3.9700003,0.0,0.0,0.7275541795665634,0.0
HOUSEHOLD_2_143,HOUSEHOLD_2,1387,1009,2879.0,2.075703,10,139,6,6.4583564,0.16934142,0.0136986301369863,0.7274693583273252,0.026220514
HOUSEHOLD_2_457,HOUSEHOLD_2,1390,1011,3812.0,2.742446,10,139,4,6.4628057,0.19391027,0.016546762589928057,0.7273381294964029,0.030004038
HOBBIES_1_165,HOBBIES_1,1144,832,2450.0,2.1416085,10,128,1,4.97,0.0,0.0,0.7272727272727273,0.0
HOBBIES_1_220,HOBBIES_1,1361,989,3910.0,2.8728876,10,139,5,3.100507,0.10384711,0.06759735488611315,0.7266715650257164,0.03349359
HOUSEHOLD_2_016,HOUSEHOLD_2,1368,994,3934.0,2.875731,10,139,4,1.8750658,0.03386356,0.019005847953216373,0.7266081871345029,0.018059932
FOODS_2_163,FOODS_2,1013,736,3964.0,3.9131293,9,139,6,2.7548864,0.25596502,0.09575518262586377,0.7265547877591313,0.0929131
FOODS_2_383,FOODS_2,223,162,2372.0,10.636771,8,32,1,1.88,0.0,0.0,0.726457399103139,0.0
FOODS_3_397,FOODS_3,1378,1001,3099.0,2.2489114,10,139,5,1.9979317,0.05796727,0.009433962264150943,0.7264150943396226,0.02901364
HOBBIES_1_293,HOBBIES_1,1144,831,2017.0,1.7631118,10,115,2,3.5432868,0.18980595,0.0,0.7263986013986014,0.053567763
HOUSEHOLD_1_341,HOUSEHOLD_1,1121,814,4931.0,4.3987513,10,114,5,4.8219714,0.17258061,0.1079393398751115,0.7261373773416593,0.03579047
HOBBIES_1_060,HOBBIES_1,639,464,878.0,1.3740219,10,65,5,29.933691,1.3676836,0.001564945226917058,0.7261345852895149,0.045690443
FOODS_3_059,FOODS_3,1287,934,24676.0,19.173271,10,139,7,2.1501632,0.16676845,0.009324009324009324,0.7257187257187258,0.077560835
HOUSEHOLD_1_062,HOUSEHOLD_1,1166,846,9329.0,8.000857,9,139,1,4.98,0.0,0.0,0.725557461406518,0.0
FOODS_3_645,FOODS_3,1390,1008,10964.0,7.8877697,10,139,6,2.339036,0.25808278,0.19568345323741007,0.7251798561151079,0.11033724
FOODS_1_127,FOODS_1,1389,1007,11209.0,8.069835,10,139,6,1.9147012,0.0662075,0.023758099352051837,0.7249820014398848,0.034578502
HOUSEHOLD_2_247,HOUSEHOLD_2,1384,1003,3492.0,2.5231214,10,139,3,3.9689162,0.11264382,0.015173410404624277,0.7247109826589595,0.028381508
HOBBIES_2_103,HOBBIES_2,1344,974,2483.0,1.8474703,10,139,4,2.7096057,0.25488627,0.001488095238095238,0.7247023809523809,0.09406766
FOODS_2_198,FOODS_2,1095,793,10958.0,10.007306,9,139,4,9.69706,0.29458448,0.047488584474885846,0.7242009132420091,0.030378742
HOUSEHOLD_2_209,HOUSEHOLD_2,1374,995,2626.0,1.9112082,10,139,4,8.466477,0.16455983,0.001455604075691412,0.7241630276564774,0.019436635
FOODS_1_109,FOODS_1,627,454,3205.0,5.111643,10,64,3,2.20815,0.09304276,0.001594896331738437,0.7240829346092504,0.04213607
HOUSEHOLD_2_178,HOUSEHOLD_2,1293,936,3781.0,2.9242072,10,131,4,7.05314,1.80328,0.01160092807424594,0.7238979118329466,0.25567052
FOODS_2_313,FOODS_2,869,629,1807.0,2.0794015,9,110,2,8.65809,0.056311637,0.0011507479861910242,0.7238204833141542,0.006503933
HOUSEHOLD_2_003,HOUSEHOLD_2,1386,1001,4294.0,3.098124,10,139,5,9.481544,0.23739457,0.023809523809523808,0.7222222222222222,0.025037546
HOBBIES_1_362,HOBBIES_1,18,13,34.0,1.8888888,7,4,1,9.98,0.0,0.0,0.7222222222222222,0.0
HOBBIES_1_128,HOBBIES_1,1379,995,2442.0,1.7708484,10,139,8,8.491734,0.37591863,0.0029006526468455403,0.7215373459028281,0.044268772
HOUSEHOLD_1_462,HOUSEHOLD_1,1190,858,15382.0,12.92605,10,139,5,2.1531932,0.22138609,0.03865546218487395,0.7210084033613445,0.102817565
HOBBIES_1_187,HOBBIES_1,1378,993,2731.0,1.9818578,10,139,7,7.0156384,0.17814875,0.0,0.7206095791001451,0.025393091
FOODS_2_190,FOODS_2,1091,786,4119.0,3.7754354,9,139,7,2.7569938,0.2544008,0.09440879926672777,0.7204399633363886,0.0922747
HOBBIES_2_107,HOBBIES_2,733,528,1394.0,1.9017736,10,77,2,0.5650341,0.013198996,0.0,0.7203274215552524,0.023359645
HOUSEHOLD_1_039,HOUSEHOLD_1,1318,949,12512.0,9.493172,10,132,5,2.8642566,0.18348522,0.0030349013657056147,0.720030349013657,0.06406033
FOODS_2_036,FOODS_2,1291,929,18622.0,14.424478,10,138,8,3.4513557,0.22142202,0.238574748257165,0.7195972114639814,0.06415509
HOUSEHOLD_1_298,HOUSEHOLD_1,811,583,2782.0,3.430333,10,83,3,3.6238225,0.44926023,0.016029593094944512,0.718865598027127,0.12397413
FOODS_3_653,FOODS_3,384,276,3223.0,8.3932295,9,53,2,3.9735155,0.12706728,0.0026041666666666665,0.71875,0.031978555
FOODS_2_212,FOODS_2,1076,773,16118.0,14.979554,9,139,9,4.4931316,0.398873,0.024163568773234202,0.7184014869888475,0.08877394
HOUSEHOLD_2_507,HOUSEHOLD_2,1372,985,5340.0,3.8921282,10,138,3,6.966356,0.10313035,0.016763848396501458,0.717930029154519,0.01480406
FOODS_3_293,FOODS_3,1268,910,6628.0,5.2271295,10,139,4,1.9734701,0.15094426,0.08517350157728706,0.7176656151419558,0.07648672
HOBBIES_1_069,HOBBIES_1,764,548,1499.0,1.9620419,9,96,4,13.592435,0.38222626,0.005235602094240838,0.7172774869109948,0.028120514
FOODS_1_012,FOODS_1,1169,838,31223.0,26.709152,10,126,16,6.16527,0.9161852,0.11120615911035073,0.716852010265184,0.14860423
FOODS_3_606,FOODS_3,233,167,1282.0,5.502146,10,24,2,2.8718455,0.05518413,0.02145922746781116,0.7167381974248928,0.019215563
FOODS_1_105,FOODS_1,806,577,4556.0,5.6526055,10,93,5,1.8596774,0.13170415,0.022332506203473945,0.7158808933002482,0.070820965
HOBBIES_2_120,HOBBIES_2,1389,994,3539.0,2.5478761,10,139,4,2.3882,0.19027944,0.08495320374370051,0.7156227501799856,0.07967483
FOODS_3_082,FOODS_3,1308,936,11193.0,8.55734,10,139,4,1.9857646,0.15074857,0.10321100917431193,0.7155963302752294,0.07591462
FOODS_1_169,FOODS_1,629,450,3562.0,5.662957,10,68,2,3.1126869,0.23489241,0.1192368839427663,0.7154213036565977,0.07546291
HOUSEHOLD_2_257,HOUSEHOLD_2,1377,985,5233.0,3.8002906,10,139,5,5.920944,0.15477991,0.020334059549745823,0.7153231663035584,0.026141087
FOODS_3_025,FOODS_3,1249,893,4752.0,3.8046436,10,139,1,2.88,0.0,0.0,0.7149719775820657,0.0
FOODS_1_073,FOODS_1,1381,987,5893.0,4.2671976,10,139,5,1.9160609,0.060687933,0.02389572773352643,0.7146994931209268,0.03167328
HOUSEHOLD_2_207,HOUSEHOLD_2,1388,992,2832.0,2.040346,10,139,4,6.492694,0.16185464,0.010086455331412104,0.7146974063400576,0.024928734
HOBBIES_1_253,HOBBIES_1,14,10,24.0,1.7142857,8,3,1,12.78,0.0,0.0,0.7142857142857143,0.0
HOUSEHOLD_1_229,HOUSEHOLD_1,1311,936,2771.0,2.1136537,10,133,3,2.8929977,0.10284845,0.0,0.7139588100686499,0.03555082
FOODS_3_474,FOODS_3,768,548,38923.0,50.68099,10,87,3,1.8457422,0.047804166,0.0013020833333333333,0.7135416666666666,0.025899697
HOUSEHOLD_2_284,HOUSEHOLD_2,1389,991,4905.0,3.5313175,10,139,8,6.4550753,0.36085683,0.037437005039596835,0.7134629229661628,0.05590281
FOODS_2_006,FOODS_2,600,428,884.0,1.4733334,9,77,5,9.726399,0.39371613,0.04,0.7133333333333334,0.040479124
HOUSEHOLD_2_241,HOUSEHOLD_2,1365,973,3394.0,2.4864469,10,139,3,4.9928207,0.16806132,0.01611721611721612,0.7128205128205128,0.033660594
HOBBIES_2_089,HOBBIES_2,1333,950,3337.0,2.5033758,10,134,2,2.968522,0.053957418,0.0007501875468867217,0.7126781695423856,0.018176526
FOODS_3_742,FOODS_3,1225,873,19280.0,15.738775,10,139,6,1.1875265,0.12050142,0.21387755102040817,0.7126530612244898,0.101472616
FOODS_2_208,FOODS_2,1318,939,5778.0,4.383915,10,139,10,7.003718,0.280924,0.03717754172989378,0.712443095599393,0.040110696
FOODS_3_312,FOODS_3,229,163,897.0,3.9170306,10,25,2,2.8766813,0.035434514,0.008733624454148471,0.7117903930131004,0.012317845
HOBBIES_1_273,HOBBIES_1,1387,987,2167.0,1.5623648,10,139,10,11.697996,0.7562371,0.0,0.7116077865897621,0.06464672
HOBBIES_2_003,HOBBIES_2,1321,940,2473.0,1.8720666,10,135,1,1.9700001,0.0,0.0,0.7115821347464042,0.0
FOODS_2_224,FOODS_2,1040,740,3558.0,3.4211538,9,133,6,5.852173,0.33282253,0.013461538461538462,0.7115384615384616,0.056871615
FOODS_1_037,FOODS_1,1334,949,11155.0,8.362069,10,139,9,3.052991,0.2684511,0.13493253373313344,0.7113943028485757,0.08793052
HOUSEHOLD_2_337,HOUSEHOLD_2,1389,988,2413.0,1.737221,10,139,4,6.4921236,0.22013398,0.010079193664506839,0.7113030957523399,0.033907853
HOUSEHOLD_2_048,HOUSEHOLD_2,1385,985,2610.0,1.8844765,10,139,3,3.55709,0.16165191,0.006498194945848376,0.7111913357400722,0.045444988
FOODS_3_112,FOODS_3,630,448,4024.0,6.3873014,10,118,1,2.98,0.0,0.0,0.7111111111111111,0.0
HOUSEHOLD_2_321,HOUSEHOLD_2,1390,988,3496.0,2.5151079,10,139,4,5.2818418,0.09626159,0.013669064748201438,0.7107913669064748,0.018225005
HOBBIES_1_316,HOBBIES_1,612,435,5567.0,9.096405,10,73,1,0.93999994,0.0,0.0,0.7107843137254902,0.0
HOUSEHOLD_1_529,HOUSEHOLD_1,325,231,2446.0,7.526154,10,115,3,2.9394155,0.056595564,0.0,0.7107692307692308,0.01925402
HOUSEHOLD_1_085,HOUSEHOLD_1,865,614,1301.0,1.5040462,10,87,5,16.397377,0.5559789,0.003468208092485549,0.7098265895953757,0.033906575
FOODS_3_721,FOODS_3,1364,968,12186.0,8.934017,10,139,5,1.9859531,0.14792989,0.08870967741935484,0.7096774193548387,0.07448811
HOBBIES_1_243,HOBBIES_1,203,144,388.0,1.9113301,9,25,1,13.880001,0.0,0.0,0.7093596059113301,0.0
FOODS_3_607,FOODS_3,870,617,66177.0,76.06551,10,87,7,2.3480575,0.16927183,0.21264367816091953,0.7091954022988506,0.07209016
HOUSEHOLD_2_444,HOUSEHOLD_2,1357,962,3353.0,2.4708917,10,139,4,6.404561,0.26517242,0.02800294767870302,0.7089167280766396,0.041403685
FOODS_2_273,FOODS_2,538,381,1227.0,2.2806692,7,88,7,2.7778068,0.21267828,0.011152416356877323,0.70817843866171,0.07656338
HOUSEHOLD_2_133,HOUSEHOLD_2,1373,972,2892.0,2.1063366,10,138,7,4.9567075,0.17173551,0.0065549890750182084,0.7079388201019665,0.034647092
FOODS_1_030,FOODS_1,1332,942,4896.0,3.6756756,10,139,10,3.0127702,0.27188614,0.13213213213213212,0.7072072072072072,0.09024457
HOUSEHOLD_1_482,HOUSEHOLD_1,1222,864,8268.0,6.7659574,10,139,2,3.333846,0.04987233,0.0,0.707037643207856,0.014959399
FOODS_3_421,FOODS_3,450,318,1571.0,3.491111,10,48,1,2.48,0.0,0.0,0.7066666666666667,0.0
FOODS_3_623,FOODS_3,334,236,1207.0,3.6137724,10,37,6,2.9223952,0.17182018,0.0688622754491018,0.7065868263473054,0.058794297
HOUSEHOLD_1_499,HOUSEHOLD_1,647,457,2679.0,4.1406493,10,65,5,3.944946,0.12940668,0.023183925811437404,0.7063369397217929,0.032803155
HOUSEHOLD_1_466,HOUSEHOLD_1,102,72,157.0,1.5392157,10,12,2,3.9665687,0.03465518,0.0,0.7058823529411765,0.008736815
HOUSEHOLD_1_258,HOUSEHOLD_1,85,60,116.0,1.3647059,9,11,2,2.9514117,0.17137507,0.011764705882352941,0.7058823529411765,0.058065455
FOODS_3_774,FOODS_3,1244,878,4834.0,3.885852,10,128,5,6.1720095,0.47486812,0.01045016077170418,0.7057877813504824,0.07693898
HOUSEHOLD_1_170,HOUSEHOLD_1,788,556,5394.0,6.8451777,10,112,1,1.9599999,0.0,0.0,0.7055837563451777,0.0
FOODS_3_287,FOODS_3,1290,910,5782.0,4.4821706,10,130,5,6.1292324,0.51921296,0.010852713178294573,0.7054263565891473,0.084710926
HOBBIES_1_406,HOBBIES_1,1385,977,2669.0,1.9270759,10,139,1,3.88,0.0,0.0,0.7054151624548737,0.0
FOODS_3_093,FOODS_3,1231,868,32299.0,26.238018,10,139,6,2.1224697,0.16601814,0.00974817221770918,0.7051177904142973,0.078219324
HOUSEHOLD_1_006,HOUSEHOLD_1,1339,944,6574.0,4.909634,10,137,6,6.9551454,0.24648142,0.0037341299477221808,0.7050037341299478,0.035438716
HOUSEHOLD_2_113,HOUSEHOLD_2,1364,961,3410.0,2.5,10,139,2,1.8843255,0.020350555,0.010263929618768328,0.7045454545454546,0.010799915
HOUSEHOLD_2_090,HOUSEHOLD_2,1388,977,3701.0,2.6664264,10,139,5,5.959128,0.17079955,0.005043227665706052,0.7038904899135446,0.028661838
HOBBIES_1_315,HOBBIES_1,1337,941,2191.0,1.6387434,10,139,2,3.7715707,0.42571422,0.0,0.7038145100972326,0.112874515
FOODS_3_637,FOODS_3,368,259,1151.0,3.1277175,10,37,3,2.9342937,0.12006828,0.06521739130434782,0.7038043478260869,0.040918972
FOODS_2_378,FOODS_2,1234,868,3979.0,3.2244732,10,139,9,3.385081,0.2110412,0.0024311183144246355,0.7034035656401945,0.062344503
HOUSEHOLD_2_163,HOUSEHOLD_2,1362,958,2609.0,1.9155654,10,139,2,7.997063,0.10838556,0.0007342143906020558,0.7033773861967695,0.0135531705
HOUSEHOLD_1_152,HOUSEHOLD_1,165,116,310.0,1.8787879,7,25,2,9.955757,0.15426913,0.024242424242424242,0.703030303030303,0.015495469
FOODS_2_012,FOODS_2,1094,769,2769.0,2.5310786,9,139,8,3.0341775,0.17201461,0.06489945155393052,0.7029250457038391,0.056692336
HOUSEHOLD_2_377,HOUSEHOLD_2,1371,963,2776.0,2.0247993,10,139,8,4.946586,0.23297319,0.011670313639679067,0.7024070021881839,0.047097772
FOODS_1_034,FOODS_1,1260,885,2366.0,1.8777778,10,129,15,6.545135,1.1356047,0.04206349206349207,0.7023809523809523,0.17350364
HOUSEHOLD_2_271,HOUSEHOLD_2,1349,946,2287.0,1.6953299,10,139,6,4.5584803,0.20811547,0.012601927353595256,0.7012601927353596,0.045654573
FOODS_2_076,FOODS_2,1354,949,3546.0,2.618907,10,139,11,9.64562,0.5864565,0.012555391432791729,0.7008862629246676,0.060800288
FOODS_2_339,FOODS_2,1291,904,8990.0,6.963594,10,138,9,3.4402092,0.24698094,0.2587141750580945,0.7002323780015491,0.071792416
FOODS_3_001,FOODS_3,1300,910,5564.0,4.28,10,139,6,2.4352539,0.24370539,0.03230769230769231,0.7,0.10007392
FOODS_3_236,FOODS_3,370,259,6060.0,16.378378,10,38,3,2.4831622,0.09209398,0.032432432432432434,0.7,0.03708738
FOODS_2_085,FOODS_2,1049,734,6619.0,6.3098187,9,133,10,3.5011249,0.31068635,0.16301239275500476,0.6997140133460439,0.08873901
FOODS_3_821,FOODS_3,213,149,606.0,2.8450704,9,27,1,4.98,0.0,0.0,0.6995305164319249,0.0
HOBBIES_1_013,HOBBIES_1,715,500,1531.0,2.1412587,10,74,1,1.97,0.0,0.0,0.6993006993006993,0.0
HOBBIES_1_407,HOBBIES_1,1389,971,7484.0,5.388049,10,139,4,2.6937869,0.3113683,0.019438444924406047,0.6990640748740101,0.11558757
FOODS_3_670,FOODS_3,1389,971,2920.0,2.1022317,10,139,4,2.0000143,0.047892135,0.005039596832253419,0.6990640748740101,0.023945896
FOODS_2_312,FOODS_2,514,359,1779.0,3.4610896,9,59,2,5.086226,0.13599744,0.011673151750972763,0.6984435797665369,0.026738381
HOUSEHOLD_2_332,HOUSEHOLD_2,1385,967,2242.0,1.6187725,10,139,7,6.455797,0.22194643,0.0555956678700361,0.6981949458483755,0.0343794
FOODS_3_636,FOODS_3,86,60,892.0,10.372093,9,11,1,3.5,0.0,0.0,0.6976744186046512,0.0
FOODS_3_374,FOODS_3,1011,705,4466.0,4.4174085,9,139,6,2.3194559,0.25104102,0.1671612265084075,0.6973293768545994,0.10823272
HOBBIES_1_279,HOBBIES_1,198,138,629.0,3.1767676,5,55,1,3.9799998,0.0,0.0,0.696969696969697,0.0
FOODS_2_126,FOODS_2,1161,809,5824.0,5.016365,9,139,10,4.477037,0.40453508,0.024117140396210164,0.6968130921619293,0.09035777
FOODS_3_654,FOODS_3,1180,822,18357.0,15.55678,9,139,3,1.4816949,0.055842776,0.0,0.6966101694915254,0.037688445
FOODS_3_264,FOODS_3,576,401,2225.0,3.8628473,6,139,3,3.8067365,0.17568882,0.0,0.6961805555555556,0.04615208
HOBBIES_1_419,HOBBIES_1,822,572,1669.0,2.0304136,10,85,1,5.98,0.0,0.0,0.6958637469586375,0.0
HOUSEHOLD_2_391,HOUSEHOLD_2,1389,966,2637.0,1.8984882,10,139,4,11.091988,0.60536885,0.0014398848092152627,0.6954643628509719,0.05457713
FOODS_2_202,FOODS_2,985,685,2455.0,2.4923859,9,139,9,3.0097158,0.45239127,0.1065989847715736,0.6954314720812182,0.1503103
HOUSEHOLD_2_023,HOUSEHOLD_2,325,226,571.0,1.7569231,10,76,1,3.97,0.0,0.0,0.6953846153846154,0.0
HOBBIES_2_139,HOBBIES_2,295,205,479.0,1.6237289,10,31,1,4.97,0.0,0.0,0.6949152542372882,0.0
HOUSEHOLD_1_050,HOUSEHOLD_1,59,41,592.0,10.033898,6,11,1,3.5,0.0,0.0,0.6949152542372882,0.0
FOODS_3_285,FOODS_3,1383,961,31068.0,22.464209,10,139,7,1.1834345,0.117748365,0.2118582791033984,0.6948662328271873,0.099497154
FOODS_3_134,FOODS_3,314,218,15788.0,50.280254,3,105,1,6.48,0.0,0.0,0.6942675159235668,0.0
HOUSEHOLD_1_139,HOUSEHOLD_1,85,59,144.0,1.6941177,10,11,1,4.98,0.0,0.0,0.6941176470588235,0.0
HOBBIES_1_234,HOBBIES_1,823,571,19875.0,24.149454,9,107,2,0.29538277,0.030053774,0.015795868772782502,0.6938031591737546,0.10174518
HOBBIES_1_296,HOBBIES_1,1387,959,3054.0,2.2018745,10,139,7,6.9542108,0.30952334,0.0007209805335255948,0.6914203316510454,0.044508766
FOODS_1_133,FOODS_1,1367,945,8643.0,6.322604,10,139,11,3.016035,0.26261568,0.12801755669348938,0.6912948061448427,0.087073155
FOODS_2_070,FOODS_2,434,300,5021.0,11.569124,8,55,4,5.50288,0.409579,0.029953917050691243,0.6912442396313364,0.07442994
HOBBIES_1_024,HOBBIES_1,638,441,1187.0,1.8605015,10,66,3,8.975297,0.088471144,0.003134796238244514,0.6912225705329154,0.009857183
HOUSEHOLD_2_052,HOUSEHOLD_2,1390,960,4362.0,3.1381295,10,139,3,4.986259,0.10750311,0.010071942446043165,0.6906474820143885,0.021559872
HOUSEHOLD_1_002,HOUSEHOLD_1,1335,922,4198.0,3.1445694,10,139,8,6.178599,0.5047683,0.10786516853932585,0.6906367041198502,0.08169624
FOODS_3_551,FOODS_3,1143,789,9327.0,8.160105,10,139,4,4.4960365,0.25974947,0.06911636045494313,0.6902887139107612,0.05777299
FOODS_3_004,FOODS_3,171,118,289.0,1.6900585,10,19,1,4.27,0.0,0.0,0.6900584795321637,0.0
HOUSEHOLD_2_001,HOUSEHOLD_2,1387,957,2907.0,2.0958905,10,139,6,6.469221,0.21369012,0.012256669069935111,0.6899783705839942,0.033031814
FOODS_3_302,FOODS_3,983,678,8430.0,8.5757885,9,139,6,1.4912716,0.07323837,0.03255340793489318,0.6897253306205493,0.04911136
HOBBIES_1_347,HOBBIES_1,754,520,1181.0,1.566313,9,86,1,9.88,0.0,0.0,0.6896551724137931,0.0
FOODS_3_798,FOODS_3,277,191,494.0,1.7833935,10,33,1,1.9800001,0.0,0.0,0.6895306859205776,0.0
HOUSEHOLD_2_235,HOUSEHOLD_2,1388,957,2751.0,1.9819884,10,139,3,6.969784,0.19248678,0.009365994236311239,0.6894812680115274,0.027617324
FOODS_1_170,FOODS_1,1169,806,21823.0,18.668093,10,126,16,6.1647816,0.9138013,0.11120615911035073,0.6894781864841745,0.14822932
FOODS_3_091,FOODS_3,1293,891,6272.0,4.8507347,10,139,4,6.1208353,0.54171485,0.010054137664346482,0.6890951276102089,0.08850342
FOODS_1_176,FOODS_1,1318,908,5370.0,4.074355,10,139,7,3.0639758,0.24600862,0.1267071320182094,0.6889226100151745,0.08029065
HOUSEHOLD_1_487,HOUSEHOLD_1,1024,705,14064.0,13.734375,10,103,3,1.9357423,0.05408654,0.0009765625,0.6884765625,0.027940983
HOUSEHOLD_2_497,HOUSEHOLD_2,1386,954,3019.0,2.1782107,10,139,5,5.4222727,0.10639044,0.007936507936507936,0.6883116883116883,0.019621005
HOUSEHOLD_2_375,HOUSEHOLD_2,1373,945,4169.0,3.0364165,10,139,8,6.4377933,0.4489101,0.035688273852876914,0.6882738528769119,0.06973043
FOODS_2_219,FOODS_2,1113,766,4665.0,4.191375,9,139,7,2.7680504,0.24947405,0.09074573225516622,0.688230008984726,0.09012627
HOUSEHOLD_2_491,HOUSEHOLD_2,1272,875,2980.0,2.3427672,10,131,2,6.9666977,0.047981527,0.0047169811320754715,0.6878930817610063,0.0068872697
FOODS_3_504,FOODS_3,1390,956,17269.0,12.423741,10,139,5,1.2058201,0.16426596,0.11798561151079137,0.6877697841726619,0.1362276
FOODS_3_769,FOODS_3,1383,951,43547.0,31.487347,10,139,6,1.1893998,0.11826532,0.20462762111352134,0.6876355748373102,0.099432774
HOBBIES_1_377,HOBBIES_1,1386,953,1946.0,1.4040405,10,139,11,9.487114,0.4812547,0.002886002886002886,0.6875901875901876,0.050727196
FOODS_2_041,FOODS_2,1085,746,3996.0,3.6829493,9,139,6,3.5740554,0.2348497,0.10506912442396313,0.687557603686636,0.06570958
HOUSEHOLD_2_328,HOUSEHOLD_2,1389,955,2983.0,2.1475883,10,139,3,6.993254,0.16362014,0.01583873290136789,0.687544996400288,0.023396853
FOODS_3_245,FOODS_3,870,598,30835.0,35.442528,10,87,7,2.3467817,0.1739846,0.21379310344827587,0.6873563218390805,0.07413753
FOODS_2_039,FOODS_2,505,347,1171.0,2.318812,9,74,4,4.5895247,0.13438499,0.0,0.6871287128712872,0.029280808
HOBBIES_1_093,HOBBIES_1,642,441,912.0,1.4205607,10,66,4,19.722757,0.7744718,0.0,0.6869158878504673,0.039267927
HOUSEHOLD_2_137,HOUSEHOLD_2,1382,949,2286.0,1.6541245,10,139,5,2.9508538,0.1668284,0.015918958031837915,0.6866859623733719,0.056535635
HOUSEHOLD_1_401,HOUSEHOLD_1,1388,953,2589.0,1.8652738,10,139,3,9.252565,0.29737887,0.0007204610951008645,0.6865994236311239,0.032140154
FOODS_3_455,FOODS_3,858,589,40369.0,47.050117,10,87,8,2.3450584,0.17618294,0.20745920745920746,0.6864801864801865,0.07512944
HOUSEHOLD_2_179,HOUSEHOLD_2,1389,953,2270.0,1.6342692,10,139,11,5.919791,0.41600525,0.032397408207343416,0.6861051115910727,0.07027364
FOODS_1_135,FOODS_1,1357,931,5483.0,4.0405307,10,139,4,2.436389,0.10756593,0.009579955784819455,0.686072218128224,0.044149738
HOUSEHOLD_1_207,HOUSEHOLD_1,1244,853,4940.0,3.971061,10,139,5,7.9187703,0.30990645,0.003215434083601286,0.6856913183279743,0.03913568
HOUSEHOLD_2_215,HOUSEHOLD_2,1386,949,3942.0,2.8441558,10,139,5,1.9246321,0.03277164,0.00937950937950938,0.6847041847041847,0.017027482
HOUSEHOLD_1_278,HOUSEHOLD_1,1173,803,3351.0,2.8567774,9,139,5,6.3055754,0.4416154,0.0784313725490196,0.6845694799658995,0.0700357
FOODS_3_267,FOODS_3,1381,945,15425.0,11.169442,10,139,4,1.9773715,0.03289596,0.00724112961622013,0.6842867487328023,0.016636206
HOUSEHOLD_1_410,HOUSEHOLD_1,1389,950,20037.0,14.425486,10,139,11,4.2525773,0.4873126,0.04319654427645788,0.6839452843772498,0.11459229
HOUSEHOLD_2_068,HOUSEHOLD_2,1389,950,4135.0,2.9769619,10,139,1,2.88,0.0,0.0,0.6839452843772498,0.0
FOODS_3_036,FOODS_3,174,119,733.0,4.2126436,10,21,2,2.8668966,0.06953706,0.034482758620689655,0.6839080459770115,0.024255168
HOBBIES_2_075,HOBBIES_2,1316,900,7423.0,5.6405773,10,137,3,2.689544,0.09508265,0.0,0.6838905775075987,0.035352703
HOBBIES_1_403,HOBBIES_1,1287,880,1979.0,1.5376846,10,139,6,13.30052,0.63369155,0.005439005439005439,0.6837606837606838,0.04764412
HOUSEHOLD_2_434,HOUSEHOLD_2,1041,711,3310.0,3.179635,9,139,1,1.88,0.0,0.0,0.6829971181556196,0.0
HOBBIES_1_051,HOBBIES_1,230,157,332.0,1.4434782,10,25,1,5.98,0.0,0.0,0.6826086956521739,0.0
FOODS_2_011,FOODS_2,1092,745,3483.0,3.1895604,9,139,6,2.7424176,0.27679062,0.09340659340659341,0.6822344322344323,0.100929424
HOBBIES_2_130,HOBBIES_2,1387,946,3433.0,2.4751263,10,139,3,6.9808145,0.07985277,0.018745493871665464,0.6820475847152127,0.011438889
HOUSEHOLD_2_200,HOUSEHOLD_2,1349,920,4190.0,3.1060045,10,139,4,6.9246106,0.24460791,0.005930318754633061,0.6819866567828021,0.03532443
FOODS_3_063,FOODS_3,1251,853,11132.0,8.898481,9,139,6,2.313725,0.3303456,0.026378896882494004,0.6818545163868905,0.14277652
FOODS_3_281,FOODS_3,1383,943,103298.0,74.69125,10,139,9,1.1873608,0.11974547,0.20824295010845986,0.6818510484454086,0.10085011
FOODS_3_649,FOODS_3,798,544,2686.0,3.3659148,10,81,3,5.343797,0.22503923,0.16416040100250626,0.681704260651629,0.04211223
HOUSEHOLD_2_150,HOUSEHOLD_2,524,357,846.0,1.6145039,10,58,1,6.97,0.0,0.0,0.6812977099236641,0.0
FOODS_1_095,FOODS_1,1390,947,4378.0,3.1496403,10,139,21,3.6842015,0.70659286,0.0,0.681294964028777,0.19178995
HOUSEHOLD_1_130,HOUSEHOLD_1,323,220,1536.0,4.755418,10,40,2,6.736966,0.2502907,0.3219814241486068,0.6811145510835913,0.03715184
HOUSEHOLD_2_205,HOUSEHOLD_2,649,442,844.0,1.3004622,10,66,3,5.857735,0.1597643,0.0015408320493066256,0.6810477657935285,0.027274074
FOODS_2_288,FOODS_2,1380,939,7123.0,5.1615944,10,139,7,2.7787971,0.25673357,0.08840579710144927,0.6804347826086956,0.09239018
FOODS_3_342,FOODS_3,1380,939,36328.0,26.324638,10,139,6,1.190087,0.11707886,0.20942028985507247,0.6804347826086956,0.09837841
HOBBIES_1_194,HOBBIES_1,1390,945,10834.0,7.794245,10,139,3,2.6192517,0.24972503,0.03741007194244604,0.6798561151079137,0.09534213
FOODS_2_237,FOODS_2,1145,778,5204.0,4.544978,9,139,5,2.4625328,0.17766614,0.03668122270742358,0.6794759825327511,0.07214773
FOODS_3_463,FOODS_3,667,453,10305.0,15.449775,10,68,1,5.98,0.0,0.0,0.679160419790105,0.0
HOUSEHOLD_1_464,HOUSEHOLD_1,1355,919,3017.0,2.2265682,10,139,6,9.24538,0.3242713,0.008856088560885609,0.6782287822878229,0.035073873
HOUSEHOLD_2_378,HOUSEHOLD_2,1382,937,2102.0,1.520984,10,139,1,7.0,0.0,0.0,0.6780028943560058,0.0
FOODS_2_266,FOODS_2,667,452,7328.0,10.986506,9,84,6,9.442084,0.29953083,0.09295352323838081,0.6776611694152923,0.031722955
FOODS_1_065,FOODS_1,1389,941,5403.0,3.8898487,10,139,6,3.1238658,0.29033956,0.10943124550035997,0.6774658027357812,0.09294239
HOUSEHOLD_2_462,HOUSEHOLD_2,1388,940,2031.0,1.4632565,10,139,9,8.396679,0.66291434,0.013688760806916427,0.6772334293948127,0.078949586
HOUSEHOLD_1_346,HOUSEHOLD_1,839,568,3022.0,3.601907,10,84,2,4.1972227,0.08443007,0.12038140643623362,0.6769964243146603,0.0201157
HOUSEHOLD_2_244,HOUSEHOLD_2,1352,915,3562.0,2.6346154,10,139,4,3.9732246,0.057405923,0.010355029585798817,0.6767751479289941,0.014448195
HOBBIES_2_096,HOBBIES_2,1379,933,2518.0,1.8259609,10,139,4,2.6655984,0.14224556,0.0007251631617113851,0.6765772298767223,0.05336346
HOBBIES_1_418,HOBBIES_1,1174,794,2444.0,2.0817716,10,139,6,3.783254,0.13074112,0.0,0.676320272572402,0.03455785
HOUSEHOLD_1_108,HOUSEHOLD_1,1384,936,1663.0,1.2015896,10,139,4,4.82448,0.08957383,0.00939306358381503,0.6763005780346821,0.018566525
HOUSEHOLD_2_385,HOUSEHOLD_2,1326,896,2714.0,2.0467572,10,138,2,6.961025,0.07877937,0.011312217194570135,0.6757164404223228,0.0113172075
HOBBIES_1_157,HOBBIES_1,1242,839,2930.0,2.3590982,10,139,4,11.357391,0.28686464,0.020933977455716585,0.6755233494363929,0.02525797
HOUSEHOLD_1_252,HOUSEHOLD_1,856,578,1734.0,2.025701,10,86,2,9.4664955,0.10253791,0.0011682242990654205,0.6752336448598131,0.010831665
HOBBIES_2_007,HOBBIES_2,1385,935,2995.0,2.1624548,10,139,2,0.97433215,0.029125083,0.018772563176895306,0.6750902527075813,0.029892355
HOBBIES_1_223,HOBBIES_1,283,191,604.0,2.1342757,10,30,1,1.0,0.0,0.0,0.6749116607773852,0.0
FOODS_3_068,FOODS_3,1264,853,4760.0,3.765823,10,139,6,2.3197787,0.2543639,0.1629746835443038,0.6748417721518988,0.10965007
FOODS_1_159,FOODS_1,126,85,249.0,1.9761904,10,13,7,5.1288886,0.70246893,0.21428571428571427,0.6746031746031746,0.13696319
HOUSEHOLD_1_501,HOUSEHOLD_1,1124,758,1619.0,1.4403914,10,139,1,3.9700003,0.0,0.0,0.6743772241992882,0.0
HOUSEHOLD_2_095,HOUSEHOLD_2,623,420,910.0,1.4606742,10,66,2,6.467608,0.05969558,0.0016051364365971107,0.6741573033707865,0.009229932
FOODS_3_187,FOODS_3,1390,937,8723.0,6.2755394,10,139,8,2.4083455,0.29327032,0.05539568345323741,0.6741007194244605,0.12177253
HOBBIES_1_107,HOBBIES_1,604,407,923.0,1.5281457,10,119,2,3.9766886,0.0574958,0.0033112582781456954,0.6738410596026491,0.01445821
FOODS_3_335,FOODS_3,551,371,3943.0,7.15608,7,87,10,2.3109617,0.18973565,0.22323049001814882,0.6733212341197822,0.08210246
FOODS_2_010,FOODS_2,1095,737,5010.0,4.5753427,9,139,5,2.4787672,0.08664598,0.0273972602739726,0.6730593607305936,0.034955274
FOODS_3_815,FOODS_3,376,253,1094.0,2.9095745,10,38,2,2.464681,0.08448372,0.031914893617021274,0.6728723404255319,0.034277752
FOODS_3_787,FOODS_3,865,582,21997.0,25.430058,10,87,8,2.3428092,0.18109387,0.2046242774566474,0.6728323699421965,0.07729775
FOODS_3_685,FOODS_3,1390,935,10791.0,7.7633095,10,139,6,2.44282,0.21033134,0.03381294964028777,0.6726618705035972,0.08610185
HOUSEHOLD_2_480,HOUSEHOLD_2,1368,920,2734.0,1.998538,10,139,4,5.2735963,0.07948584,0.01827485380116959,0.672514619883041,0.0150724165
FOODS_2_127,FOODS_2,989,665,1463.0,1.479272,9,133,3,6.9391804,0.32996967,0.01314459049544995,0.6723963599595552,0.04755168
HOBBIES_1_218,HOBBIES_1,298,200,446.0,1.4966443,10,32,2,10.71557,0.18965618,0.0,0.6711409395973155,0.01769912
HOUSEHOLD_2_166,HOUSEHOLD_2,1389,932,2827.0,2.0352771,10,139,5,9.391562,0.39767477,0.020158387329013677,0.6709863210943124,0.042343836
HOUSEHOLD_1_104,HOUSEHOLD_1,85,57,113.0,1.3294117,10,11,1,2.97,0.0,0.0,0.6705882352941176,0.0
HOUSEHOLD_2_433,HOUSEHOLD_2,1389,931,2333.0,1.6796256,10,139,5,6.129899,0.18428229,0.010079193664506839,0.6702663786897048,0.030062858
FOODS_2_161,FOODS_2,982,658,1601.0,1.6303462,9,133,3,6.959908,0.09608591,0.01120162932790224,0.670061099796334,0.01380563
HOUSEHOLD_2_107,HOUSEHOLD_2,1271,851,1583.0,1.245476,10,139,2,11.9749565,0.058718402,0.010228166797797011,0.6695515342250197,0.0049034334
FOODS_2_260,FOODS_2,956,640,3029.0,3.16841,9,125,9,2.7469246,0.28328878,0.1087866108786611,0.6694560669456067,0.10312943
FOODS_2_209,FOODS_2,139,93,951.0,6.841727,4,36,4,6.042446,0.16566446,0.0,0.6690647482014388,0.027416788
HOBBIES_2_017,HOBBIES_2,740,495,1081.0,1.4608108,10,76,3,0.5643243,0.017785456,0.0013513513513513514,0.668918918918919,0.031516373
HOUSEHOLD_2_269,HOUSEHOLD_2,1385,926,1956.0,1.4122744,10,139,4,9.946477,0.2684977,0.020938628158844765,0.6685920577617328,0.026994253
HOUSEHOLD_2_238,HOUSEHOLD_2,1388,928,3241.0,2.3350143,10,139,5,10.694647,0.4790876,0.10446685878962536,0.6685878962536023,0.04479695
HOUSEHOLD_2_407,HOUSEHOLD_2,1387,927,1775.0,1.2797405,10,139,2,4.977448,0.13586116,0.009372746935832732,0.6683489545782264,0.027295345
HOBBIES_1_356,HOBBIES_1,1390,929,5285.0,3.8021584,10,139,7,5.686072,0.3253326,0.09352517985611511,0.6683453237410072,0.057215706
FOODS_2_358,FOODS_2,1284,858,4751.0,3.7001557,10,139,5,2.6522274,0.14592099,0.10202492211838006,0.6682242990654206,0.05501828
FOODS_3_075,FOODS_3,223,149,1043.0,4.67713,10,25,2,2.873184,0.050548337,0.017937219730941704,0.6681614349775785,0.017593144
FOODS_3_593,FOODS_3,1144,764,4489.0,3.9239511,10,117,6,6.2469144,0.42985177,0.013111888111888112,0.6678321678321678,0.068810254
HOBBIES_1_368,HOBBIES_1,1387,926,2001.0,1.442682,10,139,2,4.220346,0.0045452896,0.0,0.6676279740447008,0.0010769946
FOODS_3_679,FOODS_3,1287,859,13016.0,10.113442,10,139,10,3.862331,0.19604608,0.010101010101010102,0.6674436674436675,0.05075849
HOUSEHOLD_2_045,HOUSEHOLD_2,1388,926,2576.0,1.8559078,10,139,5,8.0989485,0.36286995,0.002161383285302594,0.6671469740634006,0.044804577
HOUSEHOLD_2_007,HOUSEHOLD_2,870,580,1634.0,1.878161,10,109,1,2.58,0.0,0.0,0.6666666666666666,0.0
HOBBIES_1_203,HOBBIES_1,21,14,25.0,1.1904762,9,3,1,13.48,0.0,0.0,0.6666666666666666,0.0
HOUSEHOLD_1_020,HOUSEHOLD_1,30,20,105.0,3.5,2,29,1,6.97,0.0,0.0,0.6666666666666666,0.0
HOBBIES_2_053,HOBBIES_2,1334,889,2469.0,1.8508246,10,135,3,4.950322,0.097784765,0.0037481259370314842,0.6664167916041979,0.019753212
FOODS_1_116,FOODS_1,1390,926,6305.0,4.535971,10,139,5,2.4182014,0.15866274,0.02158273381294964,0.6661870503597123,0.06561188
HOUSEHOLD_2_478,HOUSEHOLD_2,638,425,760.0,1.1912225,10,66,1,4.94,0.0,0.0,0.6661442006269592,0.0
HOBBIES_1_294,HOBBIES_1,326,217,478.0,1.4662577,10,34,1,3.88,0.0,0.0,0.6656441717791411,0.0
HOBBIES_1_366,HOBBIES_1,308,205,479.0,1.5551949,10,33,1,3.97,0.0,0.0,0.6655844155844156,0.0
HOBBIES_1_301,HOBBIES_1,1390,925,5184.0,3.7294965,10,139,5,5.9386907,0.20489547,0.0,0.6654676258992805,0.03450179
HOUSEHOLD_2_347,HOUSEHOLD_2,1389,924,3449.0,2.4830813,10,139,6,9.453391,0.30755118,0.03167746580273578,0.6652267818574514,0.032533422
HOBBIES_1_198,HOBBIES_1,809,538,2064.0,2.551298,10,102,1,8.38,0.0,0.0,0.6650185414091471,0.0
HOUSEHOLD_1_057,HOUSEHOLD_1,1179,784,2192.0,1.8592027,10,119,3,1.6602883,0.049421974,0.0016963528413910093,0.6649703138252756,0.029767103
FOODS_1_093,FOODS_1,937,623,2313.0,2.4685166,10,126,16,5.8952293,0.6578658,0.0832443970117396,0.6648879402347919,0.11159291
HOBBIES_1_020,HOBBIES_1,1333,886,2263.0,1.6976744,10,139,9,11.671973,0.7448999,0.0,0.6646661665416355,0.063819535
FOODS_2_107,FOODS_2,1094,727,5938.0,5.427788,9,139,5,1.9376234,0.061330345,0.014625228519195612,0.6645338208409507,0.031652357
HOUSEHOLD_1_437,HOUSEHOLD_1,1389,923,17963.0,12.932325,10,139,5,3.3172715,0.09347351,0.01079913606911447,0.6645068394528437,0.02817783
HOBBIES_1_280,HOBBIES_1,1373,912,4497.0,3.2753096,10,139,9,10.757101,0.47427428,0.10415149308084487,0.6642388929351785,0.044089414
FOODS_3_726,FOODS_3,351,233,2764.0,7.874644,10,36,2,2.4851851,0.08663491,0.02849002849002849,0.6638176638176638,0.034860548
FOODS_3_497,FOODS_3,1387,920,8884.0,6.405191,10,139,7,2.417015,0.28534687,0.03460706560922855,0.6633020908435472,0.11805754
HOBBIES_2_033,HOBBIES_2,1313,869,5607.0,4.2703733,10,137,4,2.6885986,0.095433176,0.0007616146230007616,0.6618431073876618,0.03549551
FOODS_3_292,FOODS_3,319,211,3692.0,11.573668,10,35,1,3.5,0.0,0.0,0.6614420062695925,0.0
HOBBIES_1_322,HOBBIES_1,761,503,1072.0,1.4086728,10,86,2,3.952917,0.12966518,0.0,0.6609724047306176,0.032802403
HOBBIES_1_121,HOBBIES_1,289,191,753.0,2.6055362,10,32,1,1.0,0.0,0.0,0.6608996539792388,0.0
FOODS_2_239,FOODS_2,53,35,52.0,0.9811321,6,10,2,10.694529,0.1158674,0.0,0.660377358490566,0.010834269
FOODS_1_050,FOODS_1,950,627,1736.0,1.8273684,10,102,1,5.98,0.0,0.0,0.66,0.0
HOUSEHOLD_2_098,HOUSEHOLD_2,1388,916,2443.0,1.7600864,10,139,4,3.1301582,0.09330805,0.009365994236311239,0.659942363112392,0.02980937
HOUSEHOLD_2_461,HOUSEHOLD_2,1385,914,2330.0,1.6823105,10,139,4,9.974982,0.23872794,0.017328519855595668,0.6599277978339351,0.023932667
HOBBIES_2_100,HOBBIES_2,1372,904,2219.0,1.6173469,10,139,4,0.80873173,0.07981193,0.0663265306122449,0.6588921282798834,0.09868777
HOBBIES_1_197,HOBBIES_1,1125,741,1293.0,1.1493334,10,127,3,12.729236,0.23908211,0.0008888888888888889,0.6586666666666666,0.018782126
HOUSEHOLD_2_019,HOUSEHOLD_2,1375,904,2203.0,1.6021818,10,139,3,9.409055,0.33055556,0.01890909090909091,0.6574545454545454,0.035131644
HOBBIES_1_185,HOBBIES_1,1383,909,2372.0,1.7151121,10,139,5,3.064888,0.13874502,0.09616775126536514,0.6572668112798264,0.0452692
FOODS_3_799,FOODS_3,1379,906,1883.0,1.3654822,10,139,3,2.0540392,0.051187616,0.0,0.6569978245105149,0.024920467
HOBBIES_1_127,HOBBIES_1,1386,910,4371.0,3.1536796,10,139,3,1.0402597,0.08927428,0.00937950937950938,0.6565656565656566,0.08581922
FOODS_2_295,FOODS_2,1049,688,4409.0,4.2030506,9,139,11,11.766387,0.9913761,0.1544327931363203,0.655862726406101,0.08425493
HOUSEHOLD_1_400,HOUSEHOLD_1,551,361,1068.0,1.938294,8,74,1,6.97,0.0,0.0,0.6551724137931034,0.0
HOBBIES_2_129,HOBBIES_2,1286,842,6348.0,4.9362364,10,139,7,0.25098756,0.07122412,0.08242612752721618,0.6547433903576982,0.2837755
HOBBIES_1_227,HOBBIES_1,1378,902,2478.0,1.7982583,10,139,2,1.9684906,0.0076250504,0.0,0.6545718432510885,0.0038735517
HOBBIES_1_240,HOBBIES_1,1100,720,3240.0,2.9454546,10,122,4,2.8734546,0.21624823,0.07090909090909091,0.6545454545454545,0.07525723
HOUSEHOLD_2_035,HOUSEHOLD_2,1389,909,4508.0,3.2455003,10,139,8,6.3913174,0.6108793,0.04535637149028078,0.6544276457883369,0.09557956
FOODS_3_677,FOODS_3,1024,670,3772.0,3.6835938,9,139,5,3.896797,0.17295289,0.025390625,0.654296875,0.044383347
HOUSEHOLD_2_435,HOUSEHOLD_2,1388,908,2006.0,1.4452449,10,139,5,5.9831767,0.17071393,0.012247838616714697,0.654178674351585,0.028532322
FOODS_1_074,FOODS_1,1390,909,11513.0,8.282734,10,139,7,2.210885,0.075729296,0.034532374100719423,0.6539568345323741,0.03425293
FOODS_1_041,FOODS_1,1390,908,8292.0,5.9654675,10,139,8,2.2099497,0.08288924,0.03669064748201439,0.6532374100719425,0.037507296
FOODS_3_644,FOODS_3,1160,757,10081.0,8.690517,10,139,3,1.8100603,0.2054648,0.19137931034482758,0.6525862068965518,0.11351268
HOUSEHOLD_2_455,HOUSEHOLD_2,1371,894,2302.0,1.6790664,10,139,4,7.258118,0.25424212,0.0,0.6520787746170679,0.035028655
HOUSEHOLD_2_242,HOUSEHOLD_2,1382,901,1910.0,1.382055,10,139,4,13.225427,0.31482726,0.002894356005788712,0.6519536903039074,0.023804696
HOUSEHOLD_2_406,HOUSEHOLD_2,1387,903,2387.0,1.7209805,10,139,12,13.200966,6.7297664,0.06560922855082912,0.6510454217736121,0.50979346
HOUSEHOLD_2_198,HOUSEHOLD_2,1386,902,2122.0,1.5310246,10,139,6,7.767518,0.2766634,0.0021645021645021645,0.6507936507936508,0.035617992
FOODS_3_107,FOODS_3,1388,903,25631.0,18.466139,10,139,6,2.54433,0.18141496,0.02377521613832853,0.6505763688760807,0.07130167
HOUSEHOLD_2_305,HOUSEHOLD_2,1385,901,3084.0,2.2267148,10,139,3,5.2790976,0.11779945,0.010830324909747292,0.6505415162454874,0.022314316
HOUSEHOLD_1_260,HOUSEHOLD_1,103,67,126.0,1.2233009,10,14,1,2.97,0.0,0.0,0.6504854368932039,0.0
HOBBIES_1_250,HOBBIES_1,844,549,1257.0,1.4893365,10,86,3,4.877867,0.05010264,0.002369668246445498,0.6504739336492891,0.0102714235
HOUSEHOLD_2_223,HOUSEHOLD_2,1386,900,2071.0,1.494228,10,139,4,14.942079,0.36283028,0.010101010101010102,0.6493506493506493,0.02428245
HOBBIES_1_019,HOBBIES_1,536,348,13792.0,25.731344,8,105,2,0.47895524,0.019991346,0.16977611940298507,0.6492537313432836,0.041739486
FOODS_2_052,FOODS_2,1390,902,15259.0,10.977697,10,139,10,11.940281,0.95654607,0.17841726618705037,0.6489208633093525,0.08011085
FOODS_1_195,FOODS_1,1390,902,8351.0,6.0079136,10,139,8,2.211108,0.0780739,0.031654676258992806,0.6489208633093525,0.03530985
HOBBIES_2_060,HOBBIES_2,1360,882,2655.0,1.9522059,10,139,2,0.97455883,0.029860288,0.01911764705882353,0.6485294117647059,0.030639801
HOUSEHOLD_2_029,HOUSEHOLD_2,1388,900,2334.0,1.6815562,10,139,5,10.707421,0.47601315,0.11671469740634005,0.6484149855907781,0.044456378
FOODS_3_566,FOODS_3,347,225,5771.0,16.631124,8,89,1,1.0,0.0,0.0,0.6484149855907781,0.0
HOUSEHOLD_1_413,HOUSEHOLD_1,1359,881,6236.0,4.5886683,10,139,7,18.174635,0.74223644,0.06916850625459897,0.6482707873436351,0.04083914
HOUSEHOLD_2_345,HOUSEHOLD_2,1324,858,1727.0,1.3043807,10,134,1,5.84,0.0,0.0,0.648036253776435,0.0
FOODS_3_185,FOODS_3,879,569,11761.0,13.379977,10,88,8,2.3367007,0.18604268,0.1353811149032992,0.6473265073947668,0.07961768
FOODS_2_323,FOODS_2,1096,709,2557.0,2.3330293,9,139,7,3.5661497,0.25143486,0.1104014598540146,0.6468978102189781,0.07050598
FOODS_2_002,FOODS_2,297,192,3200.0,10.774411,9,34,2,1.879495,0.0050081788,0.0,0.6464646464646465,0.0026646405
HOBBIES_1_114,HOBBIES_1,791,511,1261.0,1.5941845,10,86,2,5.879583,0.62967515,0.0,0.6460176991150443,0.107095204
HOUSEHOLD_2_484,HOUSEHOLD_2,867,560,1894.0,2.1845443,10,88,3,6.950392,0.1819406,0.014994232987312572,0.6459054209919262,0.026177028
HOBBIES_1_394,HOBBIES_1,186,120,1130.0,6.0752687,10,32,2,7.689839,0.32979363,0.06989247311827956,0.6451612903225806,0.042886935
FOODS_3_168,FOODS_3,1287,830,5595.0,4.347319,10,139,10,3.8620045,0.20026621,0.010878010878010878,0.6449106449106449,0.05185551
FOODS_2_240,FOODS_2,1390,896,36795.0,26.471224,10,139,8,2.136151,0.12751237,0.05827338129496403,0.6446043165467625,0.05969258
FOODS_1_199,FOODS_1,1113,717,3631.0,3.262354,10,126,17,6.0774126,0.83517045,0.09344115004492363,0.6442048517520216,0.13742204
FOODS_2_264,FOODS_2,1083,697,3351.0,3.0941827,9,139,8,3.568883,0.25733086,0.11449676823638043,0.6435826408125577,0.07210404
HOUSEHOLD_1_001,HOUSEHOLD_1,1376,885,2737.0,1.9890988,10,139,7,6.2480516,0.4283256,0.11337209302325581,0.6431686046511628,0.06855346
FOODS_3_388,FOODS_3,1390,894,15010.0,10.798561,10,139,3,4.2162447,0.19284096,0.09352517985611511,0.6431654676258993,0.045737613
HOBBIES_1_035,HOBBIES_1,1160,746,1459.0,1.2577586,10,117,5,1.9058189,0.17488764,0.0034482758620689655,0.6431034482758621,0.09176509
HOUSEHOLD_2_466,HOUSEHOLD_2,1296,833,2554.0,1.970679,10,137,8,7.53966,4.3656077,0.05169753086419753,0.6427469135802469,0.5790192
HOUSEHOLD_1_335,HOUSEHOLD_1,507,325,957.0,1.887574,10,60,9,8.889428,0.55216527,0.03155818540433925,0.6410256410256411,0.062114824
HOBBIES_1_140,HOBBIES_1,281,180,863.0,3.0711744,10,30,1,1.0,0.0,0.0,0.6405693950177936,0.0
HOBBIES_2_124,HOBBIES_2,748,479,3085.0,4.1243315,10,77,1,0.23,0.0,0.0,0.6403743315508021,0.0
HOUSEHOLD_1_077,HOUSEHOLD_1,328,210,1141.0,3.4786584,10,40,2,6.7406707,0.25015378,0.3170731707317073,0.6402439024390244,0.03711111
HOBBIES_1_135,HOBBIES_1,50,32,48.0,0.96,6,11,2,19.8424,0.8708302,0.0,0.64,0.043887343
HOBBIES_2_046,HOBBIES_2,1388,888,1915.0,1.379683,10,139,2,2.5874352,0.21203527,0.0,0.6397694524495677,0.08194805
HOUSEHOLD_2_265,HOUSEHOLD_2,816,522,1450.0,1.7769607,10,91,1,4.97,0.0,0.0,0.6397058823529411,0.0
FOODS_2_166,FOODS_2,1390,889,30732.0,22.109352,10,139,8,2.1360216,0.12721728,0.05539568345323741,0.639568345323741,0.05955805
HOBBIES_2_072,HOBBIES_2,219,140,295.0,1.347032,10,24,1,5.97,0.0,0.0,0.639269406392694,0.0
HOUSEHOLD_1_520,HOUSEHOLD_1,1388,887,5320.0,3.832853,10,139,4,5.694294,0.18761131,0.0936599423631124,0.6390489913544669,0.032947246
FOODS_2_043,FOODS_2,1224,782,4568.0,3.732026,10,139,6,2.7834315,0.24758126,0.08415032679738563,0.6388888888888888,0.08894821
FOODS_2_272,FOODS_2,263,168,2672.0,10.159696,8,34,1,1.88,0.0,0.0,0.6387832699619772,0.0
HOBBIES_1_274,HOBBIES_1,744,475,1196.0,1.6075269,9,85,1,9.88,0.0,0.0,0.6384408602150538,0.0
HOUSEHOLD_1_374,HOUSEHOLD_1,1363,869,4512.0,3.310345,10,139,6,3.923573,0.2322167,0.05722670579603815,0.6375641966250917,0.05918501
FOODS_2_042,FOODS_2,1390,886,12184.0,8.765468,10,139,9,2.1299424,0.14945738,0.06258992805755395,0.637410071942446,0.07016968
HOBBIES_1_195,HOBBIES_1,1309,833,2865.0,2.1886938,10,139,4,11.316058,0.2993699,0.019862490450725745,0.6363636363636364,0.026455317
HOBBIES_2_088,HOBBIES_2,1374,874,2718.0,1.978166,10,139,3,2.7544978,0.09730454,0.018922852983988356,0.636098981077147,0.03532569
FOODS_1_217,FOODS_1,1390,884,22310.0,16.05036,10,139,5,3.200633,0.1550945,0.027338129496402876,0.6359712230215827,0.048457447
HOUSEHOLD_2_062,HOUSEHOLD_2,1387,882,7147.0,5.152848,10,139,4,2.9210958,0.05580797,0.0007209805335255948,0.6359048305695746,0.01910515
FOODS_1_164,FOODS_1,936,595,2146.0,2.292735,10,126,14,6.0786858,0.9206462,0.041666666666666664,0.6356837606837606,0.1514548
HOUSEHOLD_2_454,HOUSEHOLD_2,384,244,920.0,2.3958333,10,41,1,7.97,0.0,0.0,0.6354166666666666,0.0
FOODS_2_151,FOODS_2,233,148,2629.0,11.283262,9,32,1,1.88,0.0,0.0,0.6351931330472103,0.0
HOUSEHOLD_2_053,HOUSEHOLD_2,906,575,2068.0,2.2825608,10,92,4,1.9338852,0.08641494,0.00772626931567329,0.6346578366445916,0.044684626
HOBBIES_1_325,HOBBIES_1,320,203,351.0,1.096875,10,33,1,6.44,0.0,0.0,0.634375,0.0
FOODS_3_718,FOODS_3,1258,798,12023.0,9.557234,10,139,6,1.2227823,0.16316885,0.09141494435612083,0.6343402225755167,0.13344064
HOBBIES_1_007,HOBBIES_1,577,366,673.0,1.1663778,10,64,3,7.897487,0.06895117,0.0017331022530329288,0.634315424610052,0.008730773
HOBBIES_2_032,HOBBIES_2,1385,878,3789.0,2.7357402,10,139,2,0.9938051,0.01214814,0.0,0.6339350180505415,0.012223866
HOUSEHOLD_2_268,HOUSEHOLD_2,1390,881,3000.0,2.1582735,10,139,5,5.4085107,0.28057513,0.08633093525179857,0.6338129496402878,0.051876597
FOODS_1_072,FOODS_1,1239,785,3871.0,3.1242938,10,131,5,4.6873765,0.19079112,0.0008071025020177562,0.6335754640839386,0.040703177
HOBBIES_1_145,HOBBIES_1,1268,803,3257.0,2.568612,10,139,6,1.295686,0.055210765,0.015772870662460567,0.6332807570977917,0.042611223
HOUSEHOLD_2_039,HOUSEHOLD_2,998,632,1990.0,1.9939879,10,100,4,9.237765,0.2858827,0.01503006012024048,0.6332665330661322,0.030947171
HOUSEHOLD_2_014,HOUSEHOLD_2,1387,878,1694.0,1.221341,10,139,4,5.9762363,0.10820704,0.010093727469358327,0.6330209084354722,0.018106218
HOBBIES_1_117,HOBBIES_1,1381,874,1874.0,1.3569877,10,139,11,11.706532,0.7683523,0.002896451846488052,0.6328747284576394,0.0656345
FOODS_2_175,FOODS_2,536,339,6214.0,11.593284,10,83,5,2.4625187,0.088413864,0.05783582089552239,0.6324626865671642,0.035903834
FOODS_1_146,FOODS_1,1359,859,6401.0,4.710081,10,139,7,2.2149448,0.068785876,0.0235467255334805,0.6320824135393672,0.031055344
FOODS_2_067,FOODS_2,834,527,6690.0,8.021583,6,139,8,2.1269665,0.13793637,0.07074340527577938,0.63189448441247,0.06485122
FOODS_3_021,FOODS_3,863,545,11184.0,12.959444,10,87,7,2.3425956,0.17768224,0.22479721900347624,0.6315179606025493,0.075848445
HOUSEHOLD_2_078,HOUSEHOLD_2,1388,876,5068.0,3.6512969,10,139,4,5.418761,0.10363349,0.010806916426512969,0.6311239193083573,0.019124944
FOODS_3_620,FOODS_3,1059,668,3996.0,3.7733712,10,107,3,6.3350515,0.2741208,0.012275731822474031,0.6307837582625118,0.043270495
FOODS_3_391,FOODS_3,1040,656,5269.0,5.066346,10,107,5,2.689731,0.14870608,0.0028846153846153848,0.6307692307692307,0.0552866
FOODS_3_585,FOODS_3,1243,784,8179.0,6.580048,10,139,7,3.8980691,0.17478067,0.012067578439259855,0.6307320997586484,0.044837754
FOODS_2_394,FOODS_2,1091,688,4165.0,3.8175986,9,139,5,2.5376904,0.20628601,0.010999083409715857,0.6306141154903758,0.08128888
HOBBIES_2_091,HOBBIES_2,157,99,341.0,2.1719744,9,23,1,0.97,0.0,0.0,0.6305732484076433,0.0
FOODS_1_078,FOODS_1,303,191,904.0,2.9834983,10,32,2,3.240462,0.0056776823,0.0,0.6303630363036303,0.0017521213
FOODS_1_191,FOODS_1,1022,644,3135.0,3.0675147,10,126,16,5.883581,0.5705295,0.09001956947162426,0.6301369863013698,0.09696977
FOODS_3_453,FOODS_3,1011,637,2333.0,2.3076162,9,125,5,2.7430959,0.17543836,0.10979228486646884,0.6300692383778437,0.063956335
FOODS_1_005,FOODS_1,1387,873,11607.0,8.368421,10,139,7,3.2062798,0.14472692,0.017303532804614274,0.6294160057678443,0.04513858
HOUSEHOLD_2_327,HOUSEHOLD_2,1239,779,2080.0,1.6787732,10,139,3,2.999895,0.0015269137,0.0,0.6287328490718321,0.00050898903
HOUSEHOLD_2_267,HOUSEHOLD_2,751,472,1589.0,2.1158454,9,139,1,1.98,0.0,0.0,0.6284953395472703,0.0
FOODS_3_451,FOODS_3,1076,676,7675.0,7.1328998,9,127,3,1.4464685,0.0755789,0.0009293680297397769,0.6282527881040892,0.052250635
HOBBIES_2_131,HOBBIES_2,1265,794,3083.0,2.437154,10,139,3,6.1295257,0.15159425,0.0007905138339920949,0.6276679841897234,0.024731807
HOBBIES_1_094,HOBBIES_1,1273,799,1923.0,1.5106049,10,129,2,12.967651,0.08380252,0.0007855459544383347,0.6276512175962293,0.0064624287
FOODS_3_548,FOODS_3,1093,686,1481.0,1.3549863,9,139,5,2.5274017,0.10766845,0.0054894784995425435,0.6276303751143641,0.042600453
HOUSEHOLD_2_394,HOUSEHOLD_2,1390,872,2690.0,1.9352518,10,139,4,6.1328053,0.18602565,0.00935251798561151,0.6273381294964029,0.03033288
HOBBIES_1_184,HOBBIES_1,978,613,1360.0,1.390593,10,137,7,11.8194065,0.76434016,0.0,0.6267893660531697,0.06466824
HOUSEHOLD_2_234,HOUSEHOLD_2,1360,852,2473.0,1.8183824,10,139,3,5.9189267,0.100853026,0.008823529411764706,0.6264705882352941,0.017039074
FOODS_3_568,FOODS_3,345,216,4607.0,13.353623,8,88,1,1.0,0.0,0.0,0.6260869565217392,0.0
FOODS_2_270,FOODS_2,278,174,1202.0,4.323741,9,35,5,3.372266,0.31170702,0.05755395683453238,0.6258992805755396,0.092432514
FOODS_3_358,FOODS_3,219,137,567.0,2.589041,10,24,2,2.869589,0.062172573,0.0273972602739726,0.6255707762557078,0.02166602
HOBBIES_1_236,HOBBIES_1,1328,830,11944.0,8.993976,10,134,5,11.769096,0.22020046,0.0,0.625,0.018710056
FOODS_3_233,FOODS_3,277,173,10690.0,38.592056,10,30,2,2.4793503,0.1017293,0.039711191335740074,0.6245487364620939,0.04103063
HOUSEHOLD_2_121,HOUSEHOLD_2,897,560,1456.0,1.6231884,10,93,3,1.9399889,0.03995675,0.0011148272017837235,0.6243032329988851,0.020596381
HOBBIES_1_331,HOBBIES_1,838,523,2080.0,2.4821002,10,85,1,0.93999994,0.0,0.0,0.6241050119331742,0.0
HOUSEHOLD_2_195,HOUSEHOLD_2,1383,863,2000.0,1.4461316,10,139,4,14.855032,0.57669413,0.0021691973969631237,0.6240057845263919,0.038821466
HOBBIES_1_110,HOBBIES_1,1381,860,1585.0,1.147719,10,139,1,3.67,0.0,0.0,0.6227371469949312,0.0
HOUSEHOLD_1_033,HOUSEHOLD_1,1389,864,7152.0,5.1490283,10,139,11,4.246465,0.51242,0.033837293016558675,0.6220302375809935,0.120669775
HOUSEHOLD_1_210,HOUSEHOLD_1,1349,838,4606.0,3.414381,10,139,11,4.583395,0.20220788,0.0340993328391401,0.6212008895478132,0.044117488
HOBBIES_1_118,HOBBIES_1,1379,856,1533.0,1.1116751,10,139,4,11.063162,0.109299935,0.009427121102248005,0.6207396664249456,0.009879629
HOUSEHOLD_2_027,HOUSEHOLD_2,129,80,124.0,0.9612403,8,21,1,4.97,0.0,0.0,0.6201550387596899,0.0
HOBBIES_1_215,HOBBIES_1,1382,857,4257.0,3.0803185,10,139,10,10.746317,0.49952433,0.10419681620839363,0.6201157742402316,0.046483304
FOODS_3_729,FOODS_3,1244,770,6017.0,4.836817,10,139,5,3.8994856,0.17150058,0.02090032154340836,0.6189710610932476,0.043980308
HOUSEHOLD_2_481,HOUSEHOLD_2,1370,847,1839.0,1.3423358,10,139,4,7.961861,0.15079665,0.00291970802919708,0.6182481751824818,0.018939875
FOODS_1_104,FOODS_1,1390,857,15768.0,11.343884,10,139,4,3.2055826,0.14176676,0.01870503597122302,0.616546762589928,0.04422496
HOUSEHOLD_2_041,HOUSEHOLD_2,1388,855,2101.0,1.5136888,10,139,5,5.6382275,0.371719,0.011527377521613832,0.6159942363112392,0.06592835
HOUSEHOLD_2_220,HOUSEHOLD_2,1390,856,2663.0,1.9158274,10,139,4,6.966331,0.1758069,0.02805755395683453,0.6158273381294964,0.025236655
HOBBIES_1_287,HOBBIES_1,695,428,2297.0,3.305036,9,109,5,5.7380433,0.28745663,0.1093525179856115,0.6158273381294964,0.05009663
FOODS_1_123,FOODS_1,1380,849,6818.0,4.94058,10,139,6,3.1979856,0.1717402,0.02391304347826087,0.6152173913043478,0.05370262
FOODS_3_092,FOODS_3,1266,778,12363.0,9.765403,10,139,6,3.5471566,0.16140923,0.08609794628751975,0.6145339652448657,0.045503836
HOUSEHOLD_2_436,HOUSEHOLD_2,895,550,1473.0,1.64581,10,93,3,1.9391955,0.03987708,0.0011173184357541898,0.6145251396648045,0.020563724
FOODS_2_336,FOODS_2,747,459,2963.0,3.9665327,9,103,6,2.6423426,0.13989082,0.10575635876840696,0.6144578313253012,0.05294197
HOBBIES_1_082,HOBBIES_1,1384,850,1646.0,1.1893064,10,139,3,3.8527672,0.16370513,0.00939306358381503,0.6141618497109826,0.04249027
HOBBIES_2_028,HOBBIES_2,1378,846,2776.0,2.0145137,10,139,7,0.8071335,0.08245497,0.06894049346879536,0.613933236574746,0.10215779
HOBBIES_1_386,HOBBIES_1,1299,797,2421.0,1.8637414,10,139,1,5.68,0.0,0.0,0.613548883756736,0.0
HOBBIES_1_359,HOBBIES_1,163,100,196.0,1.202454,10,19,1,1.47,0.0,0.0,0.6134969325153374,0.0
FOODS_2_303,FOODS_2,1078,661,7700.0,7.142857,9,139,10,2.127254,0.1477126,0.06586270871985157,0.6131725417439703,0.06943816
HOUSEHOLD_2_346,HOUSEHOLD_2,442,271,1980.0,4.479638,10,136,2,3.2508597,0.14106068,0.0,0.6131221719457014,0.04339181
HOBBIES_2_076,HOBBIES_2,1305,800,3079.0,2.359387,10,137,3,2.6903293,0.09473471,0.0,0.6130268199233716,0.035213053
FOODS_2_298,FOODS_2,1047,640,2637.0,2.5186245,9,139,14,11.744947,1.0176758,0.16523400191021967,0.6112702960840497,0.086647965
HOUSEHOLD_2_326,HOUSEHOLD_2,1387,847,2094.0,1.5097332,10,139,1,5.94,0.0,0.0,0.6106705118961788,0.0
HOBBIES_2_104,HOBBIES_2,213,130,243.0,1.1408451,10,23,1,2.97,0.0,0.0,0.6103286384976526,0.0
FOODS_2_229,FOODS_2,1300,793,18679.0,14.368462,10,139,8,2.136854,0.12436207,0.06,0.61,0.058198676
HOUSEHOLD_2_165,HOUSEHOLD_2,648,395,679.0,1.0478395,10,66,4,5.8341823,0.26920044,0.012345679012345678,0.6095679012345679,0.046141934
FOODS_2_317,FOODS_2,1390,847,3950.0,2.8417265,10,139,11,11.900655,0.9397921,0.14964028776978416,0.6093525179856115,0.078969784
FOODS_3_609,FOODS_3,599,365,2929.0,4.8898163,10,61,2,2.9740236,0.10334541,0.001669449081803005,0.6093489148580968,0.03474936
FOODS_1_075,FOODS_1,1387,845,6120.0,4.4124007,10,139,5,3.1987023,0.15936936,0.03028118240807498,0.6092285508291276,0.04982313
HOUSEHOLD_2_364,HOUSEHOLD_2,350,213,602.0,1.72,10,36,1,5.68,0.0,0.0,0.6085714285714285,0.0
FOODS_3_518,FOODS_3,212,129,716.0,3.3773584,9,25,2,2.8764153,0.03682131,0.009433962264150943,0.6084905660377359,0.012801111
HOUSEHOLD_2_296,HOUSEHOLD_2,1049,638,1844.0,1.7578646,10,106,5,4.5858054,0.24821296,0.1315538608198284,0.6081982840800763,0.054126363
HOUSEHOLD_1_333,HOUSEHOLD_1,1319,802,6713.0,5.089462,10,139,2,2.8066034,0.111920685,0.0,0.6080363912054587,0.039877627
FOODS_2_133,FOODS_2,1005,611,2430.0,2.4179103,8,139,9,2.7567165,0.2584384,0.09353233830845771,0.6079601990049751,0.09374864
HOUSEHOLD_1_166,HOUSEHOLD_1,1251,760,5602.0,4.478018,9,139,3,4.966842,0.08138219,0.0015987210231814548,0.6075139888089528,0.016385097
HOBBIES_1_095,HOBBIES_1,838,509,1374.0,1.6396182,10,85,1,7.68,0.0,0.0,0.6073985680190931,0.0
HOUSEHOLD_1_136,HOUSEHOLD_1,1390,844,9195.0,6.615108,10,139,8,4.319748,0.31255713,0.01870503597122302,0.6071942446043166,0.07235541
FOODS_3_322,FOODS_3,361,219,2823.0,7.8199444,10,42,1,2.5,0.0,0.0,0.6066481994459834,0.0
HOUSEHOLD_2_182,HOUSEHOLD_2,1387,841,1736.0,1.2516222,10,139,2,6.9924297,0.16265854,0.0021629416005767843,0.6063446286950253,0.023262091
HOUSEHOLD_2_173,HOUSEHOLD_2,1289,781,2354.0,1.8262218,10,131,5,6.9572306,0.18691805,0.0069821567106283944,0.6058960434445306,0.026866732
FOODS_2_069,FOODS_2,652,395,1044.0,1.601227,9,77,1,9.98,0.0,0.0,0.6058282208588958,0.0
HOUSEHOLD_2_439,HOUSEHOLD_2,1385,839,6086.0,4.3942237,10,139,5,5.4167075,0.13494153,0.01660649819494585,0.6057761732851985,0.024912095
HOUSEHOLD_2_293,HOUSEHOLD_2,1388,840,1999.0,1.4402018,10,139,3,6.985533,0.19890997,0.010806916426512969,0.6051873198847262,0.028474558
HOBBIES_2_002,HOBBIES_2,1388,840,2177.0,1.5684438,10,139,2,1.9743228,0.029094283,0.018731988472622477,0.6051873198847262,0.014736335
HOUSEHOLD_2_232,HOUSEHOLD_2,1056,639,2507.0,2.374053,10,106,4,4.5946403,0.23426816,0.125,0.6051136363636364,0.05098727
FOODS_3_569,FOODS_3,1390,841,8821.0,6.346043,10,139,6,4.226029,0.30309004,0.17841726618705037,0.6050359712230216,0.07171982
HOUSEHOLD_2_279,HOUSEHOLD_2,1031,623,1738.0,1.685742,10,105,3,4.4081573,0.08042794,0.008729388942774006,0.6042677012609118,0.018245252
HOUSEHOLD_2_063,HOUSEHOLD_2,1384,836,1794.0,1.2962428,10,139,4,4.3981576,0.3647366,0.09393063583815028,0.6040462427745664,0.0829294
HOUSEHOLD_1_357,HOUSEHOLD_1,1386,837,9313.0,6.719336,10,139,7,12.149748,0.46614823,0.005772005772005772,0.6038961038961039,0.038366906
HOUSEHOLD_2_104,HOUSEHOLD_2,1365,824,1926.0,1.410989,10,139,3,4.97737,0.09410424,0.009523809523809525,0.6036630036630036,0.018906418
HOBBIES_1_333,HOBBIES_1,845,510,1067.0,1.2627219,10,87,3,4.956982,0.22001939,0.0035502958579881655,0.6035502958579881,0.044385754
HOUSEHOLD_2_339,HOUSEHOLD_2,1299,784,1717.0,1.321786,10,131,2,6.968476,0.054936454,0.0007698229407236335,0.6035411855273287,0.007883568
FOODS_1_157,FOODS_1,121,73,177.0,1.4628099,10,13,6,5.0350413,0.6524519,0.1487603305785124,0.6033057851239669,0.12958223
HOUSEHOLD_2_282,HOUSEHOLD_2,1388,837,7109.0,5.121758,10,139,4,5.42049,0.10520361,0.011527377521613832,0.6030259365994236,0.019408507
FOODS_2_230,FOODS_2,1087,655,4654.0,4.281509,9,139,7,2.1332016,0.13047181,0.05795768169273229,0.6025758969641214,0.06116244
FOODS_2_154,FOODS_2,1049,632,2590.0,2.4690182,9,139,8,11.786654,0.9807849,0.14680648236415633,0.6024785510009533,0.083211474
HOUSEHOLD_2_240,HOUSEHOLD_2,1275,768,3411.0,2.6752942,10,139,3,4.999365,0.078999765,0.000784313725490196,0.6023529411764705,0.01580196
FOODS_2_188,FOODS_2,1203,723,3517.0,2.9235246,10,139,9,2.6929677,0.34688622,0.08977556109725686,0.600997506234414,0.12881188
FOODS_2_343,FOODS_2,1084,651,2307.0,2.1282287,9,139,7,3.5733948,0.24074236,0.11346863468634687,0.6005535055350554,0.06737077
HOBBIES_1_305,HOBBIES_1,1359,815,1729.0,1.272259,10,139,1,2.87,0.0,0.0,0.5997056659308315,0.0
HOUSEHOLD_2_088,HOUSEHOLD_2,1370,821,2431.0,1.7744526,10,139,4,6.979562,0.120094754,0.010218978102189781,0.5992700729927007,0.017206632
HOUSEHOLD_2_323,HOUSEHOLD_2,336,201,656.0,1.9523809,10,46,1,3.97,0.0,0.0,0.5982142857142857,0.0
HOUSEHOLD_2_398,HOUSEHOLD_2,1384,826,2068.0,1.4942197,10,139,3,7.784256,0.22260682,0.0,0.596820809248555,0.028597059
HOBBIES_1_106,HOBBIES_1,1387,827,2829.0,2.039654,10,139,2,2.5315285,0.2963734,0.009372746935832732,0.5962509012256669,0.11707291
HOUSEHOLD_2_128,HOUSEHOLD_2,1389,827,3898.0,2.8063354,10,139,2,5.896703,0.20038135,0.04463642908567315,0.5953923686105111,0.03398193
HOBBIES_2_087,HOBBIES_2,163,97,215.0,1.3190184,8,25,1,0.97,0.0,0.0,0.5950920245398773,0.0
HOUSEHOLD_2_363,HOUSEHOLD_2,1345,800,2619.0,1.9472119,10,139,3,6.2028403,0.2877653,0.0,0.5947955390334573,0.046392504
HOUSEHOLD_1_323,HOUSEHOLD_1,1374,817,6040.0,4.395924,10,139,8,4.7732897,0.2511821,0.03129548762736536,0.5946142649199417,0.05262243
HOUSEHOLD_2_416,HOUSEHOLD_2,1290,767,4640.0,3.5968993,10,139,3,3.2627442,0.05054156,0.0007751937984496124,0.5945736434108527,0.015490507
FOODS_3_017,FOODS_3,1387,824,1601.0,1.1542898,10,139,3,2.0537562,0.044662632,0.0,0.5940879596250901,0.021746803
HOUSEHOLD_2_012,HOUSEHOLD_2,1005,597,2077.0,2.0666666,10,106,5,4.5855618,0.23632774,0.11940298507462686,0.5940298507462687,0.051537357
HOUSEHOLD_2_370,HOUSEHOLD_2,1389,825,3268.0,2.3527718,10,139,4,5.947408,0.30018178,0.010079193664506839,0.593952483801296,0.050472703
HOUSEHOLD_1_199,HOUSEHOLD_1,1142,678,1779.0,1.5577934,10,117,3,1.6602976,0.050216872,0.0017513134851138354,0.5936952714535902,0.030245705
FOODS_1_103,FOODS_1,1388,824,9114.0,6.5662823,10,139,8,3.725137,0.37284663,0.08357348703170028,0.5936599423631124,0.10008937
HOBBIES_2_051,HOBBIES_2,1385,822,1750.0,1.2635379,10,139,4,1.6712273,0.18924843,0.018772563176895306,0.5935018050541516,0.11323919
HOBBIES_2_061,HOBBIES_2,1385,822,2355.0,1.700361,10,139,1,1.9699999,0.0,0.0,0.5935018050541516,0.0
HOBBIES_1_257,HOBBIES_1,1290,765,1561.0,1.2100775,10,139,5,16.789412,0.34143618,0.0031007751937984496,0.5930232558139535,0.020336399
HOUSEHOLD_2_105,HOUSEHOLD_2,1107,656,1369.0,1.2366757,10,139,3,5.0120597,0.13326578,0.012646793134598013,0.5925925925925926,0.026589025
FOODS_1_114,FOODS_1,1389,823,4299.0,3.0950325,10,139,5,3.2004607,0.15580341,0.029517638588912886,0.5925125989920806,0.048681557
HOUSEHOLD_1_018,HOUSEHOLD_1,819,485,3158.0,3.8559217,8,139,2,10.175739,0.24620104,0.0,0.5921855921855922,0.024194904
HOUSEHOLD_2_015,HOUSEHOLD_2,1389,822,2327.0,1.675306,10,139,5,4.3625917,0.10881304,0.011519078473722102,0.591792656587473,0.024942292
HOBBIES_1_299,HOBBIES_1,1143,676,1674.0,1.464567,10,115,2,1.2691776,0.027803836,0.0008748906386701663,0.5914260717410323,0.021906972
FOODS_2_256,FOODS_2,499,295,4172.0,8.360722,8,79,4,5.6933064,0.19365257,0.0,0.591182364729459,0.03401408
FOODS_2_001,FOODS_2,887,524,3805.0,4.2897406,7,139,9,1.9372942,0.10155511,0.038331454340473504,0.5907553551296505,0.052421108
HOBBIES_2_016,HOBBIES_2,1378,814,2114.0,1.5341074,10,139,3,4.972489,0.085610986,0.000725689404934688,0.590711175616836,0.017216928
HOUSEHOLD_1_184,HOUSEHOLD_1,1390,820,6247.0,4.4942446,10,139,6,12.163526,0.35336676,0.0035971223021582736,0.5899280575539568,0.029051343
FOODS_2_213,FOODS_2,278,164,1374.0,4.942446,9,35,3,3.9027336,0.19497961,0.039568345323741004,0.5899280575539568,0.049959753
HOBBIES_1_224,HOBBIES_1,763,450,900.0,1.1795543,9,87,3,3.9608653,0.14829402,0.003931847968545216,0.5897771952817824,0.037439805
HOUSEHOLD_2_085,HOUSEHOLD_2,390,230,414.0,1.0615385,10,42,2,7.9288206,0.22077718,0.002564102564102564,0.5897435897435898,0.027844897
HOUSEHOLD_2_430,HOUSEHOLD_2,273,161,333.0,1.2197802,10,46,1,3.9700003,0.0,0.0,0.5897435897435898,0.0
HOBBIES_2_147,HOBBIES_2,151,89,200.0,1.3245033,8,23,1,0.97,0.0,0.0,0.5894039735099338,0.0
FOODS_2_080,FOODS_2,1107,652,14658.0,13.241193,9,139,7,2.131644,0.120024905,0.051490514905149054,0.5889792231255646,0.05630626
HOUSEHOLD_2_115,HOUSEHOLD_2,1389,817,7648.0,5.5061197,10,139,4,3.2718647,0.10940259,0.027357811375089993,0.5881929445644348,0.033437382
HOUSEHOLD_2_317,HOUSEHOLD_2,1367,804,2001.0,1.4637893,10,139,7,4.451836,0.20965546,0.015362106803218726,0.5881492318946598,0.047094155
FOODS_3_712,FOODS_3,1284,755,6713.0,5.2281933,10,139,4,3.3084424,0.24569066,0.13161993769470404,0.588006230529595,0.07426173
HOUSEHOLD_2_379,HOUSEHOLD_2,1390,817,2859.0,2.0568345,10,139,3,4.3625107,0.10338188,0.00935251798561151,0.5877697841726619,0.023697793
HOBBIES_1_405,HOBBIES_1,1288,757,1634.0,1.2686335,10,139,6,11.652842,0.7458683,0.0,0.5877329192546584,0.06400742
HOUSEHOLD_2_353,HOUSEHOLD_2,1047,615,2810.0,2.6838586,10,106,4,4.596953,0.23484378,0.1251193887297039,0.5873925501432665,0.051086836
HOBBIES_1_303,HOBBIES_1,1339,786,1657.0,1.2374907,10,139,1,8.98,0.0,0.0,0.5870052277819268,0.0
FOODS_3_286,FOODS_3,1173,688,6015.0,5.127877,10,133,3,3.891083,0.2968491,0.011082693947144074,0.5865302642796248,0.07628959
HOUSEHOLD_2_055,HOUSEHOLD_2,1378,808,1798.0,1.3047895,10,139,2,8.964194,0.15233254,0.001451378809869376,0.5863570391872278,0.016993444
HOUSEHOLD_1_145,HOUSEHOLD_1,1390,814,13330.0,9.589928,10,139,1,1.98,0.0,0.0,0.5856115107913669,0.0
HOUSEHOLD_2_093,HOUSEHOLD_2,1351,791,4505.0,3.334567,10,139,3,3.2610807,0.050211564,0.0014803849000740192,0.5854922279792746,0.015397216
HOUSEHOLD_2_131,HOUSEHOLD_2,1386,811,1964.0,1.4170275,10,139,5,12.095152,0.6198365,0.02958152958152958,0.5851370851370852,0.05124669
HOUSEHOLD_1_463,HOUSEHOLD_1,347,203,703.0,2.0259366,10,39,1,2.9800003,0.0,0.0,0.5850144092219021,0.0
HOUSEHOLD_2_260,HOUSEHOLD_2,1389,812,1813.0,1.3052555,10,139,3,6.9746075,0.1305346,0.009359251259899209,0.5845932325413967,0.018715693
HOBBIES_2_078,HOBBIES_2,1379,805,2296.0,1.6649746,10,139,5,6.3897605,0.8163945,0.09427121102248005,0.583756345177665,0.12776606
FOODS_3_165,FOODS_3,1059,618,1238.0,1.1690273,9,139,6,3.4304345,0.20075099,0.0028328611898017,0.5835694050991501,0.058520574
HOUSEHOLD_2_482,HOUSEHOLD_2,1042,608,1782.0,1.7101728,10,105,1,5.94,0.0,0.0,0.5834932821497121,0.0
HOUSEHOLD_2_152,HOUSEHOLD_2,1370,799,2101.0,1.5335766,10,139,5,12.034891,0.2874299,0.08686131386861314,0.5832116788321168,0.023883048
FOODS_1_011,FOODS_1,1370,799,5097.0,3.720438,10,139,3,2.4522264,0.07055924,0.014598540145985401,0.5832116788321168,0.028773542
HOUSEHOLD_1_214,HOUSEHOLD_1,403,235,6476.0,16.069479,8,58,3,1.5511414,0.17227536,0.22580645161290322,0.5831265508684863,0.111063614
HOBBIES_2_011,HOBBIES_2,1384,807,2064.0,1.4913294,10,139,1,0.96999997,0.0,0.0,0.583092485549133,0.0
HOUSEHOLD_2_206,HOUSEHOLD_2,1335,778,1640.0,1.2284644,10,139,4,2.874075,0.109531626,0.00299625468164794,0.5827715355805243,0.03811022
HOUSEHOLD_2_423,HOUSEHOLD_2,1390,809,5017.0,3.6093526,10,139,5,3.2694676,0.11206359,0.03237410071942446,0.5820143884892086,0.03427579
HOUSEHOLD_1_154,HOUSEHOLD_1,1112,647,3186.0,2.865108,8,139,4,3.3187768,0.086048074,0.0017985611510791368,0.5818345323741008,0.025927646
FOODS_3_250,FOODS_3,1169,679,10580.0,9.05047,10,128,1,3.88,0.0,0.0,0.5808383233532934,0.0
FOODS_1_090,FOODS_1,1389,806,6123.0,4.4082074,10,139,7,3.2010653,0.16344456,0.023758099352051837,0.5802735781137509,0.05105943
HOBBIES_2_071,HOBBIES_2,150,87,173.0,1.1533333,8,22,1,0.97,0.0,0.0,0.58,0.0
HOUSEHOLD_2_236,HOUSEHOLD_2,1378,799,1540.0,1.1175617,10,139,2,8.479281,0.02666923,0.000725689404934688,0.5798258345428157,0.003145223
FOODS_3_457,FOODS_3,810,469,2410.0,2.9753087,10,91,4,2.4320865,0.2978584,0.050617283950617285,0.5790123456790124,0.12247031
FOODS_2_060,FOODS_2,1185,686,8486.0,7.1611814,10,139,4,6.928219,0.43145832,0.04050632911392405,0.5789029535864979,0.062275503
FOODS_3_646,FOODS_3,1389,804,13993.0,10.074154,10,139,16,2.6091218,0.23911211,0.27717782577393807,0.5788336933045356,0.091644675
FOODS_2_251,FOODS_2,1085,628,7537.0,6.9465437,9,139,6,7.3463225,0.4997527,0.13548387096774195,0.5788018433179724,0.0680276
FOODS_3_135,FOODS_3,242,140,3089.0,12.764462,3,122,2,1.1930165,0.02729113,0.0,0.5785123966942148,0.022875736
HOBBIES_1_214,HOBBIES_1,947,547,925.0,0.97676873,10,139,4,9.844594,0.15168025,0.0021119324181626186,0.5776135163674763,0.015407465
HOUSEHOLD_2_214,HOUSEHOLD_2,1386,800,1983.0,1.430736,10,139,6,6.910866,0.23928407,0.01948051948051948,0.5772005772005772,0.034624327
HOBBIES_1_314,HOBBIES_1,1381,797,1373.0,0.9942071,10,139,1,3.9699998,0.0,0.0,0.5771180304127443,0.0
FOODS_2_029,FOODS_2,1075,620,21282.0,19.797209,9,139,7,10.886456,0.3678388,0.024186046511627906,0.5767441860465117,0.033788666
HOBBIES_2_050,HOBBIES_2,1356,782,1711.0,1.2617995,10,139,2,1.9750148,0.03128137,0.019174041297935103,0.5766961651917404,0.01583855
FOODS_3_149,FOODS_3,857,494,3290.0,3.838973,10,91,5,2.4325204,0.29950613,0.045507584597432905,0.5764294049008168,0.12312584
HOUSEHOLD_2_127,HOUSEHOLD_2,561,323,1110.0,1.9786097,10,57,2,5.9198933,0.13612229,0.0,0.5757575757575758,0.022994043
HOBBIES_2_123,HOBBIES_2,733,422,878.0,1.1978172,10,77,2,0.56547064,0.012683772,0.0,0.5757162346521146,0.022430468
HOBBIES_1_365,HOBBIES_1,1388,799,1407.0,1.0136888,10,139,1,3.9699998,0.0,0.0,0.5756484149855908,0.0
HOUSEHOLD_2_506,HOUSEHOLD_2,412,237,524.0,1.2718446,10,42,3,6.479345,0.2544223,0.007281553398058253,0.5752427184466019,0.039266672
HOUSEHOLD_2_384,HOUSEHOLD_2,1380,793,4298.0,3.1144927,10,139,6,5.4132247,0.15039307,0.017391304347826087,0.5746376811594203,0.027782528
FOODS_3_249,FOODS_3,1390,798,13763.0,9.901439,10,139,14,2.5865252,0.25959447,0.35035971223021584,0.5741007194244604,0.10036418
FOODS_1_077,FOODS_1,720,413,1138.0,1.5805556,9,82,1,2.9699998,0.0,0.0,0.5736111111111111,0.0
HOBBIES_1_304,HOBBIES_1,1156,663,1517.0,1.3122838,9,139,4,3.9639707,0.0683046,0.0,0.5735294117647058,0.017231358
HOUSEHOLD_2_489,HOUSEHOLD_2,771,442,953.0,1.236057,9,88,2,14.462245,0.21536446,0.0012970168612191958,0.5732814526588845,0.014891496
HOUSEHOLD_2_103,HOUSEHOLD_2,232,133,375.0,1.6163793,10,34,1,1.97,0.0,0.0,0.5732758620689655,0.0
HOBBIES_1_053,HOBBIES_1,234,134,503.0,2.1495726,10,26,2,3.9657264,0.06537204,0.004273504273504274,0.5726495726495726,0.016484255
HOUSEHOLD_2_352,HOUSEHOLD_2,1389,795,1936.0,1.3938085,10,139,5,2.9595535,0.16937102,0.01583873290136789,0.572354211663067,0.057228573
FOODS_1_089,FOODS_1,180,103,305.0,1.6944444,6,31,2,3.2163334,0.18229419,0.016666666666666666,0.5722222222222222,0.05667764
HOBBIES_1_290,HOBBIES_1,1378,787,1516.0,1.1001451,10,139,4,5.4332876,0.1672221,0.009433962264150943,0.5711175616835994,0.030777331
FOODS_2_031,FOODS_2,676,386,11862.0,17.547337,7,139,5,2.1263313,0.14838241,0.0073964497041420114,0.5710059171597633,0.0697833
HOUSEHOLD_2_495,HOUSEHOLD_2,1375,785,3934.0,2.861091,10,139,6,5.4122257,0.1587262,0.022545454545454546,0.5709090909090909,0.029327342
HOBBIES_1_189,HOBBIES_1,1286,734,20435.0,15.890358,10,139,4,0.48604977,0.021946747,0.13063763608087092,0.5707620528771384,0.04515329
HOUSEHOLD_1_290,HOUSEHOLD_1,1251,714,4266.0,3.4100718,10,136,2,9.874813,0.18349154,0.0007993605115907274,0.5707434052757794,0.018581774
FOODS_1_008,FOODS_1,901,514,1612.0,1.7891232,10,102,3,3.2068148,0.21447441,0.10432852386237514,0.5704772475027747,0.06688082
FOODS_3_357,FOODS_3,1382,788,5619.0,4.0658464,10,139,7,4.2427206,0.23370856,0.16208393632416787,0.5701881331403763,0.055084597
FOODS_2_223,FOODS_2,977,557,4125.0,4.2221084,9,134,8,2.1384647,0.13257653,0.07062436028659161,0.5701125895598772,0.061996125
HOUSEHOLD_2_009,HOUSEHOLD_2,560,319,1143.0,2.0410714,10,57,2,5.9232144,0.1245975,0.0,0.5696428571428571,0.021035453
FOODS_3_757,FOODS_3,1387,790,32437.0,23.386446,10,139,12,2.6279306,0.18565235,0.2746935832732516,0.5695746214852199,0.07064583
HOBBIES_1_289,HOBBIES_1,1387,790,2010.0,1.4491708,10,139,1,4.97,0.0,0.0,0.5695746214852199,0.0
HOUSEHOLD_2_460,HOUSEHOLD_2,903,514,1037.0,1.1483942,10,106,2,5.955515,0.014999333,0.0,0.5692137320044297,0.002518562
FOODS_1_057,FOODS_1,278,158,698.0,2.5107913,10,32,7,2.3878417,0.36199263,0.33093525179856115,0.5683453237410072,0.15159824
HOUSEHOLD_1_056,HOUSEHOLD_1,1390,790,4409.0,3.1719425,10,139,5,11.888446,1.3964895,0.01079136690647482,0.5683453237410072,0.117466114
HOUSEHOLD_2_362,HOUSEHOLD_2,1387,788,1379.0,0.9942322,10,139,3,3.5615861,0.12901197,0.004325883201153569,0.5681326604181687,0.03622318
FOODS_1_141,FOODS_1,1379,783,3579.0,2.5953588,10,139,7,3.187948,0.17314824,0.050761421319796954,0.5678027556200145,0.054313384
FOODS_2_275,FOODS_2,1085,615,4906.0,4.521659,9,139,9,2.3432257,0.16673087,0.034101382488479264,0.5668202764976958,0.07115442
HOBBIES_2_105,HOBBIES_2,1381,782,1682.0,1.217958,10,139,3,2.5415134,0.13101757,0.002172338884866039,0.5662563359884142,0.051551003
HOUSEHOLD_2_189,HOUSEHOLD_2,852,482,832.0,0.97652584,10,87,2,14.469483,0.21692912,0.0,0.5657276995305164,0.014992181
HOBBIES_2_117,HOBBIES_2,1312,742,2501.0,1.90625,10,137,3,2.6890168,0.09493279,0.0,0.5655487804878049,0.035303902
HOBBIES_2_083,HOBBIES_2,1313,742,2726.0,2.0761614,10,137,4,2.683648,0.13702643,0.0030464584920030465,0.5651180502665651,0.05105976
FOODS_3_618,FOODS_3,547,309,7723.0,14.11883,10,55,2,2.1540403,0.19848964,0.0,0.5648994515539305,0.092147596
HOBBIES_1_175,HOBBIES_1,1379,777,1393.0,1.0101523,10,139,2,1.9711965,0.005872722,0.0,0.5634517766497462,0.0029792676
HOBBIES_2_022,HOBBIES_2,1383,779,1373.0,0.99276936,10,139,1,4.97,0.0,0.0,0.5632682574114244,0.0
HOBBIES_1_422,HOBBIES_1,1389,780,1588.0,1.1432686,10,139,9,3.1782217,0.2959884,0.005759539236861051,0.5615550755939525,0.09313019
HOBBIES_2_074,HOBBIES_2,1371,768,1431.0,1.0437636,10,139,2,3.973501,0.02623859,0.0,0.5601750547045952,0.0066033937
HOBBIES_1_284,HOBBIES_1,834,467,865.0,1.0371703,10,85,1,4.88,0.0,0.0,0.5599520383693045,0.0
HOUSEHOLD_2_080,HOUSEHOLD_2,293,164,392.0,1.337884,9,36,2,8.973174,0.11684122,0.0034129692832764505,0.5597269624573379,0.013021169
FOODS_2_026,FOODS_2,1390,778,12621.0,9.079856,10,139,9,2.3593452,0.1578977,0.025899280575539568,0.5597122302158274,0.06692437
HOBBIES_1_102,HOBBIES_1,420,235,427.0,1.0166667,6,73,1,4.98,0.0,0.0,0.5595238095238095,0.0
HOBBIES_1_396,HOBBIES_1,837,468,1106.0,1.3213859,10,86,2,1.8783513,0.04769978,0.0011947431302270011,0.5591397849462365,0.025394492
FOODS_2_300,FOODS_2,664,371,1644.0,2.4759035,9,79,2,5.992199,0.5401403,0.03614457831325301,0.5587349397590361,0.09014057
HOUSEHOLD_2_479,HOUSEHOLD_2,1175,655,2802.0,2.3846807,10,121,3,5.8790894,0.23505801,0.05702127659574468,0.5574468085106383,0.039982043
HOBBIES_2_136,HOBBIES_2,1308,729,2236.0,1.7094802,10,137,7,2.68724,0.098645546,0.0045871559633027525,0.5573394495412844,0.036708873
HOBBIES_1_271,HOBBIES_1,829,462,1080.0,1.3027744,10,86,1,5.77,0.0,0.0,0.5572979493365501,0.0
FOODS_2_087,FOODS_2,1023,570,1288.0,1.259042,9,139,7,9.638504,0.37397882,0.004887585532746823,0.5571847507331378,0.038800504
FOODS_3_352,FOODS_3,1252,697,6865.0,5.483227,10,139,4,4.2484903,0.1955661,0.14536741214057508,0.5567092651757188,0.046031903
HOBBIES_1_229,HOBBIES_1,142,79,187.0,1.3169014,5,33,1,6.47,0.0,0.0,0.5563380281690141,0.0
FOODS_3_605,FOODS_3,1060,589,5521.0,5.2084904,9,139,10,2.64117,0.19762556,0.24150943396226415,0.5556603773584906,0.074825004
HOUSEHOLD_2_361,HOUSEHOLD_2,324,180,644.0,1.9876543,10,33,2,7.6204324,0.18393481,0.06790123456790123,0.5555555555555556,0.024137057
FOODS_1_212,FOODS_1,811,450,1009.0,1.244143,10,82,5,6.2659554,0.20820497,0.004932182490752158,0.5548705302096177,0.03322797
HOUSEHOLD_1_224,HOUSEHOLD_1,1386,769,5816.0,4.196248,10,139,8,8.565274,0.50748265,0.18975468975468976,0.5548340548340548,0.05924885
FOODS_3_590,FOODS_3,1390,771,17252.0,12.41151,10,139,14,2.6091726,0.2190492,0.2841726618705036,0.5546762589928057,0.083953515
HOUSEHOLD_2_258,HOUSEHOLD_2,622,345,597.0,0.9598071,10,137,2,3.9792929,0.017642396,0.0,0.5546623794212219,0.0044335504
HOUSEHOLD_2_452,HOUSEHOLD_2,1367,758,3485.0,2.5493782,10,139,7,6.4664154,0.37090608,0.030724213606437453,0.5544989027066569,0.05735884
HOBBIES_2_004,HOBBIES_2,1366,755,1699.0,1.2437774,10,139,2,2.472196,0.014661276,0.0,0.5527086383601757,0.0059304666
HOBBIES_2_118,HOBBIES_2,1352,747,2321.0,1.7167159,10,139,1,3.97,0.0,0.0,0.5525147928994083,0.0
HOBBIES_2_085,HOBBIES_2,1383,764,2069.0,1.4960232,10,139,2,0.97520614,0.031856626,0.018799710773680405,0.5524222704266089,0.032666557
HOUSEHOLD_2_224,HOUSEHOLD_2,1374,759,1318.0,0.95924306,10,139,1,3.9700003,0.0,0.0,0.5524017467248908,0.0
HOUSEHOLD_2_069,HOUSEHOLD_2,840,464,776.0,0.9238095,10,87,2,9.860035,0.28879243,0.0011904761904761906,0.5523809523809524,0.02928919
HOUSEHOLD_2_233,HOUSEHOLD_2,1382,763,1518.0,1.0984081,10,139,4,11.498582,0.24020417,0.013024602026049204,0.5520984081041969,0.020889895
FOODS_3_387,FOODS_3,1390,767,7832.0,5.6345325,10,139,12,2.6537697,0.17670502,0.27697841726618705,0.5517985611510792,0.06658642
FOODS_3_748,FOODS_3,1168,644,6181.0,5.291952,10,128,1,3.8800004,0.0,0.0,0.5513698630136986,0.0
HOBBIES_2_029,HOBBIES_2,1293,712,2257.0,1.745553,10,137,4,2.6838439,0.09759017,0.0007733952049497294,0.5506573859242073,0.03636209
HOBBIES_1_360,HOBBIES_1,1386,763,1640.0,1.1832612,10,139,7,14.768348,0.26362342,0.0021645021645021645,0.5505050505050505,0.017850569
FOODS_1_211,FOODS_1,934,514,1682.0,1.8008566,10,126,17,5.8984475,0.6653703,0.08458244111349036,0.550321199143469,0.11280431
FOODS_3_027,FOODS_3,1061,583,6533.0,6.1573987,10,107,3,2.3579266,0.095968954,0.019792648444863337,0.5494816211121584,0.04070057
HOUSEHOLD_2_272,HOUSEHOLD_2,102,56,184.0,1.8039216,8,14,2,5.455294,0.08489604,0.029411764705882353,0.5490196078431373,0.0155621385
FOODS_3_511,FOODS_3,1050,576,36250.0,34.52381,10,106,3,6.444876,0.270236,0.021904761904761906,0.5485714285714286,0.041930363
FOODS_2_117,FOODS_2,175,96,1372.0,7.84,5,36,4,6.0193143,0.15441623,0.0,0.5485714285714286,0.02565346
HOBBIES_1_307,HOBBIES_1,733,402,698.0,0.952251,10,87,1,3.97,0.0,0.0,0.548431105047749,0.0
FOODS_2_177,FOODS_2,584,320,1694.0,2.9006848,7,86,4,3.2637844,0.102463104,0.0017123287671232876,0.547945205479452,0.031393956
HOUSEHOLD_2_226,HOUSEHOLD_2,1388,760,2619.0,1.8868876,10,139,4,6.9637322,0.07331606,0.010806916426512969,0.547550432276657,0.010528271
HOUSEHOLD_1_012,HOUSEHOLD_1,1238,677,3192.0,2.5783522,10,139,4,3.911454,0.08195068,0.0008077544426494346,0.5468497576736672,0.020951463
HOBBIES_2_146,HOBBIES_2,1362,744,2326.0,1.7077826,10,139,2,1.9678634,0.045490894,0.0022026431718061676,0.5462555066079295,0.023116896
HOBBIES_1_113,HOBBIES_1,163,89,180.0,1.1042944,10,19,1,1.47,0.0,0.0,0.5460122699386503,0.0
HOBBIES_2_137,HOBBIES_2,697,380,820.0,1.1764706,10,78,2,2.9685655,0.0378777,0.0014347202295552368,0.5451936872309899,0.012759598
FOODS_3_724,FOODS_3,1384,753,2279.0,1.6466763,10,139,9,6.553974,0.5198718,0.10838150289017341,0.5440751445086706,0.07932161
HOBBIES_2_116,HOBBIES_2,1386,754,1585.0,1.1435786,10,139,2,2.9749064,0.030949341,0.01875901875901876,0.5440115440115441,0.010403467
FOODS_2_129,FOODS_2,652,354,583.0,0.8941718,9,77,3,9.473006,0.045303274,0.0,0.5429447852760736,0.0047823545
HOUSEHOLD_1_157,HOUSEHOLD_1,1306,709,8528.0,6.5298624,10,134,6,4.2267838,0.3211512,0.1003062787136294,0.5428790199081164,0.07598004
HOUSEHOLD_2_401,HOUSEHOLD_2,411,223,1077.0,2.6204379,10,136,2,3.2368612,0.14871028,0.0,0.5425790754257908,0.045942742
FOODS_3_665,FOODS_3,343,186,7555.0,22.02624,10,35,1,2.98,0.0,0.0,0.5422740524781341,0.0
HOUSEHOLD_2_311,HOUSEHOLD_2,1386,751,2736.0,1.974026,10,139,4,5.8811617,0.2599687,0.05555555555555555,0.5418470418470418,0.04420363
FOODS_3_120,FOODS_3,787,426,87939.0,111.73952,10,87,2,4.9781194,0.052756302,0.0012706480304955528,0.5412960609911055,0.010597637
FOODS_2_037,FOODS_2,1090,590,2170.0,1.9908257,9,139,7,6.903257,0.45153657,0.03577981651376147,0.5412844036697247,0.065409206
FOODS_3_701,FOODS_3,170,92,354.0,2.0823529,7,35,2,2.0931764,0.12928763,0.3058823529411765,0.5411764705882353,0.061766237
HOUSEHOLD_2_474,HOUSEHOLD_2,1356,733,1245.0,0.9181416,10,139,3,6.991298,0.10743338,0.01032448377581121,0.5405604719764012,0.015366728
HOUSEHOLD_2_300,HOUSEHOLD_2,444,240,459.0,1.0337838,10,47,4,7.9497294,0.37656394,0.21621621621621623,0.5405405405405406,0.047368146
FOODS_1_119,FOODS_1,1389,750,2906.0,2.0921526,10,139,6,3.1779048,0.17699131,0.059755219582433405,0.5399568034557235,0.05569434
HOBBIES_1_205,HOBBIES_1,728,393,690.0,0.9478022,10,85,1,5.88,0.0,0.0,0.5398351648351648,0.0
HOUSEHOLD_1_174,HOUSEHOLD_1,1030,556,2625.0,2.5485437,10,121,7,5.699631,0.3206697,0.014563106796116505,0.5398058252427185,0.056261484
HOUSEHOLD_1_491,HOUSEHOLD_1,91,49,159.0,1.7472527,9,12,1,6.48,0.0,0.0,0.5384615384615384,0.0
HOBBIES_2_048,HOBBIES_2,1308,703,2286.0,1.7477064,10,137,5,2.6872554,0.09561324,0.0022935779816513763,0.5374617737003058,0.03558026
HOBBIES_2_101,HOBBIES_2,649,348,615.0,0.9476117,10,76,2,0.56180274,0.0161585,0.0,0.5362095531587057,0.028761875
HOUSEHOLD_2_032,HOUSEHOLD_2,458,245,601.0,1.3122271,10,48,4,7.8178606,0.3197103,0.026200873362445413,0.5349344978165939,0.04089486
FOODS_2_350,FOODS_2,116,62,246.0,2.1206896,9,16,3,4.738966,0.8853939,0.0,0.5344827586206896,0.18683273
FOODS_3_825,FOODS_3,1387,741,5772.0,4.1614995,10,139,7,4.239733,0.21639115,0.17015140591204037,0.5342465753424658,0.051038858
HOUSEHOLD_2_255,HOUSEHOLD_2,1374,734,1667.0,1.213246,10,139,2,10.013232,0.19252606,0.009461426491994178,0.5342066957787481,0.019227164
HOUSEHOLD_2_169,HOUSEHOLD_2,395,211,374.0,0.94683546,10,42,1,5.84,0.0,0.0,0.5341772151898734,0.0
FOODS_3_700,FOODS_3,1386,740,5198.0,3.7503607,10,139,17,2.6576695,0.17981936,0.2727272727272727,0.5339105339105339,0.06766054
FOODS_3_758,FOODS_3,817,436,1660.0,2.0318236,10,90,3,2.4553244,0.22719339,0.04528763769889841,0.5336597307221542,0.092530906
HOUSEHOLD_2_514,HOUSEHOLD_2,1387,740,1883.0,1.3576063,10,139,5,18.968111,0.37453136,0.02090843547224225,0.5335255948089401,0.019745316
HOUSEHOLD_2_425,HOUSEHOLD_2,1359,725,1654.0,1.2170714,10,139,5,8.292023,0.24439174,0.0007358351729212656,0.5334805003679176,0.029473115
HOBBIES_2_073,HOBBIES_2,729,388,746.0,1.0233196,10,77,2,0.5647325,0.013535311,0.0,0.532235939643347,0.023967652
FOODS_2_135,FOODS_2,1289,686,7316.0,5.675718,10,139,8,2.3569357,0.15993544,0.03180760279286268,0.5321955003878976,0.06785736
FOODS_3_763,FOODS_3,1341,712,5060.0,3.7733035,10,135,3,3.67173,0.15087897,0.010439970171513796,0.5309470544369873,0.041092064
FOODS_2_180,FOODS_2,266,141,793.0,2.981203,9,34,4,2.258872,0.4363652,0.03759398496240601,0.5300751879699248,0.19317836
HOBBIES_2_098,HOBBIES_2,1368,725,1903.0,1.3910819,10,139,5,0.80868423,0.07958209,0.07602339181286549,0.5299707602339181,0.09840935
HOUSEHOLD_2_218,HOUSEHOLD_2,1329,704,1391.0,1.0466516,10,139,4,11.738021,0.51080996,0.08954100827689992,0.5297215951843491,0.043517552
FOODS_3_669,FOODS_3,878,465,9967.0,11.351936,10,101,3,0.6743166,0.048387222,0.0,0.5296127562642369,0.07175743
HOBBIES_2_145,HOBBIES_2,1311,694,2112.0,1.610984,10,137,4,2.686453,0.09548516,0.0007627765064836003,0.5293668954996186,0.035543207
FOODS_1_010,FOODS_1,935,494,1933.0,2.0673797,10,126,16,5.8562784,0.5653502,0.09839572192513368,0.5283422459893048,0.09653745
HOUSEHOLD_2_229,HOUSEHOLD_2,1045,552,1457.0,1.3942584,10,106,5,4.595129,0.24056706,0.1320574162679426,0.5282296650717704,0.052352622
HOUSEHOLD_2_276,HOUSEHOLD_2,631,333,834.0,1.3217115,10,65,1,5.47,0.0,0.0,0.5277337559429477,0.0
HOBBIES_1_021,HOBBIES_1,1310,691,2827.0,2.1580153,10,133,5,11.742619,0.22787943,0.0,0.5274809160305344,0.019406186
HOUSEHOLD_2_464,HOUSEHOLD_2,1387,731,1489.0,1.07354,10,139,1,2.88,0.0,0.0,0.5270367700072098,0.0
FOODS_3_428,FOODS_3,827,435,5782.0,6.9915357,10,91,2,2.1115599,0.09494673,0.1414752116082225,0.5259975816203144,0.044965208
HOUSEHOLD_1_092,HOUSEHOLD_1,1157,607,1317.0,1.1382887,10,117,2,1.6569922,0.059016835,0.0025929127052722557,0.5246326707000865,0.035616845
FOODS_3_573,FOODS_3,429,225,5230.0,12.191142,9,89,1,1.0,0.0,0.0,0.5244755244755245,0.0
HOBBIES_1_066,HOBBIES_1,82,43,102.0,1.2439024,10,10,1,1.25,0.0,0.0,0.524390243902439,0.0
HOBBIES_2_062,HOBBIES_2,1354,710,1223.0,0.9032496,10,139,5,5.592378,0.4508144,0.0022156573116691287,0.5243722304283605,0.08061229
FOODS_2_032,FOODS_2,719,377,6970.0,9.694019,7,139,5,2.1215022,0.14063911,0.004172461752433936,0.5243393602225312,0.066292234
HOUSEHOLD_1_015,HOUSEHOLD_1,1352,708,2412.0,1.7840236,10,139,6,4.861043,0.16672762,0.0022189349112426036,0.5236686390532544,0.034298733
HOBBIES_2_006,HOBBIES_2,1376,720,1271.0,0.92369187,10,139,3,3.8726165,0.19899856,0.0007267441860465116,0.5232558139534884,0.051386073
HOUSEHOLD_1_013,HOUSEHOLD_1,1361,712,6184.0,4.543718,10,138,1,4.97,0.0,0.0,0.5231447465099192,0.0
HOUSEHOLD_2_174,HOUSEHOLD_2,1371,717,1195.0,0.87162656,10,139,1,3.97,0.0,0.0,0.5229759299781181,0.0
HOBBIES_2_128,HOBBIES_2,1374,718,1658.0,1.2066958,10,139,3,4.017016,0.35825783,0.004366812227074236,0.5225618631732168,0.08918507
HOBBIES_2_008,HOBBIES_2,1284,670,1124.0,0.8753894,10,133,3,3.7073598,0.16240245,0.0,0.5218068535825545,0.04380542
HOUSEHOLD_2_004,HOUSEHOLD_2,716,373,903.0,1.2611731,10,92,2,5.6680446,0.019692155,0.0,0.520949720670391,0.0034742414
HOBBIES_2_068,HOBBIES_2,1246,649,1329.0,1.0666132,10,135,3,1.9513003,0.13348915,0.011235955056179775,0.5208667736757624,0.06841036
FOODS_2_263,FOODS_2,1074,559,2741.0,2.5521414,9,136,11,5.5917783,0.4234729,0.13128491620111732,0.5204841713221602,0.07573135
FOODS_2_268,FOODS_2,419,218,753.0,1.7971361,9,47,3,3.460191,0.06535844,0.0,0.5202863961813843,0.018888678
HOUSEHOLD_2_261,HOUSEHOLD_2,1388,722,2254.0,1.6239194,10,139,3,6.9678383,0.16702479,0.026657060518731988,0.5201729106628242,0.02397082
HOUSEHOLD_2_091,HOUSEHOLD_2,633,329,561.0,0.8862559,10,65,1,8.47,0.0,0.0,0.5197472353870458,0.0
FOODS_3_341,FOODS_3,991,515,3014.0,3.0413723,9,139,6,3.866347,0.24714322,0.02119071644803229,0.5196770938446014,0.06392164
HOBBIES_2_125,HOBBIES_2,639,332,655.0,1.0250391,10,77,2,0.95262915,0.037915587,0.0,0.5195618153364632,0.039800994
HOUSEHOLD_2_252,HOUSEHOLD_2,1078,560,1646.0,1.5269017,10,108,4,6.883729,0.29758668,0.017625231910946195,0.5194805194805194,0.043230448
HOUSEHOLD_2_334,HOUSEHOLD_2,1219,633,1436.0,1.1780148,10,139,4,2.9810174,0.09081341,0.004101722723543888,0.5192780968006563,0.0304639
HOBBIES_2_064,HOBBIES_2,166,86,154.0,0.92771083,9,25,1,0.97,0.0,0.0,0.5180722891566265,0.0
HOBBIES_2_069,HOBBIES_2,1341,694,1352.0,1.0082028,10,139,3,2.9732811,0.0577279,0.02162565249813572,0.517524235645041,0.019415554
HOUSEHOLD_2_051,HOUSEHOLD_2,1359,702,2777.0,2.0434144,10,139,3,9.968985,0.09987464,0.0,0.5165562913907285,0.010018537
HOUSEHOLD_2_422,HOUSEHOLD_2,1383,714,1425.0,1.0303688,10,139,4,4.976587,0.15071821,0.01012292118582791,0.5162689804772235,0.030285459
HOBBIES_2_052,HOBBIES_2,1006,518,1076.0,1.0695825,10,102,2,2.4670777,0.06551144,0.0019880715705765406,0.5149105367793241,0.026554268
HOBBIES_2_054,HOBBIES_2,270,139,270.0,1.0,10,72,2,4.9608517,0.1503194,0.003703703703703704,0.5148148148148148,0.030301128
HOUSEHOLD_2_013,HOUSEHOLD_2,1178,606,2444.0,2.074703,10,121,3,5.8835316,0.25440043,0.0500848896434635,0.5144312393887945,0.04323941
HOBBIES_1_138,HOBBIES_1,755,388,903.0,1.1960264,10,83,1,5.8799996,0.0,0.0,0.5139072847682119,0.0
HOBBIES_1_267,HOBBIES_1,755,388,876.0,1.1602648,9,86,1,2.88,0.0,0.0,0.5139072847682119,0.0
HOBBIES_2_020,HOBBIES_2,1337,687,1160.0,0.8676141,10,139,4,3.6929321,0.1676049,0.0007479431563201197,0.5138369483919222,0.045385316
HOUSEHOLD_2_270,HOUSEHOLD_2,1385,709,2926.0,2.1126354,10,139,4,5.4224186,0.13178347,0.0021660649819494585,0.511913357400722,0.02430345
HOUSEHOLD_2_028,HOUSEHOLD_2,1388,710,1496.0,1.0778098,10,139,2,5.9386454,0.035669047,0.001440922190201729,0.5115273775216138,0.00600626
FOODS_2_281,FOODS_2,1093,559,1672.0,1.5297347,9,139,4,6.8884172,0.44500327,0.03202195791399817,0.5114364135407137,0.064601675
HOBBIES_1_259,HOBBIES_1,1056,540,1139.0,1.0785985,10,139,3,1.106572,0.19814254,0.07386363636363637,0.5113636363636364,0.17905977
HOBBIES_2_092,HOBBIES_2,726,371,659.0,0.9077135,10,75,1,4.97,0.0,0.0,0.5110192837465565,0.0
HOBBIES_1_039,HOBBIES_1,730,373,662.0,0.9068493,10,75,2,5.8774114,0.06995204,0.0013698630136986301,0.510958904109589,0.011901845
HOBBIES_1_112,HOBBIES_1,1385,704,1462.0,1.0555956,10,139,9,2.6504984,0.1936129,0.012996389891696752,0.5083032490974729,0.073047735
HOBBIES_2_133,HOBBIES_2,1310,665,1872.0,1.4290076,10,137,4,2.6881833,0.09584206,0.0,0.5076335877862596,0.0356531
HOBBIES_1_162,HOBBIES_1,836,424,786.0,0.9401914,10,85,2,3.9776196,0.06882559,0.0011961722488038277,0.507177033492823,0.01730321
HOBBIES_1_048,HOBBIES_1,1280,649,19536.0,15.2625,10,139,6,0.47308594,0.054232225,0.12734375,0.50703125,0.114635035
HOUSEHOLD_2_473,HOUSEHOLD_2,1369,693,1636.0,1.1950328,10,139,3,7.726706,0.18166126,0.0,0.506208911614317,0.023510829
HOUSEHOLD_2_122,HOUSEHOLD_2,1343,679,2199.0,1.637379,10,138,2,6.963626,0.16510448,0.0014892032762472078,0.505584512285927,0.023709556
HOBBIES_1_188,HOBBIES_1,792,400,696.0,0.8787879,10,86,2,12.87697,0.08528031,0.0012626262626262627,0.5050505050505051,0.0066226996
HOUSEHOLD_2_504,HOUSEHOLD_2,832,420,896.0,1.0769231,10,103,4,1.9334134,0.09694558,0.009615384615384616,0.5048076923076923,0.050142188
FOODS_2_370,FOODS_2,1046,528,5671.0,5.421606,9,139,5,5.0959845,0.15689741,0.1950286806883365,0.5047801147227533,0.03078844
HOUSEHOLD_1_313,HOUSEHOLD_1,1390,701,3553.0,2.5561152,10,139,5,4.431482,0.14215589,0.04964028776978417,0.50431654676259,0.032078635
HOBBIES_1_251,HOBBIES_1,980,494,1042.0,1.0632653,9,139,4,15.230286,0.46785054,0.0,0.5040816326530613,0.030718435
FOODS_2_302,FOODS_2,929,468,4923.0,5.2992463,9,120,6,10.899138,0.4050491,0.03336921420882669,0.503767491926803,0.037163403
FOODS_3_320,FOODS_3,878,442,5423.0,6.1765375,10,90,2,2.109385,0.09563967,0.1492027334851936,0.5034168564920274,0.045340072
FOODS_1_198,FOODS_1,1388,697,3695.0,2.6621037,10,139,4,2.4414625,0.09093099,0.03386167146974063,0.5021613832853026,0.037244476
FOODS_3_057,FOODS_3,1269,637,5147.0,4.0559497,10,139,4,2.8091805,0.17235596,0.10007880220646179,0.5019700551615445,0.061354537
HOUSEHOLD_2_056,HOUSEHOLD_2,1371,688,1646.0,1.2005835,10,139,4,5.816426,0.23546852,0.0007293946024799417,0.5018234865061999,0.04048337
HOUSEHOLD_2_010,HOUSEHOLD_2,1367,684,1387.0,1.0146306,10,139,6,6.9678564,0.14236401,0.015362106803218726,0.5003657644476956,0.020431535
HOUSEHOLD_1_222,HOUSEHOLD_1,1324,662,7708.0,5.821752,10,133,4,10.742281,0.4036799,0.10120845921450151,0.5,0.0375786
FOODS_2_334,FOODS_2,904,451,4449.0,4.92146,9,115,6,10.904944,0.40909642,0.033185840707964605,0.49889380530973454,0.037514765
HOBBIES_1_272,HOBBIES_1,782,390,656.0,0.8388747,10,86,1,8.44,0.0,0.0,0.49872122762148335,0.0
HOUSEHOLD_1_117,HOUSEHOLD_1,1373,683,4424.0,3.2221413,10,139,6,8.544624,0.530551,0.19664967225054625,0.49745083758193737,0.06209179
FOODS_3_049,FOODS_3,573,285,1151.0,2.0087261,10,66,2,4.6723213,0.12986149,0.0034904013961605585,0.4973821989528796,0.027793784
HOUSEHOLD_2_123,HOUSEHOLD_2,171,85,175.0,1.0233918,2,89,1,1.9800001,0.0,0.0,0.49707602339181284,0.0
HOBBIES_1_174,HOBBIES_1,736,365,626.0,0.8505435,10,75,1,4.88,0.0,0.0,0.49592391304347827,0.0
HOBBIES_1_011,HOBBIES_1,731,362,589.0,0.80574554,10,75,1,3.4800003,0.0,0.0,0.4952120383036936,0.0
HOBBIES_2_140,HOBBIES_2,397,196,763.0,1.9219143,10,75,1,2.7699997,0.0,0.0,0.49370277078085645,0.0
HOUSEHOLD_2_144,HOUSEHOLD_2,1384,683,1233.0,0.89089596,10,139,3,4.36513,0.10136599,0.0,0.4934971098265896,0.023221757
HOUSEHOLD_2_099,HOUSEHOLD_2,1378,680,1178.0,0.8548621,10,139,1,5.94,0.0,0.0,0.4934687953555878,0.0
HOUSEHOLD_1_144,HOUSEHOLD_1,1316,648,4235.0,3.218085,10,132,6,2.8927205,0.16244298,0.1033434650455927,0.49240121580547114,0.056155782
HOUSEHOLD_2_249,HOUSEHOLD_2,1368,672,1407.0,1.0285088,10,139,5,8.101229,0.37376684,0.0021929824561403508,0.49122807017543857,0.046137057
HOUSEHOLD_2_168,HOUSEHOLD_2,1385,680,1371.0,0.9898917,10,139,5,6.929979,0.14036518,0.006498194945848376,0.49097472924187724,0.020254778
FOODS_2_207,FOODS_2,1092,536,1309.0,1.198718,9,139,5,6.9218407,0.42778298,0.015567765567765568,0.4908424908424908,0.06180191
HOBBIES_1_142,HOBBIES_1,887,435,9060.0,10.214205,10,98,2,0.95170236,0.023787279,0.10935738444193913,0.4904171364148816,0.024994452
HOUSEHOLD_2_441,HOUSEHOLD_2,1384,677,1115.0,0.8056358,10,139,3,4.8357153,0.24884948,0.01878612716763006,0.48916184971098264,0.05146074
HOUSEHOLD_2_208,HOUSEHOLD_2,1259,615,1290.0,1.0246227,10,128,6,12.899881,0.45061234,0.019062748212867357,0.48848292295472595,0.03493151
HOBBIES_1_230,HOBBIES_1,752,367,660.0,0.87765956,9,86,1,4.48,0.0,0.0,0.488031914893617,0.0
HOUSEHOLD_2_503,HOUSEHOLD_2,1389,677,1008.0,0.7257019,10,139,4,6.7371206,0.38956904,0.0,0.48740100791936647,0.057824265
FOODS_3_470,FOODS_3,1388,676,8176.0,5.89049,10,139,4,1.8783861,0.12074387,0.09582132564841499,0.48703170028818443,0.064280644
HOBBIES_2_049,HOBBIES_2,1345,655,1077.0,0.8007435,10,139,2,2.7108922,0.24992697,0.0,0.48698884758364314,0.09219362
FOODS_2_265,FOODS_2,374,182,643.0,1.7192514,8,47,3,3.4668984,0.05961898,0.0,0.48663101604278075,0.017196633
HOUSEHOLD_2_082,HOUSEHOLD_2,1190,579,3126.0,2.6268907,10,125,3,4.468151,0.057489764,0.0016806722689075631,0.4865546218487395,0.012866567
HOBBIES_1_176,HOBBIES_1,1186,577,1333.0,1.1239461,10,127,5,5.49344,0.20266488,0.006745362563237774,0.48650927487352447,0.03689216
FOODS_2_084,FOODS_2,501,243,857.0,1.7105788,6,92,3,3.364132,0.07176836,0.029940119760479042,0.48502994011976047,0.021333396
HOBBIES_2_039,HOBBIES_2,1385,671,1277.0,0.9220217,10,139,5,4.96257,0.095679216,0.006498194945848376,0.4844765342960289,0.019280175
HOUSEHOLD_2_100,HOUSEHOLD_2,1379,667,1428.0,1.035533,10,139,3,8.110305,0.3462118,0.0,0.48368382886149386,0.04268789
HOBBIES_2_135,HOBBIES_2,732,354,724.0,0.989071,10,76,2,0.5646994,0.013571215,0.0,0.48360655737704916,0.024032636
HOBBIES_2_018,HOBBIES_2,601,290,933.0,1.5524126,9,76,1,3.37,0.0,0.0,0.4825291181364393,0.0
HOUSEHOLD_2_516,HOUSEHOLD_2,1380,663,1195.0,0.865942,10,139,3,5.93642,0.095686205,0.0014492753623188406,0.48043478260869565,0.016118504
FOODS_3_256,FOODS_3,1385,664,1134.0,0.81877255,10,139,3,2.528664,0.08715563,0.0,0.47942238267148013,0.034467068
FOODS_1_033,FOODS_1,664,318,755.0,1.1370482,10,68,14,5.928223,0.74466217,0.08734939759036145,0.4789156626506024,0.12561305
HOUSEHOLD_1_042,HOUSEHOLD_1,1327,635,4741.0,3.5727205,10,133,4,10.740173,0.38905448,0.0987189148455162,0.47852298417483047,0.036224227
HOUSEHOLD_2_274,HOUSEHOLD_2,1297,620,1294.0,0.997687,10,139,3,6.1961603,0.28637856,0.002313030069390902,0.4780262143407864,0.046218716
FOODS_2_389,FOODS_2,986,471,1344.0,1.3630831,9,139,11,11.860021,0.96822834,0.1359026369168357,0.4776876267748479,0.081638
FOODS_3_213,FOODS_3,1375,656,14280.0,10.385454,10,139,9,2.3746908,0.16512632,0.16727272727272727,0.47709090909090907,0.069535926
FOODS_2_368,FOODS_2,1390,663,20081.0,14.446763,10,139,7,7.1359563,0.64782983,0.13453237410071942,0.47697841726618706,0.09078389
HOUSEHOLD_1_436,HOUSEHOLD_1,1378,657,4681.0,3.3969522,10,139,7,11.4880705,0.5329062,0.020319303338171262,0.47677793904209,0.046387788
HOUSEHOLD_2_253,HOUSEHOLD_2,1373,654,999.0,0.7276038,10,139,5,5.748929,0.3507134,0.005098324836125273,0.4763292061179898,0.061004996
HOUSEHOLD_2_038,HOUSEHOLD_2,1370,652,1271.0,0.92773724,10,139,1,5.94,0.0,0.0,0.4759124087591241,0.0
HOUSEHOLD_2_351,HOUSEHOLD_2,1330,632,1219.0,0.91654134,10,139,1,5.94,0.0,0.0,0.47518796992481205,0.0
HOUSEHOLD_2_508,HOUSEHOLD_2,842,400,643.0,0.7636579,10,86,2,14.77209,0.814765,0.014251781472684086,0.4750593824228028,0.055155702
FOODS_3_153,FOODS_3,1347,638,6605.0,4.903489,10,139,3,1.869948,0.1195767,0.09725315515961395,0.473645137342242,0.06394654
HOUSEHOLD_2_192,HOUSEHOLD_2,927,439,829.0,0.89428264,10,103,3,1.9329557,0.08500859,0.007551240560949299,0.47357065803667747,0.04397855
HOBBIES_1_083,HOBBIES_1,463,219,400.0,0.8639309,10,54,3,17.348034,0.60080546,0.02591792656587473,0.47300215982721383,0.03463248
HOUSEHOLD_2_283,HOUSEHOLD_2,1390,657,1864.0,1.3410072,10,139,5,5.4136763,0.1465772,0.019424460431654675,0.47266187050359715,0.027075352
HOUSEHOLD_1_513,HOUSEHOLD_1,1327,627,4861.0,3.66315,10,133,3,10.745434,0.36595204,0.09796533534287867,0.4724943481537302,0.03405652
FOODS_2_316,FOODS_2,942,444,4807.0,5.1029725,9,122,5,10.911804,0.33420625,0.02653927813163482,0.4713375796178344,0.030627955
FOODS_3_600,FOODS_3,261,123,972.0,3.724138,10,27,1,2.5,0.0,0.0,0.47126436781609193,0.0
HOUSEHOLD_2_494,HOUSEHOLD_2,1386,653,1230.0,0.88744587,10,139,2,5.937879,0.07897065,0.0007215007215007215,0.47113997113997114,0.013299471
FOODS_3_375,FOODS_3,1244,586,4319.0,3.471865,10,139,2,1.878135,0.118669465,0.09405144694533762,0.47106109324758844,0.06318474
HOUSEHOLD_2_405,HOUSEHOLD_2,907,426,1894.0,2.088203,10,94,5,5.6136823,0.21542175,0.016538037486218304,0.4696802646085998,0.038374413
FOODS_3_465,FOODS_3,1389,652,7476.0,5.3822894,10,139,3,1.8767604,0.11878656,0.0964722822174226,0.46940244780417567,0.063293405
HOUSEHOLD_2_449,HOUSEHOLD_2,1283,602,4702.0,3.664848,10,130,2,5.6625175,0.0129853925,0.0,0.4692127825409197,0.0022932189
HOUSEHOLD_1_060,HOUSEHOLD_1,64,30,46.0,0.71875,6,14,1,29.97,0.0,0.0,0.46875,0.0
HOBBIES_2_141,HOBBIES_2,637,298,479.0,0.7519623,10,77,2,0.5645997,0.013680028,0.0,0.46781789638932497,0.024229605
HOUSEHOLD_2_111,HOUSEHOLD_2,1373,641,2500.0,1.8208303,10,139,5,6.4618793,0.09994802,0.03058994901675164,0.4668608885651857,0.01546733
FOODS_3_663,FOODS_3,1388,647,8747.0,6.301873,10,139,3,1.8730403,0.11926588,0.09582132564841499,0.4661383285302594,0.063675016
HOBBIES_2_138,HOBBIES_2,146,68,116.0,0.79452056,8,23,1,0.9700001,0.0,0.0,0.4657534246575342,0.0
FOODS_2_243,FOODS_2,1089,506,1412.0,1.2966024,9,139,7,6.920918,0.44275665,0.024793388429752067,0.46464646464646464,0.06397369
HOUSEHOLD_2_291,HOUSEHOLD_2,1378,640,1271.0,0.92235124,10,139,3,4.812518,0.23601124,0.000725689404934688,0.4644412191582003,0.04904111
HOBBIES_1_070,HOBBIES_1,709,328,515.0,0.72637516,10,73,2,5.8785896,0.037555788,0.0,0.46262341325811,0.006388571
FOODS_3_315,FOODS_3,733,339,2642.0,3.6043656,10,92,2,1.8591815,0.12007915,0.12414733969986358,0.46248294679399726,0.0645871
HOBBIES_2_030,HOBBIES_2,665,307,512.0,0.7699248,10,75,2,0.95857143,0.031839754,0.0,0.4616541353383459,0.03321584
FOODS_2_235,FOODS_2,860,397,2147.0,2.4965117,9,126,7,2.7863023,0.23624499,0.1186046511627907,0.46162790697674416,0.084787995
HOUSEHOLD_2_108,HOUSEHOLD_2,1344,620,1700.0,1.2648809,10,139,5,8.897946,0.21151257,0.010416666666666666,0.46130952380952384,0.023770941
HOBBIES_2_144,HOBBIES_2,219,101,185.0,0.84474885,10,26,1,0.57,0.0,0.0,0.4611872146118721,0.0
HOBBIES_2_112,HOBBIES_2,1382,637,1127.0,0.8154848,10,139,3,2.1920695,0.24526933,0.01881331403762663,0.4609261939218524,0.11188939
HOBBIES_1_065,HOBBIES_1,740,340,565.0,0.7635135,10,75,1,4.88,0.0,0.0,0.4594594594594595,0.0
FOODS_2_352,FOODS_2,923,424,4343.0,4.705309,9,122,5,10.927909,0.34813082,0.020585048754062838,0.4593716143011918,0.03185704
HOUSEHOLD_2_156,HOUSEHOLD_2,1104,507,1328.0,1.2028985,10,139,4,6.989493,0.12612471,0.012681159420289856,0.4592391304347826,0.018044902
HOUSEHOLD_2_141,HOUSEHOLD_2,952,437,710.0,0.7457983,10,139,3,4.566019,0.18797164,0.01365546218487395,0.45903361344537813,0.04116751
HOUSEHOLD_2_125,HOUSEHOLD_2,1293,593,1406.0,1.0873936,10,138,4,8.874486,0.094513535,0.01082753286929621,0.4586233565351895,0.010650029
FOODS_3_360,FOODS_3,1372,629,9870.0,7.1938777,10,139,4,2.3855977,0.14074568,0.1588921282798834,0.4584548104956268,0.05899808
FOODS_3_130,FOODS_3,938,430,3637.0,3.8773987,10,94,8,2.5517805,0.21182173,0.1460554371002132,0.4584221748400853,0.083009385
FOODS_3_056,FOODS_3,1388,636,6097.0,4.392651,10,139,3,1.881268,0.11798161,0.10158501440922191,0.45821325648414984,0.06271388
HOBBIES_2_110,HOBBIES_2,585,268,554.0,0.94700855,10,60,1,5.97,0.0,0.0,0.4581196581196581,0.0
HOBBIES_2_021,HOBBIES_2,179,82,133.0,0.7430168,9,23,1,0.97,0.0,0.0,0.4581005586592179,0.0
FOODS_3_373,FOODS_3,1381,632,6114.0,4.4272265,10,139,3,1.8962926,0.11436599,0.09485879797248371,0.45763939174511226,0.060310308
FOODS_3_643,FOODS_3,1341,613,6422.0,4.7889633,10,135,3,1.881044,0.11817057,0.0976882923191648,0.4571215510812826,0.0628218
HOBBIES_2_044,HOBBIES_2,571,261,469.0,0.821366,10,74,1,4.47,0.0,0.0,0.45709281961471104,0.0
HOUSEHOLD_2_397,HOUSEHOLD_2,138,63,90.0,0.65217394,6,29,2,6.99942,0.0033675353,0.0,0.45652173913043476,0.00048111632
FOODS_3_402,FOODS_3,780,356,1120.0,1.4358975,10,93,2,4.976308,0.07287042,0.002564102564102564,0.4564102564102564,0.014643471
FOODS_1_035,FOODS_1,1356,617,3603.0,2.6570797,10,139,3,2.451829,0.0716895,0.02359882005899705,0.4550147492625369,0.029239194
HOUSEHOLD_2_357,HOUSEHOLD_2,1341,607,1562.0,1.1648024,10,139,5,8.127837,0.21616799,0.06785980611483967,0.4526472781506339,0.026596004
HOUSEHOLD_1_182,HOUSEHOLD_1,1388,628,2927.0,2.1087897,10,139,7,4.421931,0.17604482,0.05475504322766571,0.45244956772334294,0.039811753
HOBBIES_1_245,HOBBIES_1,847,383,561.0,0.66233766,10,87,4,4.9072843,0.5096113,0.015348288075560802,0.45218417945690675,0.10384793
HOBBIES_2_102,HOBBIES_2,1386,625,1125.0,0.8116883,10,139,3,5.97404,0.04072783,0.0007215007215007215,0.4509379509379509,0.006817469
HOBBIES_2_093,HOBBIES_2,1243,560,1050.0,0.8447305,10,134,1,1.9699999,0.0,0.0,0.4505229283990346,0.0
HOUSEHOLD_1_160,HOUSEHOLD_1,1318,593,4007.0,3.0402124,10,133,3,10.745418,0.36558846,0.09787556904400607,0.44992412746585736,0.03402273
FOODS_3_478,FOODS_3,1256,565,4530.0,3.6066878,10,139,2,1.8829299,0.1178358,0.1035031847133758,0.4498407643312102,0.062581085
HOUSEHOLD_2_243,HOUSEHOLD_2,1378,617,978.0,0.70972425,10,139,2,2.575544,0.0549988,0.009433962264150943,0.4477503628447025,0.021354245
HOBBIES_2_013,HOBBIES_2,1373,614,974.0,0.70939547,10,139,4,7.189468,0.2621237,0.019664967225054626,0.4471959213401311,0.0364594
FOODS_3_556,FOODS_3,1241,554,3223.0,2.597099,10,139,4,2.51473,0.18525732,0.1232876712328767,0.44641418211120065,0.07366887
HOBBIES_2_113,HOBBIES_2,1336,596,1025.0,0.76721555,10,139,5,5.3540792,0.4455644,0.011976047904191617,0.44610778443113774,0.08321961
HOUSEHOLD_1_302,HOUSEHOLD_1,1296,577,2511.0,1.9375,10,139,3,8.770363,0.60935014,0.13271604938271606,0.44521604938271603,0.069478326
HOUSEHOLD_2_309,HOUSEHOLD_2,407,181,321.0,0.7886978,9,63,2,2.4509091,0.20569935,0.019656019656019656,0.44471744471744473,0.08392777
HOBBIES_2_148,HOBBIES_2,1368,608,1432.0,1.0467836,10,139,4,0.8058114,0.07992544,0.06652046783625731,0.4444444444444444,0.09918629
FOODS_2_035,FOODS_2,9,4,4.0,0.44444445,1,9,3,4.2155557,1.2581645,0.0,0.4444444444444444,0.29845756
FOODS_2_206,FOODS_2,876,389,2064.0,2.3561645,9,116,6,10.920708,0.34198838,0.0319634703196347,0.4440639269406393,0.031315587
FOODS_3_235,FOODS_3,1300,577,4036.0,3.1046154,10,135,2,1.8889846,0.116491765,0.1,0.44384615384615383,0.06166899
HOUSEHOLD_2_204,HOUSEHOLD_2,1262,560,899.0,0.71236134,10,139,2,12.997813,0.1558119,0.010301109350237718,0.4437400950871632,0.011987547
HOUSEHOLD_1_420,HOUSEHOLD_1,79,35,114.0,1.443038,8,10,1,6.48,0.0,0.0,0.4430379746835443,0.0
FOODS_3_441,FOODS_3,820,363,22566.0,27.519512,10,82,3,6.4763536,0.06010977,0.004878048780487805,0.4426829268292683,0.009281422
HOUSEHOLD_2_008,HOUSEHOLD_2,1272,562,1519.0,1.1941824,10,132,2,2.475346,0.08289628,0.0031446540880503146,0.4418238993710692,0.03348876
HOUSEHOLD_1_163,HOUSEHOLD_1,154,68,172.0,1.1168832,5,33,1,9.98,0.0,0.0,0.44155844155844154,0.0
FOODS_2_068,FOODS_2,1092,482,1037.0,0.9496337,9,139,8,6.874423,0.54053634,0.04395604395604396,0.4413919413919414,0.07863007
FOODS_3_567,FOODS_3,1286,567,3573.0,2.7783825,10,139,4,1.887675,0.119186446,0.09409020217729394,0.44090202177293936,0.06313928
HOBBIES_1_402,HOBBIES_1,795,350,586.0,0.7371069,10,87,2,9.500755,0.26589388,0.0,0.44025157232704404,0.027986605
FOODS_3_608,FOODS_3,1341,589,4814.0,3.5898583,10,135,2,1.8837137,0.11767749,0.09694258016405667,0.43922445935868754,0.062471002
HOUSEHOLD_2_340,HOUSEHOLD_2,720,316,1296.0,1.8,10,72,3,4.9879723,0.11193729,0.0,0.4388888888888889,0.022441443
HOBBIES_2_042,HOBBIES_2,1108,486,1270.0,1.1462094,10,134,3,1.0466427,0.23371033,0.17509025270758122,0.43862815884476536,0.22329526
HOBBIES_2_019,HOBBIES_2,581,254,619.0,1.0654045,9,77,1,3.37,0.0,0.0,0.43717728055077454,0.0
FOODS_2_077,FOODS_2,674,293,1572.0,2.3323443,9,82,3,6.1853414,0.36589524,0.05637982195845697,0.43471810089020774,0.059155222
HOUSEHOLD_2_092,HOUSEHOLD_2,1366,593,894.0,0.6544656,10,139,3,5.9327674,0.1554286,0.0029282576866764276,0.4341142020497804,0.026198331
HOUSEHOLD_2_333,HOUSEHOLD_2,741,320,814.0,1.0985155,10,76,4,4.982146,0.118774645,0.006747638326585695,0.4318488529014845,0.023840059
FOODS_3_564,FOODS_3,1384,597,5851.0,4.227601,10,139,3,1.8917919,0.11569888,0.0953757225433526,0.4313583815028902,0.061158355
HOBBIES_1_062,HOBBIES_1,154,66,134.0,0.8701299,10,18,1,0.97,0.0,0.0,0.42857142857142855,0.0
HOUSEHOLD_2_393,HOUSEHOLD_2,1375,588,907.0,0.6596364,10,139,3,4.971309,0.2896776,0.0036363636363636364,0.42763636363636365,0.05826988
FOODS_3_447,FOODS_3,1335,570,4435.0,3.3220973,10,134,2,1.8829213,0.11783469,0.09737827715355805,0.42696629213483145,0.06258078
HOUSEHOLD_2_290,HOUSEHOLD_2,942,402,625.0,0.66348195,10,139,1,6.24,0.0,0.0,0.4267515923566879,0.0
FOODS_3_749,FOODS_3,1385,590,6252.0,4.5140796,10,139,3,1.8937618,0.11513909,0.096028880866426,0.4259927797833935,0.06079914
HOBBIES_1_401,HOBBIES_1,545,231,360.0,0.6605505,10,84,1,1.97,0.0,0.0,0.42385321100917434,0.0
FOODS_2_338,FOODS_2,706,299,2241.0,3.174221,10,71,3,2.9001274,0.072190575,0.00141643059490085,0.4235127478753541,0.02489221
HOUSEHOLD_2_445,HOUSEHOLD_2,1385,586,1188.0,0.85776174,10,139,5,5.667112,0.7802423,0.10469314079422383,0.42310469314079424,0.13767901
FOODS_3_747,FOODS_3,88,37,681.0,7.7386365,5,22,1,1.0,0.0,0.0,0.42045454545454547,0.0
FOODS_3_530,FOODS_3,700,293,8256.0,11.794286,8,126,2,1.5547143,0.043496065,0.0,0.4185714285714286,0.027976885
HOBBIES_2_097,HOBBIES_2,638,267,720.0,1.1285267,10,78,2,1.9684796,0.03840267,0.001567398119122257,0.41849529780564265,0.019508798
HOUSEHOLD_2_292,HOUSEHOLD_2,1378,576,1048.0,0.7605225,10,139,3,14.990319,0.38812348,0.013788098693759071,0.41799709724238027,0.02589161
HOUSEHOLD_1_444,HOUSEHOLD_1,60,25,114.0,1.9,6,11,1,4.88,0.0,0.0,0.4166666666666667,0.0
HOUSEHOLD_2_065,HOUSEHOLD_2,598,249,507.0,0.84782606,10,66,1,5.47,0.0,0.0,0.41638795986622074,0.0
FOODS_2_380,FOODS_2,1317,547,20896.0,15.866363,10,135,6,5.0742445,0.15490559,0.2034927866362946,0.4153378891419894,0.030527813
FOODS_2_337,FOODS_2,658,272,880.0,1.337386,9,82,2,6.210851,0.29196167,0.0486322188449848,0.4133738601823708,0.047008317
HOBBIES_2_034,HOBBIES_2,1338,551,858.0,0.6412556,10,139,4,2.7016742,0.2531862,0.0037369207772795215,0.4118086696562033,0.09371456
HOBBIES_2_066,HOBBIES_2,1324,545,884.0,0.6676737,10,139,1,4.97,0.0,0.0,0.411631419939577,0.0
HOUSEHOLD_2_254,HOUSEHOLD_2,1385,570,966.0,0.69747293,10,139,2,4.366931,0.096340165,0.0,0.41155234657039713,0.022061298
HOUSEHOLD_2_126,HOUSEHOLD_2,808,331,883.0,1.0928218,10,83,3,6.947797,0.24531162,0.011138613861386138,0.40965346534653463,0.03530783
FOODS_3_379,FOODS_3,684,280,1219.0,1.7821637,10,72,4,2.4584649,0.105387025,0.024853801169590642,0.4093567251461988,0.042867005
HOBBIES_2_080,HOBBIES_2,1372,560,756.0,0.5510204,10,139,3,3.986217,0.12080047,0.0036443148688046646,0.40816326530612246,0.03030454
HOUSEHOLD_2_420,HOUSEHOLD_2,1282,522,1445.0,1.127145,10,130,2,5.662582,0.01294789,0.0,0.40717628705148207,0.00228657
HOUSEHOLD_1_451,HOUSEHOLD_1,781,318,1069.0,1.368758,10,80,4,6.912381,0.50394315,0.08962868117797695,0.40717029449423814,0.07290442
HOUSEHOLD_2_415,HOUSEHOLD_2,1271,516,1020.0,0.8025177,10,131,2,2.4776711,0.058685783,0.0015735641227380016,0.40597954366640443,0.023685865
HOBBIES_2_086,HOBBIES_2,146,59,108.0,0.739726,8,23,1,0.9700001,0.0,0.0,0.4041095890410959,0.0
FOODS_2_123,FOODS_2,683,275,1237.0,1.8111274,10,71,2,2.90265,0.046927717,0.0,0.40263543191800877,0.016167197
HOBBIES_2_001,HOBBIES_2,1376,554,831.0,0.6039244,10,139,4,5.737878,0.23289512,0.0007267441860465116,0.40261627906976744,0.040589068
HOBBIES_2_127,HOBBIES_2,189,76,106.0,0.56084657,9,23,1,3.97,0.0,0.0,0.4021164021164021,0.0
HOBBIES_1_302,HOBBIES_1,1324,530,817.0,0.6170695,10,139,1,2.88,0.0,0.0,0.4003021148036254,0.0
HOUSEHOLD_2_190,HOUSEHOLD_2,1121,448,1872.0,1.6699376,10,113,2,0.9570473,0.051809467,0.01159678858162355,0.39964317573595004,0.0541347
HOUSEHOLD_2_046,HOUSEHOLD_2,306,122,457.0,1.493464,10,32,2,7.648529,0.12354117,0.029411764705882353,0.39869281045751637,0.016152278
HOBBIES_1_336,HOBBIES_1,836,333,542.0,0.6483254,10,86,1,1.8800001,0.0,0.0,0.39832535885167464,0.0
FOODS_3_823,FOODS_3,1269,503,6591.0,5.1938534,10,139,5,2.7933965,0.20168427,0.10401891252955082,0.3963750985027581,0.07220037
HOUSEHOLD_2_006,HOUSEHOLD_2,1301,513,809.0,0.6218294,10,139,3,3.7551575,0.1023549,0.010760953112990008,0.3943120676402767,0.027257152
HOUSEHOLD_1_406,HOUSEHOLD_1,814,319,1395.0,1.7137592,10,102,6,4.8991275,0.1973816,0.018427518427518427,0.3918918918918919,0.040289134
HOBBIES_1_306,HOBBIES_1,447,174,390.0,0.8724832,10,56,2,13.932348,0.1097797,0.0,0.38926174496644295,0.007879483
HOBBIES_2_010,HOBBIES_2,144,56,78.0,0.5416667,8,22,2,0.96673614,0.03916667,0.006944444444444444,0.3888888888888889,0.040514335
HOUSEHOLD_2_158,HOUSEHOLD_2,1240,480,858.0,0.6919355,10,139,4,11.483048,0.3106104,0.02338709677419355,0.3870967741935484,0.027049473
HOBBIES_2_122,HOBBIES_2,1354,524,1219.0,0.90029544,10,139,4,0.8081093,0.079240486,0.0672082717872969,0.3870014771048744,0.098056644
HOBBIES_2_055,HOBBIES_2,1321,511,787.0,0.59576076,10,139,2,2.713755,0.25001663,0.0,0.38682816048448143,0.09212941
HOBBIES_2_005,HOBBIES_2,525,203,326.0,0.62095237,10,71,1,4.47,0.0,0.0,0.38666666666666666,0.0
HOUSEHOLD_2_022,HOUSEHOLD_2,1291,497,1635.0,1.2664601,10,130,4,5.6551204,0.12472003,0.003098373353989156,0.3849728892331526,0.022054354
FOODS_3_200,FOODS_3,1133,435,5157.0,4.551633,10,139,7,2.290759,0.18321714,0.07590467784642542,0.38393645189761694,0.07998097
HOUSEHOLD_1_254,HOUSEHOLD_1,356,136,3784.0,10.629213,10,40,1,0.98,0.0,0.0,0.38202247191011235,0.0
HOBBIES_2_056,HOBBIES_2,1362,520,878.0,0.6446402,10,139,2,3.496975,0.05575701,0.002936857562408223,0.38179148311306904,0.015944354
HOUSEHOLD_2_428,HOUSEHOLD_2,1372,522,775.0,0.5648688,10,139,1,7.9399996,0.0,0.0,0.380466472303207,0.0
HOBBIES_1_192,HOBBIES_1,1325,504,753.0,0.5683019,10,139,5,3.4159548,0.077256195,0.0,0.38037735849056603,0.022616282
HOUSEHOLD_2_304,HOUSEHOLD_2,1384,526,843.0,0.60910404,10,139,3,6.131489,0.26420063,0.09609826589595376,0.3800578034682081,0.043089148
HOUSEHOLD_2_446,HOUSEHOLD_2,1382,525,746.0,0.53979737,10,139,7,25.003443,1.8067037,0.011577424023154847,0.37988422575976843,0.0722582
HOUSEHOLD_2_210,HOUSEHOLD_2,1318,498,962.0,0.7298938,10,139,4,8.962671,0.17138988,0.002276176024279211,0.37784522003034904,0.019122634
HOUSEHOLD_2_106,HOUSEHOLD_2,1367,516,762.0,0.557425,10,139,5,8.278171,0.27278748,0.000731528895391368,0.3774689100219459,0.03295263
HOBBIES_2_079,HOBBIES_2,1145,432,703.0,0.6139738,10,120,3,2.236428,0.2511604,0.0017467248908296944,0.377292576419214,0.11230427
HOBBIES_1_136,HOBBIES_1,722,272,407.0,0.5637119,10,74,1,4.88,0.0,0.0,0.3767313019390582,0.0
HOUSEHOLD_1_189,HOUSEHOLD_1,1324,498,1734.0,1.3096677,10,134,5,5.2937083,0.27835625,0.10876132930513595,0.37613293051359514,0.05258247
HOUSEHOLD_2_331,HOUSEHOLD_2,354,133,226.0,0.6384181,9,50,1,3.97,0.0,0.0,0.3757062146892655,0.0
FOODS_3_736,FOODS_3,1327,498,2281.0,1.7189149,10,139,3,1.897061,0.11410396,0.10097965335342879,0.3752825923134891,0.060147755
HOUSEHOLD_2_458,HOUSEHOLD_2,869,325,623.0,0.716916,10,92,2,3.9275951,0.31801274,0.014959723820483314,0.3739930955120829,0.08096882
FOODS_2_221,FOODS_2,956,357,3517.0,3.6788702,7,139,5,1.1403139,0.146758,0.06903765690376569,0.37343096234309625,0.12869966
FOODS_3_640,FOODS_3,207,77,319.0,1.5410628,9,24,2,1.4993236,0.0097306715,0.0,0.3719806763285024,0.006490041
HOUSEHOLD_2_230,HOUSEHOLD_2,320,119,288.0,0.9,9,89,1,2.48,0.0,0.0,0.371875,0.0
HOUSEHOLD_1_448,HOUSEHOLD_1,238,88,2300.0,9.663865,7,40,1,0.98,0.0,0.0,0.3697478991596639,0.0
HOBBIES_2_057,HOBBIES_2,1378,509,1310.0,0.95065314,10,139,2,1.982482,0.048397064,0.018867924528301886,0.36937590711175616,0.02441236
HOBBIES_2_014,HOBBIES_2,149,55,79.0,0.5302013,9,23,1,0.96999997,0.0,0.0,0.3691275167785235,0.0
HOUSEHOLD_1_297,HOUSEHOLD_1,1299,475,1467.0,1.1293303,10,139,3,8.082017,0.6619359,0.100846805234796,0.36566589684372597,0.08190232
HOUSEHOLD_1_063,HOUSEHOLD_1,1326,484,3271.0,2.4668174,10,133,5,10.492444,1.3017722,0.021116138763197588,0.3650075414781297,0.12406759
FOODS_2_318,FOODS_2,943,343,7149.0,7.5811243,9,139,4,4.987137,0.082507655,0.13361611876988336,0.3637327677624602,0.016544092
HOUSEHOLD_1_533,HOUSEHOLD_1,1007,366,1844.0,1.8311818,10,103,7,4.892999,0.18245874,0.004965243296921549,0.3634558093346574,0.037289757
HOBBIES_2_047,HOBBIES_2,211,76,115.0,0.5450237,10,24,1,0.57,0.0,0.0,0.36018957345971564,0.0
HOUSEHOLD_1_497,HOUSEHOLD_1,599,215,1943.0,3.2437396,10,61,4,15.316411,0.33439854,0.00333889816360601,0.3589315525876461,0.021832695
HOUSEHOLD_2_083,HOUSEHOLD_2,1332,478,1348.0,1.012012,10,139,4,9.928093,0.21633744,0.0007507507507507507,0.3588588588588589,0.021790434
HOUSEHOLD_2_026,HOUSEHOLD_2,1094,391,551.0,0.5036563,10,116,1,3.9700003,0.0,0.0,0.35740402193784276,0.0
HOBBIES_2_106,HOBBIES_2,143,51,80.0,0.55944055,8,22,1,0.97,0.0,0.0,0.35664335664335667,0.0
FOODS_2_254,FOODS_2,671,239,691.0,1.0298063,9,82,3,6.2668853,0.1426016,0.00894187779433681,0.3561847988077496,0.02275478
HOBBIES_2_037,HOBBIES_2,631,224,346.0,0.54833597,10,77,2,0.95573694,0.03499734,0.0,0.3549920760697306,0.036618173
HOUSEHOLD_2_227,HOUSEHOLD_2,1353,480,1010.0,0.7464893,10,139,6,3.9915817,0.37695077,0.1648189209164819,0.35476718403547675,0.094436444
HOUSEHOLD_2_116,HOUSEHOLD_2,1235,436,1153.0,0.9336032,10,130,2,5.664899,0.011274695,0.0,0.35303643724696354,0.0019902731
HOBBIES_1_212,HOBBIES_1,966,339,440.0,0.45548654,10,137,4,7.4628153,0.13777183,0.002070393374741201,0.35093167701863354,0.018461106
HOUSEHOLD_2_034,HOUSEHOLD_2,1372,480,730.0,0.53207,10,139,4,11.059359,0.668185,0.10422740524781342,0.3498542274052478,0.060418062
HOUSEHOLD_2_149,HOUSEHOLD_2,901,315,490.0,0.54384017,10,100,2,3.9667704,0.19822519,0.004439511653718091,0.34961154273029965,0.049971428
HOUSEHOLD_2_358,HOUSEHOLD_2,124,43,51.0,0.41129032,10,19,2,4.8504834,0.5321697,0.04838709677419355,0.3467741935483871,0.10971478
HOBBIES_1_193,HOBBIES_1,1389,480,1597.0,1.149748,10,139,6,8.458884,0.38115558,0.0,0.34557235421166305,0.045059793
HOUSEHOLD_1_119,HOUSEHOLD_1,1287,444,7559.0,5.8733487,10,129,4,3.505144,0.29429147,0.03263403263403263,0.34498834498834496,0.083959885
HOBBIES_2_045,HOBBIES_2,341,117,191.0,0.5601173,9,64,1,2.97,0.0,0.0,0.34310850439882695,0.0
FOODS_3_713,FOODS_3,706,242,1209.0,1.7124646,10,73,4,3.7668839,0.077964745,0.021246458923512748,0.34277620396600567,0.020697411
FOODS_1_107,FOODS_1,1346,461,1134.0,0.8424963,10,139,15,6.3585887,1.0002725,0.0014858841010401188,0.3424962852897474,0.15731046
HOUSEHOLD_2_134,HOUSEHOLD_2,1383,473,656.0,0.47433117,10,139,1,5.9400005,0.0,0.0,0.3420101229211858,0.0
HOUSEHOLD_2_456,HOUSEHOLD_2,1343,458,756.0,0.56291884,10,139,4,8.588801,0.21869852,0.058823529411764705,0.34102755026061055,0.025463218
HOUSEHOLD_2_094,HOUSEHOLD_2,1370,465,649.0,0.47372264,10,139,2,5.937489,0.092939034,0.00072992700729927,0.33941605839416056,0.01565292
HOUSEHOLD_2_086,HOUSEHOLD_2,845,286,364.0,0.43076923,10,90,1,3.9699998,0.0,0.0,0.3384615384615385,0.0
HOUSEHOLD_2_138,HOUSEHOLD_2,1369,462,708.0,0.51716584,10,139,3,5.820789,0.22018482,0.0,0.337472607742878,0.037827317
FOODS_3_396,FOODS_3,511,172,422.0,0.8258317,10,54,3,10.925205,0.23625241,0.0273972602739726,0.33659491193737767,0.021624528
FOODS_3_173,FOODS_3,529,178,557.0,1.05293,10,54,5,10.8798485,0.42066494,0.030245746691871456,0.33648393194706994,0.038664594
HOUSEHOLD_1_435,HOUSEHOLD_1,113,38,98.0,0.86725664,3,38,2,8.339911,0.21734405,0.26548672566371684,0.336283185840708,0.026060713
HOUSEHOLD_1_284,HOUSEHOLD_1,60,20,95.0,1.5833334,6,11,1,4.97,0.0,0.0,0.3333333333333333,0.0
HOUSEHOLD_2_318,HOUSEHOLD_2,159,53,81.0,0.509434,6,42,1,3.9699998,0.0,0.0,0.3333333333333333,0.0
HOBBIES_1_158,HOBBIES_1,12,4,5.0,0.41666666,1,12,1,22.980001,0.0,0.0,0.3333333333333333,0.0
HOUSEHOLD_2_161,HOUSEHOLD_2,600,199,269.0,0.44833332,10,66,2,10.8904,0.68531644,0.008333333333333333,0.33166666666666667,0.06292849
FOODS_3_496,FOODS_3,1028,333,4843.0,4.7110896,10,114,2,4.0085993,0.08814431,0.02529182879377432,0.3239299610894942,0.021988805
HOBBIES_1_285,HOBBIES_1,828,267,442.0,0.5338164,10,84,1,10.879999,0.0,0.0,0.322463768115942,0.0
HOUSEHOLD_2_211,HOUSEHOLD_2,1376,439,632.0,0.45930234,10,139,3,19.97093,0.42540863,0.005087209302325582,0.3190406976744186,0.021301392
FOODS_2_259,FOODS_2,160,51,115.0,0.71875,7,24,1,3.67,0.0,0.0,0.31875,0.0
HOUSEHOLD_2_306,HOUSEHOLD_2,1246,397,759.0,0.6091493,10,138,4,5.3611956,0.3853569,0.1926163723916533,0.3186195826645265,0.07187891
FOODS_3_143,FOODS_3,85,27,132.0,1.5529412,10,19,3,2.3951766,0.06306857,0.0,0.3176470588235294,0.02633149
FOODS_2_226,FOODS_2,395,125,250.0,0.6329114,8,56,5,6.9678483,0.52346957,0.06329113924050633,0.31645569620253167,0.07512643
HOUSEHOLD_2_162,HOUSEHOLD_2,1197,377,1086.0,0.90726817,10,122,2,3.9694989,0.012257657,0.001670843776106934,0.31495405179615704,0.0030879609
HOUSEHOLD_2_278,HOUSEHOLD_2,1373,428,617.0,0.4493809,10,139,4,10.958398,0.4938007,0.00873998543335761,0.3117261471230881,0.045061395
HOUSEHOLD_2_018,HOUSEHOLD_2,1373,428,597.0,0.43481427,10,139,4,7.8812094,0.40376797,0.013109978150036417,0.3117261471230881,0.051231727
FOODS_1_126,FOODS_1,812,250,822.0,1.0123153,10,82,6,2.552968,0.4618223,0.05172413793103448,0.3078817733990148,0.18089624
HOBBIES_1_052,HOBBIES_1,797,243,310.0,0.3889586,10,86,2,5.8774905,0.050062537,0.0,0.30489335006273527,0.008517672
FOODS_1_079,FOODS_1,908,276,690.0,0.7599119,8,139,11,6.599273,1.0916907,0.0,0.3039647577092511,0.1654259
FOODS_3_806,FOODS_3,86,26,197.0,2.2906976,9,20,3,2.3437212,0.15371515,0.12790697674418605,0.3023255813953488,0.06558593
HOUSEHOLD_2_042,HOUSEHOLD_2,1383,416,594.0,0.4295011,10,139,4,4.287361,0.068887465,0.012292118582791034,0.3007953723788865,0.016067568
HOBBIES_2_099,HOBBIES_2,183,55,80.0,0.43715847,9,25,1,0.97,0.0,0.0,0.3005464480874317,0.0
HOBBIES_1_217,HOBBIES_1,1270,380,573.0,0.4511811,10,132,1,3.47,0.0,0.0,0.2992125984251969,0.0
HOUSEHOLD_2_147,HOUSEHOLD_2,1357,403,565.0,0.4163596,10,139,2,3.9684672,0.056464233,0.0007369196757553427,0.2969786293294031,0.014228222
HOUSEHOLD_2_429,HOUSEHOLD_2,1354,398,624.0,0.46085674,10,139,2,6.124254,0.2561173,0.09601181683899557,0.29394387001477107,0.041820165
HOBBIES_1_263,HOBBIES_1,1323,388,717.0,0.5419501,10,139,2,4.9669538,0.11079626,0.0007558578987150416,0.29327286470143615,0.022306683
FOODS_3_444,FOODS_3,820,240,25644.0,31.27317,10,82,2,6.478171,0.03020597,0.003658536585365854,0.2926829268292683,0.004662731
HOBBIES_2_134,HOBBIES_2,1272,371,495.0,0.38915095,10,134,2,6.9676414,0.08411582,0.0,0.2916666666666667,0.012072352
FOODS_2_165,FOODS_2,121,35,243.0,2.0082645,8,17,2,3.9552069,0.10899617,0.049586776859504134,0.2892561983471074,0.02755764
HOBBIES_1_181,HOBBIES_1,516,149,173.0,0.33527133,10,83,3,1.9342442,0.18826653,0.03488372093023256,0.28875968992248063,0.09733339
HOUSEHOLD_2_202,HOUSEHOLD_2,1213,350,525.0,0.4328112,10,139,3,8.57141,0.20712492,0.02225886232481451,0.2885408079142622,0.024164626
FOODS_1_022,FOODS_1,304,87,296.0,0.9736842,10,70,7,5.3645067,0.5553815,0.15789473684210525,0.28618421052631576,0.1035289
FOODS_2_395,FOODS_2,110,31,121.0,1.1,8,16,2,3.9709089,0.06711001,0.00909090909090909,0.2818181818181818,0.016900415
HOUSEHOLD_2_303,HOUSEHOLD_2,221,61,178.0,0.8054299,9,26,3,7.603122,0.21282457,0.09049773755656108,0.27601809954751133,0.027991733
HOBBIES_2_143,HOBBIES_2,1244,340,827.0,0.664791,10,139,7,1.0848955,0.13232218,0.1422829581993569,0.2733118971061093,0.12196767
FOODS_1_059,FOODS_1,343,92,805.0,2.3469388,10,126,8,5.6987753,0.64026004,0.18658892128279883,0.26822157434402333,0.112350464
HOUSEHOLD_2_502,HOUSEHOLD_2,1274,339,563.0,0.4419152,10,139,6,8.514365,0.5016665,0.038461538461538464,0.26609105180533754,0.05892001
HOBBIES_2_149,HOBBIES_2,178,46,60.0,0.33707866,10,22,1,2.47,0.0,0.0,0.25842696629213485,0.0
HOUSEHOLD_2_097,HOUSEHOLD_2,1365,350,452.0,0.33113554,10,139,2,5.478535,0.038263917,0.0014652014652014652,0.2564102564102564,0.0069843335
HOUSEHOLD_2_087,HOUSEHOLD_2,1341,343,450.0,0.33557048,10,139,2,7.9332886,0.08167828,0.006711409395973154,0.255779269202088,0.01029564
FOODS_1_148,FOODS_1,401,101,372.0,0.9276808,10,70,9,5.2415214,0.4629172,0.19950124688279303,0.2518703241895262,0.088317335
FOODS_3_114,FOODS_3,438,109,638.0,1.456621,6,74,2,2.6357079,0.08314103,0.14840182648401826,0.24885844748858446,0.0315441
HOUSEHOLD_2_073,HOUSEHOLD_2,853,212,270.0,0.3165299,10,88,2,19.965263,0.09775445,0.0,0.2485345838218054,0.0048962263
HOBBIES_1_018,HOBBIES_1,806,193,285.0,0.35359803,10,83,2,11.7733,0.4497395,0.016129032258064516,0.23945409429280398,0.03819995
FOODS_1_171,FOODS_1,467,111,503.0,1.0770878,10,126,9,6.35045,1.0233506,0.14989293361884368,0.23768736616702354,0.16114615
HOUSEHOLD_2_412,HOUSEHOLD_2,1376,325,443.0,0.32194766,10,139,2,6.1460323,0.26240832,0.09447674418604651,0.23619186046511628,0.042695563
HOBBIES_1_375,HOBBIES_1,827,194,305.0,0.3688029,10,84,3,9.875163,0.10992322,0.0024183796856106408,0.23458282950423218,0.011131282
HOUSEHOLD_2_392,HOUSEHOLD_2,1046,245,305.0,0.291587,10,112,1,4.97,0.0,0.0,0.23422562141491396,0.0
FOODS_1_084,FOODS_1,1206,277,492.0,0.4079602,9,139,14,6.390066,1.0581537,0.01077943615257048,0.2296849087893864,0.16559355
HOBBIES_1_054,HOBBIES_1,379,87,120.0,0.3166227,10,48,1,2.97,0.0,0.0,0.22955145118733508,0.0
HOBBIES_1_261,HOBBIES_1,841,191,4410.0,5.2437572,10,139,4,0.47133178,0.039813682,0.1070154577883472,0.22711058263971462,0.08447061
HOUSEHOLD_1_430,HOUSEHOLD_1,980,218,6091.0,6.2153063,9,114,2,0.9492143,0.013846355,0.0,0.22244897959183674,0.014587175
HOBBIES_2_081,HOBBIES_2,207,46,76.0,0.36714977,9,26,2,2.480145,0.05435837,0.12077294685990338,0.2222222222222222,0.021917416
FOODS_1_098,FOODS_1,460,102,226.0,0.49130434,10,55,9,6.2582173,1.0475962,0.25,0.2217391304347826,0.16739531
FOODS_2_280,FOODS_2,1019,220,434.0,0.42590776,9,139,5,3.5364182,0.25882617,0.02649656526005888,0.21589793915603533,0.07318879
FOODS_2_227,FOODS_2,186,40,235.0,1.2634408,9,26,3,4.17371,0.344543,0.03763440860215054,0.21505376344086022,0.08255078
HOBBIES_2_114,HOBBIES_2,234,50,90.0,0.3846154,10,26,2,2.52,0.112043045,0.20085470085470086,0.21367521367521367,0.044461526
FOODS_1_147,FOODS_1,515,107,506.0,0.9825243,10,100,11,5.2615924,0.5967622,0.16116504854368932,0.20776699029126214,0.11341855
HOBBIES_2_027,HOBBIES_2,179,36,61.0,0.34078214,8,27,2,2.4767041,0.044466577,0.12290502793296089,0.2011173184357542,0.017953932
FOODS_1_193,FOODS_1,470,94,623.0,1.325532,10,126,9,5.8461275,0.770399,0.19361702127659575,0.2,0.13177937
FOODS_3_693,FOODS_3,57,11,37.0,0.64912283,2,40,2,3.6905262,0.13846634,0.0,0.19298245614035087,0.037519403
HOBBIES_2_094,HOBBIES_2,212,40,54.0,0.254717,10,26,2,2.47283,0.02906944,0.05188679245283019,0.18867924528301888,0.011755535
HOUSEHOLD_1_233,HOUSEHOLD_1,625,117,1351.0,2.1616,10,63,3,11.888752,0.26246983,0.0208,0.1872,0.022077156
HOUSEHOLD_2_245,HOUSEHOLD_2,266,49,100.0,0.37593985,10,34,1,1.97,0.0,0.0,0.18421052631578946,0.0
HOBBIES_2_119,HOBBIES_2,1236,193,221.0,0.1788026,10,133,4,3.3443043,0.26192728,0.10355987055016182,0.15614886731391586,0.07832041
FOODS_2_140,FOODS_2,538,84,528.0,0.98141265,8,82,3,10.864758,0.42905426,0.040892193308550186,0.15613382899628253,0.039490458
HOBBIES_2_015,HOBBIES_2,160,24,38.0,0.2375,8,26,1,3.47,0.0,0.0,0.15,0.0
HOUSEHOLD_2_314,HOUSEHOLD_2,674,83,291.0,0.43175074,10,74,1,1.97,0.0,0.0,0.12314540059347182,0.0
HOUSEHOLD_1_064,HOUSEHOLD_1,701,85,162.0,0.23109843,10,89,1,5.78,0.0,0.0,0.12125534950071326,0.0
HOBBIES_2_077,HOBBIES_2,168,17,24.0,0.14285715,8,24,1,9.97,0.0,0.0,0.10119047619047619,0.0
HOBBIES_2_031,HOBBIES_2,99,10,14.0,0.14141414,2,60,2,6.9558587,0.14070526,0.010101010101010102,0.10101010101010101,0.02022831
HOBBIES_1_311,HOBBIES_1,1245,92,264.0,0.21204819,9,139,3,15.2375345,1.1157191,0.0,0.07389558232931727,0.07322176
HOUSEHOLD_1_512,HOUSEHOLD_1,379,19,54.0,0.14248021,3,139,1,1.87,0.0,0.0,0.05013192612137203,0.0
HOUSEHOLD_1_317,HOUSEHOLD_1,32,1,1.0,0.03125,1,32,1,1.34,0.0,0.0,0.03125,0.0
HOBBIES_2_058,HOBBIES_2,139,0,0.0,0.0,1,139,1,0.47,0.0,0.0,0.0,0.0
